men,1967,1,Continental Final,235973,Tuesday 17/01/1967,,41118,19670117,uru,Uruguay,/world-match-centre/teams/country=uru/index.html,bol,Bolivia,/world-match-centre/teams/country=bol/index.html,4-0,"Estadio Centenario - Montevideo , Uruguay"
men,1967,1,Continental Final,235973,Wednesday 18/01/1967,,41119,19670118,arg,Argentina,/world-match-centre/teams/country=arg/index.html,par,Paraguay,/world-match-centre/teams/country=par/index.html,4-1,"Estadio Centenario - Montevideo , Uruguay"
men,1967,1,Continental Final,235973,Wednesday 18/01/1967,,41120,19670118,chi,Chile,/world-match-centre/teams/country=chi/index.html,ven,Venezuela,/world-match-centre/teams/country=ven/index.html,2-0,"Estadio Centenario - Montevideo , Uruguay"
men,1967,1,Continental Final,235973,Saturday 21/01/1967,,41121,19670121,uru,Uruguay,/world-match-centre/teams/country=uru/index.html,ven,Venezuela,/world-match-centre/teams/country=ven/index.html,4-0,"Estadio Centenario - Montevideo , Uruguay"
men,1967,1,Continental Final,235973,Sunday 22/01/1967,,41122,19670122,arg,Argentina,/world-match-centre/teams/country=arg/index.html,bol,Bolivia,/world-match-centre/teams/country=bol/index.html,1-0,"Estadio Centenario - Montevideo , Uruguay"
men,1967,1,Continental Final,235973,Sunday 22/01/1967,,41123,19670122,chi,Chile,/world-match-centre/teams/country=chi/index.html,par,Paraguay,/world-match-centre/teams/country=par/index.html,4-2,"Estadio Centenario - Montevideo , Uruguay"
men,1967,1,Continental Final,235973,Wednesday 25/01/1967,,41124,19670125,arg,Argentina,/world-match-centre/teams/country=arg/index.html,ven,Venezuela,/world-match-centre/teams/country=ven/index.html,5-1,"Estadio Centenario - Montevideo , Uruguay"
men,1967,1,Continental Final,235973,Wednesday 25/01/1967,,41125,19670125,par,Paraguay,/world-match-centre/teams/country=par/index.html,bol,Bolivia,/world-match-centre/teams/country=bol/index.html,1-0,"Estadio Centenario - Montevideo , Uruguay"
men,1967,1,Continental Final,235973,Thursday 26/01/1967,,41126,19670126,uru,Uruguay,/world-match-centre/teams/country=uru/index.html,chi,Chile,/world-match-centre/teams/country=chi/index.html,2-2,"Estadio Centenario - Montevideo , Uruguay"
men,1967,1,Continental Final,235973,Saturday 28/01/1967,,41127,19670128,arg,Argentina,/world-match-centre/teams/country=arg/index.html,chi,Chile,/world-match-centre/teams/country=chi/index.html,2-0,"Estadio Centenario - Montevideo , Uruguay"
men,1967,1,Continental Final,235973,Saturday 28/01/1967,,41128,19670128,ven,Venezuela,/world-match-centre/teams/country=ven/index.html,bol,Bolivia,/world-match-centre/teams/country=bol/index.html,3-0,"Estadio Centenario - Montevideo , Uruguay"
men,1967,1,Continental Final,235973,Sunday 29/01/1967,,41129,19670129,uru,Uruguay,/world-match-centre/teams/country=uru/index.html,par,Paraguay,/world-match-centre/teams/country=par/index.html,2-0,"Estadio Centenario - Montevideo , Uruguay"
men,1967,1,Continental Qualifier,236547,Wednesday 11/01/1967,Caribbean,42385,19670111,hai,Haiti,/world-match-centre/teams/country=hai/index.html,tri,Trinidad and Tobago,/world-match-centre/teams/country=tri/index.html,4-2,"KINGSTON - Kingston , Jamaica"
men,1967,1,Continental Qualifier,236547,Wednesday 11/01/1967,Caribbean,42388,19670111,jam,Jamaica,/world-match-centre/teams/country=jam/index.html,ant,Netherlands Antilles,/world-match-centre/teams/country=ant/index.html,1-1,"KINGSTON - Kingston , Jamaica"
men,1967,1,Continental Qualifier,236547,Saturday 14/01/1967,Caribbean,42389,19670114,jam,Jamaica,/world-match-centre/teams/country=jam/index.html,cub,Cuba,/world-match-centre/teams/country=cub/index.html,2-1,"KINGSTON - Kingston , Jamaica"
men,1967,1,Continental Qualifier,236547,Saturday 14/01/1967,Caribbean,42384,19670114,hai,Haiti,/world-match-centre/teams/country=hai/index.html,ant,Netherlands Antilles,/world-match-centre/teams/country=ant/index.html,1-0,"KINGSTON - Kingston , Jamaica"
men,1967,1,Continental Qualifier,236547,Wednesday 18/01/1967,Caribbean,42390,19670118,jam,Jamaica,/world-match-centre/teams/country=jam/index.html,tri,Trinidad and Tobago,/world-match-centre/teams/country=tri/index.html,1-1,"KINGSTON - Kingston , Jamaica"
men,1967,1,Continental Qualifier,236547,Wednesday 18/01/1967,Caribbean,42383,19670118,hai,Haiti,/world-match-centre/teams/country=hai/index.html,cub,Cuba,/world-match-centre/teams/country=cub/index.html,1-1,"KINGSTON - Kingston , Jamaica"
men,1967,1,Continental Qualifier,236547,Saturday 21/01/1967,Caribbean,42386,19670121,tri,Trinidad and Tobago,/world-match-centre/teams/country=tri/index.html,cub,Cuba,/world-match-centre/teams/country=cub/index.html,2-1,"KINGSTON - Kingston , Jamaica"
men,1967,1,Continental Qualifier,236547,Saturday 21/01/1967,Caribbean,42391,19670121,jam,Jamaica,/world-match-centre/teams/country=jam/index.html,hai,Haiti,/world-match-centre/teams/country=hai/index.html,0-1,"KINGSTON - Kingston , Jamaica"
men,1967,1,Continental Qualifier,236547,Tuesday 24/01/1967,Caribbean,42387,19670124,tri,Trinidad and Tobago,/world-match-centre/teams/country=tri/index.html,ant,Netherlands Antilles,/world-match-centre/teams/country=ant/index.html,2-0,"KINGSTON - Kingston , Jamaica"
men,1967,1,Continental Qualifier,236547,Thursday 26/01/1967,Caribbean,42382,19670126,cub,Cuba,/world-match-centre/teams/country=cub/index.html,ant,Netherlands Antilles,/world-match-centre/teams/country=ant/index.html,1-3,"KINGSTON - Kingston , Jamaica"
men,1967,1,Friendly,2000010101,Wednesday 04/01/1967,"",47953,19670104,uru,Uruguay,/world-match-centre/teams/country=uru/index.html,rou,Romania,/world-match-centre/teams/country=rou/index.html,1-1,"MONTEVIDEO - Montevideo , Uruguay"
men,1967,1,Friendly,2000010101,Thursday 05/01/1967,"",47952,19670105,mex,Mexico,/world-match-centre/teams/country=mex/index.html,sui,Switzerland,/world-match-centre/teams/country=sui/index.html,3-0,"MEXICO CITY - Mexico City , Mexico"
men,1967,1,Friendly,2000010101,Sunday 22/01/1967,"",47951,19670122,tun,Tunisia,/world-match-centre/teams/country=tun/index.html,tur,Turkey,/world-match-centre/teams/country=tur/index.html,0-0,"TUNIS - Tunis , Tunisia"
men,1967,1,Friendly,2000010101,Saturday 28/01/1967,"",47950,19670128,nga,Nigeria,/world-match-centre/teams/country=nga/index.html,gha,Ghana,/world-match-centre/teams/country=gha/index.html,2-2,"LAGOS - Lagos , Nigeria"
men,1967,2,Continental Qualifier,3127,Wednesday 01/02/1967,Group 1,9525,19670201,tur,Turkey,/world-match-centre/teams/country=tur/index.html,esp,Spain,/world-match-centre/teams/country=esp/index.html,0-0,"ISTANBUL - Istanbul , Turkey"
men,1967,2,Continental Qualifier,3127,Wednesday 22/02/1967,Group 1,9526,19670222,tur,Turkey,/world-match-centre/teams/country=tur/index.html,irl,Republic of Ireland,/world-match-centre/teams/country=irl/index.html,2-1,"ANKARA - Ankara , Turkey"
men,1967,2,Continental Final,235973,Wednesday 01/02/1967,,41130,19670201,bol,Bolivia,/world-match-centre/teams/country=bol/index.html,chi,Chile,/world-match-centre/teams/country=chi/index.html,0-0,"Estadio Centenario - Montevideo , Uruguay"
men,1967,2,Continental Final,235973,Wednesday 01/02/1967,,41131,19670201,par,Paraguay,/world-match-centre/teams/country=par/index.html,ven,Venezuela,/world-match-centre/teams/country=ven/index.html,5-3,"Estadio Centenario - Montevideo , Uruguay"
men,1967,2,Continental Final,235973,Thursday 02/02/1967,,41132,19670202,uru,Uruguay,/world-match-centre/teams/country=uru/index.html,arg,Argentina,/world-match-centre/teams/country=arg/index.html,1-0,"Estadio Centenario - Montevideo , Uruguay"
men,1967,2,Continental Qualifier,236456,Sunday 05/02/1967,Group 2,42118,19670205,alg,Algeria,/world-match-centre/teams/country=alg/index.html,mli,Mali,/world-match-centre/teams/country=mli/index.html,1-0,"BAMAKO - Bamako , Mali"
men,1967,2,Continental Qualifier,236456,Sunday 05/02/1967,Group 5,42138,19670205,tun,Tunisia,/world-match-centre/teams/country=tun/index.html,cmr,Cameroon,/world-match-centre/teams/country=cmr/index.html,4-0,"TUNIS - Tunis , Tunisia"
men,1967,2,Continental Qualifier,236456,Sunday 12/02/1967,Group 2,42119,19670212,"",Upper Volta,/world-match-centre/teams/country=/index.html,alg,Algeria,/world-match-centre/teams/country=alg/index.html,1-2,"OUAGADOUGOU - Ouagadougou , Burkina Faso"
men,1967,2,Continental Qualifier,236456,Sunday 19/02/1967,Group 5,42137,19670219,tun,Tunisia,/world-match-centre/teams/country=tun/index.html,cgo,Congo,/world-match-centre/teams/country=cgo/index.html,1-1,"TUNIS - Tunis , Tunisia"
men,1967,2,Continental Qualifier,236547,Monday 13/02/1967,Central America,42379,19670213,gua,Guatemala,/world-match-centre/teams/country=gua/index.html,pan,Panama,/world-match-centre/teams/country=pan/index.html,3-1,"GUATEMALA CITY - Guatemala City , Guatemala"
men,1967,2,Continental Qualifier,236547,Wednesday 15/02/1967,Central America,42380,19670215,gua,Guatemala,/world-match-centre/teams/country=gua/index.html,nca,Nicaragua,/world-match-centre/teams/country=nca/index.html,3-1,"GUATEMALA CITY - Guatemala City , Guatemala"
men,1967,2,Continental Qualifier,236547,Friday 17/02/1967,Central America,42381,19670217,pan,Panama,/world-match-centre/teams/country=pan/index.html,nca,Nicaragua,/world-match-centre/teams/country=nca/index.html,1-3,"GUATEMALA CITY - Guatemala City , Guatemala"
men,1967,2,Friendly,2000010101,Sunday 12/02/1967,"",47949,19670212,gha,Ghana,/world-match-centre/teams/country=gha/index.html,nga,Nigeria,/world-match-centre/teams/country=nga/index.html,2-0,"ACCRA - Accra , Ghana"
men,1967,2,Friendly,2000010101,Wednesday 15/02/1967,"",47948,19670215,gre,Greece,/world-match-centre/teams/country=gre/index.html,lby,Libya,/world-match-centre/teams/country=lby/index.html,4-0,"ATHENS - Athens , Greece"
men,1967,2,Friendly,2000010101,Wednesday 22/02/1967,"",47947,19670222,frg,Germany FR,/world-match-centre/teams/country=frg/index.html,mar,Morocco,/world-match-centre/teams/country=mar/index.html,5-1,Wildparkstadion - Karlsruhe
men,1967,3,Continental Qualifier,3127,Sunday 19/03/1967,Group 7,9592,19670319,lux,Luxembourg,/world-match-centre/teams/country=lux/index.html,bel,Belgium,/world-match-centre/teams/country=bel/index.html,0-5,"LUXEMBOURG - Luxembourg , Luxembourg"
men,1967,3,Continental Qualifier,3127,Wednesday 22/03/1967,Group 6,9579,19670322,cyp,Cyprus,/world-match-centre/teams/country=cyp/index.html,ita,Italy,/world-match-centre/teams/country=ita/index.html,0-2,"NICOSIA - Nicosia , Cyprus"
men,1967,3,Continental Final,236328,Sunday 05/03/1967,,41907,19670305,hon,Honduras,/world-match-centre/teams/country=hon/index.html,tri,Trinidad and Tobago,/world-match-centre/teams/country=tri/index.html,1-0,"TEGUCIGALPA - Tegucigalpa , Honduras"
men,1967,3,Continental Final,236328,Monday 06/03/1967,,41897,19670306,mex,Mexico,/world-match-centre/teams/country=mex/index.html,nca,Nicaragua,/world-match-centre/teams/country=nca/index.html,4-0,"TEGUCIGALPA - Tegucigalpa , Honduras"
men,1967,3,Continental Final,236328,Monday 06/03/1967,,41902,19670306,gua,Guatemala,/world-match-centre/teams/country=gua/index.html,hai,Haiti,/world-match-centre/teams/country=hai/index.html,2-1,"TEGUCIGALPA - Tegucigalpa , Honduras"
men,1967,3,Continental Final,236328,Wednesday 08/03/1967,,41903,19670308,hon,Honduras,/world-match-centre/teams/country=hon/index.html,nca,Nicaragua,/world-match-centre/teams/country=nca/index.html,1-1,"TEGUCIGALPA - Tegucigalpa , Honduras"
men,1967,3,Continental Final,236328,Wednesday 08/03/1967,,41898,19670308,tri,Trinidad and Tobago,/world-match-centre/teams/country=tri/index.html,hai,Haiti,/world-match-centre/teams/country=hai/index.html,3-2,"TEGUCIGALPA - Tegucigalpa , Honduras"
men,1967,3,Continental Final,236328,Friday 10/03/1967,,41908,19670310,hai,Haiti,/world-match-centre/teams/country=hai/index.html,nca,Nicaragua,/world-match-centre/teams/country=nca/index.html,2-1,"TEGUCIGALPA - Tegucigalpa , Honduras"
men,1967,3,Continental Final,236328,Friday 10/03/1967,,41901,19670310,gua,Guatemala,/world-match-centre/teams/country=gua/index.html,mex,Mexico,/world-match-centre/teams/country=mex/index.html,1-0,"TEGUCIGALPA - Tegucigalpa , Honduras"
men,1967,3,Continental Final,236328,Sunday 12/03/1967,,41896,19670312,hon,Honduras,/world-match-centre/teams/country=hon/index.html,gua,Guatemala,/world-match-centre/teams/country=gua/index.html,0-0,"TEGUCIGALPA - Tegucigalpa , Honduras"
men,1967,3,Continental Final,236328,Sunday 12/03/1967,,41904,19670312,mex,Mexico,/world-match-centre/teams/country=mex/index.html,tri,Trinidad and Tobago,/world-match-centre/teams/country=tri/index.html,4-0,"TEGUCIGALPA - Tegucigalpa , Honduras"
men,1967,3,Continental Final,236328,Tuesday 14/03/1967,,41905,19670314,mex,Mexico,/world-match-centre/teams/country=mex/index.html,hai,Haiti,/world-match-centre/teams/country=hai/index.html,1-0,"TEGUCIGALPA - Tegucigalpa , Honduras"
men,1967,3,Continental Final,236328,Tuesday 14/03/1967,,41909,19670314,gua,Guatemala,/world-match-centre/teams/country=gua/index.html,tri,Trinidad and Tobago,/world-match-centre/teams/country=tri/index.html,2-0,"TEGUCIGALPA - Tegucigalpa , Honduras"
men,1967,3,Continental Final,236328,Thursday 16/03/1967,,41899,19670316,hon,Honduras,/world-match-centre/teams/country=hon/index.html,hai,Haiti,/world-match-centre/teams/country=hai/index.html,2-0,"TEGUCIGALPA - Tegucigalpa , Honduras"
men,1967,3,Continental Final,236328,Thursday 16/03/1967,,41900,19670316,tri,Trinidad and Tobago,/world-match-centre/teams/country=tri/index.html,nca,Nicaragua,/world-match-centre/teams/country=nca/index.html,3-1,"TEGUCIGALPA - Tegucigalpa , Honduras"
men,1967,3,Continental Final,236328,Sunday 19/03/1967,,41906,19670319,gua,Guatemala,/world-match-centre/teams/country=gua/index.html,nca,Nicaragua,/world-match-centre/teams/country=nca/index.html,2-0,"TEGUCIGALPA - Tegucigalpa , Honduras"
men,1967,3,Continental Final,236328,Sunday 19/03/1967,,41910,19670319,hon,Honduras,/world-match-centre/teams/country=hon/index.html,mex,Mexico,/world-match-centre/teams/country=mex/index.html,0-1,"TEGUCIGALPA - Tegucigalpa , Honduras"
men,1967,3,Continental Qualifier,236371,Wednesday 22/03/1967,Group 2,41973,19670322,hkg,Hong Kong,/world-match-centre/teams/country=hkg/index.html,svm,South Vietnam,/world-match-centre/teams/country=svm/index.html,2-0,"HONG KONG - Hong Kong , Hong Kong"
men,1967,3,Continental Qualifier,236371,Friday 24/03/1967,Group 2,41972,19670324,tha,Thailand,/world-match-centre/teams/country=tha/index.html,svm,South Vietnam,/world-match-centre/teams/country=svm/index.html,0-1,"HONG KONG - Hong Kong , Hong Kong"
men,1967,3,Continental Qualifier,236371,Friday 24/03/1967,Group 2,41978,19670324,mas,Malaysia,/world-match-centre/teams/country=mas/index.html,sin,Singapore,/world-match-centre/teams/country=sin/index.html,1-1,"HONG KONG - Hong Kong , Hong Kong"
men,1967,3,Continental Qualifier,236371,Sunday 26/03/1967,Group 2,41971,19670326,hkg,Hong Kong,/world-match-centre/teams/country=hkg/index.html,mas,Malaysia,/world-match-centre/teams/country=mas/index.html,3-1,"HONG KONG - Hong Kong , Hong Kong"
men,1967,3,Continental Qualifier,236371,Sunday 26/03/1967,Group 2,41974,19670326,tha,Thailand,/world-match-centre/teams/country=tha/index.html,sin,Singapore,/world-match-centre/teams/country=sin/index.html,4-1,"HONG KONG - Hong Kong , Hong Kong"
men,1967,3,Continental Qualifier,236371,Wednesday 29/03/1967,Group 2,41979,19670329,hkg,Hong Kong,/world-match-centre/teams/country=hkg/index.html,sin,Singapore,/world-match-centre/teams/country=sin/index.html,2-0,"HONG KONG - Hong Kong , Hong Kong"
men,1967,3,Continental Qualifier,236371,Wednesday 29/03/1967,Group 2,41980,19670329,svm,South Vietnam,/world-match-centre/teams/country=svm/index.html,mas,Malaysia,/world-match-centre/teams/country=mas/index.html,0-2,"HONG KONG - Hong Kong , Hong Kong"
men,1967,3,Continental Qualifier,236371,Friday 31/03/1967,Group 2,41976,19670331,tha,Thailand,/world-match-centre/teams/country=tha/index.html,mas,Malaysia,/world-match-centre/teams/country=mas/index.html,1-0,"HONG KONG - Hong Kong , Hong Kong"
men,1967,3,Continental Qualifier,236456,Sunday 12/03/1967,Group 2,42121,19670312,mli,Mali,/world-match-centre/teams/country=mli/index.html,alg,Algeria,/world-match-centre/teams/country=alg/index.html,0-3,"BAMAKO - Bamako , Mali"
men,1967,3,Continental Qualifier,236456,Sunday 12/03/1967,Group 3,42128,19670312,nga,Nigeria,/world-match-centre/teams/country=nga/index.html,civ,C担te d'Ivoire,/world-match-centre/teams/country=civ/index.html,0-0,"LAGOS - Lagos , Portugal"
men,1967,3,Friendly,2000010101,Tuesday 07/03/1967,"",47946,19670307,lby,Libya,/world-match-centre/teams/country=lby/index.html,sdn,Sudan,/world-match-centre/teams/country=sdn/index.html,1-1,"TRIPOLI - Tripoli , Libya"
men,1967,3,Friendly,2000010101,Wednesday 08/03/1967,"",47945,19670308,gre,Greece,/world-match-centre/teams/country=gre/index.html,rou,Romania,/world-match-centre/teams/country=rou/index.html,1-2,"ATHENS - Athens , Greece"
men,1967,3,Friendly,2000010101,Friday 10/03/1967,"",47944,19670310,sdn,Sudan,/world-match-centre/teams/country=sdn/index.html,irq,Iraq,/world-match-centre/teams/country=irq/index.html,2-2,"TRIPOLI - Tripoli , Libya"
men,1967,3,Friendly,2000010101,Sunday 12/03/1967,"",47943,19670312,lby,Libya,/world-match-centre/teams/country=lby/index.html,irq,Iraq,/world-match-centre/teams/country=irq/index.html,0-1,"TRIPOLI - Tripoli , Libya"
men,1967,3,Friendly,2000010101,Wednesday 22/03/1967,"",47941,19670322,frg,Germany FR,/world-match-centre/teams/country=frg/index.html,bul,Bulgaria,/world-match-centre/teams/country=bul/index.html,1-0,HANOVER - Hanover
men,1967,3,Friendly,2000010101,Wednesday 22/03/1967,"",47942,19670322,fra,France,/world-match-centre/teams/country=fra/index.html,rou,Romania,/world-match-centre/teams/country=rou/index.html,1-2,"PARIS - Paris , France"
men,1967,3,Friendly,2000010101,Monday 27/03/1967,"",47940,19670327,ita,Italy,/world-match-centre/teams/country=ita/index.html,por,Portugal,/world-match-centre/teams/country=por/index.html,1-1,"ROME - Rome , Italy"
men,1967,4,Continental Qualifier,3127,Wednesday 05/04/1967,Group 5,9567,19670405,gdr,German DR,/world-match-centre/teams/country=gdr/index.html,ned,Netherlands,/world-match-centre/teams/country=ned/index.html,4-3,"Zentralstadion - Leipzig , Germany"
men,1967,4,Continental Qualifier,3127,Saturday 08/04/1967,Group 4,9558,19670408,frg,Germany FR,/world-match-centre/teams/country=frg/index.html,alb,Albania,/world-match-centre/teams/country=alb/index.html,6-0,"Westfalenstadion - Dortmund , Germany"
men,1967,4,Continental Qualifier,3127,Wednesday 12/04/1967,Group 8,9604,19670412,nir,Northern Ireland,/world-match-centre/teams/country=nir/index.html,wal,Wales,/world-match-centre/teams/country=wal/index.html,0-0,"BELFAST - Belfast , Northern Ireland"
men,1967,4,Continental Qualifier,3127,Saturday 15/04/1967,Group 8,9605,19670415,eng,England,/world-match-centre/teams/country=eng/index.html,sco,Scotland,/world-match-centre/teams/country=sco/index.html,2-3,"LONDON - London , England"
men,1967,4,Continental Qualifier,3127,Sunday 16/04/1967,Group 7,9593,19670416,lux,Luxembourg,/world-match-centre/teams/country=lux/index.html,pol,Poland,/world-match-centre/teams/country=pol/index.html,0-0,"LUXEMBOURG - Luxembourg , Luxembourg"
men,1967,4,Continental Qualifier,3127,Sunday 23/04/1967,Group 6,9580,19670423,rou,Romania,/world-match-centre/teams/country=rou/index.html,cyp,Cyprus,/world-match-centre/teams/country=cyp/index.html,7-0,"BUCHAREST - Bucharest , Romania"
men,1967,4,Continental Qualifier,236371,Sunday 02/04/1967,Group 2,41975,19670402,svm,South Vietnam,/world-match-centre/teams/country=svm/index.html,sin,Singapore,/world-match-centre/teams/country=sin/index.html,3-0,"HONG KONG - Hong Kong , Hong Kong"
men,1967,4,Continental Qualifier,236371,Sunday 02/04/1967,Group 2,41977,19670402,hkg,Hong Kong,/world-match-centre/teams/country=hkg/index.html,tha,Thailand,/world-match-centre/teams/country=tha/index.html,2-0,"HONG KONG - Hong Kong , Hong Kong"
men,1967,4,Continental Qualifier,236456,Sunday 02/04/1967,Group 3,42127,19670402,tog,Togo,/world-match-centre/teams/country=tog/index.html,nga,Nigeria,/world-match-centre/teams/country=nga/index.html,1-0,"LOME - Lome , Togo"
men,1967,4,Continental Qualifier,236456,Sunday 09/04/1967,Group 2,42120,19670409,alg,Algeria,/world-match-centre/teams/country=alg/index.html,"",Upper Volta,/world-match-centre/teams/country=/index.html,3-1,"ALGIERS - Algiers , Algeria"
men,1967,4,Continental Qualifier,236456,Saturday 15/04/1967,Group 3,42124,19670415,nga,Nigeria,/world-match-centre/teams/country=nga/index.html,tog,Togo,/world-match-centre/teams/country=tog/index.html,4-2,"LAGOS - Lagos , Portugal"
men,1967,4,Friendly,2000010101,Sunday 16/04/1967,"",47939,19670416,bel,Belgium,/world-match-centre/teams/country=bel/index.html,ned,Netherlands,/world-match-centre/teams/country=ned/index.html,1-0,"ANTWERP - Antwerp , Belgium"
men,1967,4,Friendly,2000010101,Sunday 23/04/1967,"",47938,19670423,hun,Hungary,/world-match-centre/teams/country=hun/index.html,yug,Yugoslavia,/world-match-centre/teams/country=yug/index.html,1-0,"BUDAPEST - Budapest , Bulgaria"
men,1967,5,Continental Qualifier,3127,Wednesday 03/05/1967,Group 4,9559,19670503,yug,Yugoslavia,/world-match-centre/teams/country=yug/index.html,frg,Germany FR,/world-match-centre/teams/country=frg/index.html,1-0,"BELGRADE - Belgrade , Serbia"
men,1967,5,Continental Qualifier,3127,Wednesday 10/05/1967,Group 3,9548,19670510,fin,Finland,/world-match-centre/teams/country=fin/index.html,gre,Greece,/world-match-centre/teams/country=gre/index.html,1-1,"HELSINKI - Helsinki , Finland"
men,1967,5,Continental Qualifier,3127,Wednesday 10/05/1967,Group 5,9568,19670510,hun,Hungary,/world-match-centre/teams/country=hun/index.html,ned,Netherlands,/world-match-centre/teams/country=ned/index.html,2-1,"BUDAPEST - Budapest , Hungary"
men,1967,5,Continental Qualifier,3127,Sunday 14/05/1967,Group 4,9560,19670514,alb,Albania,/world-match-centre/teams/country=alb/index.html,yug,Yugoslavia,/world-match-centre/teams/country=yug/index.html,0-2,"TIRANA - Tirana , Albania"
men,1967,5,Continental Qualifier,3127,Sunday 21/05/1967,Group 1,9527,19670521,irl,Republic of Ireland,/world-match-centre/teams/country=irl/index.html,tch,Czechoslovakia,/world-match-centre/teams/country=tch/index.html,0-2,"DUBLIN - Dublin , Republic of Ireland"
men,1967,5,Continental Qualifier,3127,Sunday 21/05/1967,Group 7,9594,19670521,pol,Poland,/world-match-centre/teams/country=pol/index.html,bel,Belgium,/world-match-centre/teams/country=bel/index.html,3-1,"CHORZOW - Chorzow , Poland"
men,1967,5,Continental Qualifier,3127,Wednesday 24/05/1967,Group 5,9569,19670524,den,Denmark,/world-match-centre/teams/country=den/index.html,hun,Hungary,/world-match-centre/teams/country=hun/index.html,0-2,"COPENHAGEN - Copenhagen , Denmark"
men,1967,5,Continental Qualifier,3127,Wednesday 24/05/1967,Group 6,9581,19670524,sui,Switzerland,/world-match-centre/teams/country=sui/index.html,rou,Romania,/world-match-centre/teams/country=rou/index.html,7-1,"ZURICH - Zurich , Switzerland"
men,1967,5,Continental Qualifier,3127,Wednesday 31/05/1967,Group 1,9528,19670531,esp,Spain,/world-match-centre/teams/country=esp/index.html,tur,Turkey,/world-match-centre/teams/country=tur/index.html,2-0,"San Mames - Bilbao , Spain"
men,1967,5,Continental Qualifier,236456,Sunday 07/05/1967,Group 3,42126,19670507,civ,C担te d'Ivoire,/world-match-centre/teams/country=civ/index.html,nga,Nigeria,/world-match-centre/teams/country=nga/index.html,2-0,"Felix Houphouet-Boigny - Abidjan , C担te d'Ivoire"
men,1967,5,Friendly,2000010101,Wednesday 03/05/1967,"",47937,19670503,sui,Switzerland,/world-match-centre/teams/country=sui/index.html,tch,Czechoslovakia,/world-match-centre/teams/country=tch/index.html,1-2,"St. Jakob-Park - Basel , Switzerland"
men,1967,5,Friendly,2000010101,Wednesday 17/05/1967,"",47935,19670517,swe,Sweden,/world-match-centre/teams/country=swe/index.html,gdr,German DR,/world-match-centre/teams/country=gdr/index.html,0-1,"Olympia Stadium - Helsingborg , Sweden"
men,1967,5,Friendly,2000010101,Wednesday 24/05/1967,"",47934,19670524,eng,England,/world-match-centre/teams/country=eng/index.html,esp,Spain,/world-match-centre/teams/country=esp/index.html,2-0,"Wembley Stadium - London , England"
men,1967,5,Friendly,2000010101,Saturday 27/05/1967,"",47933,19670527,aut,Austria,/world-match-centre/teams/country=aut/index.html,eng,England,/world-match-centre/teams/country=eng/index.html,0-1,"VIENNA - Vienna , Austria"
men,1967,5,Friendly,2000010101,Thursday 01/06/1967,"",52287,19670601,fin,Finland,/world-match-centre/teams/country=fin/index.html,nor,Norway,/world-match-centre/teams/country=nor/index.html,0-2,"HELSINKI - Helsinki , Finland"
men,1967,6,Continental Qualifier,3127,Thursday 01/06/1967,Group 2,9536,19670601,swe,Sweden,/world-match-centre/teams/country=swe/index.html,por,Portugal,/world-match-centre/teams/country=por/index.html,1-1,"Rasunda Stadium - Solna , Sweden"
men,1967,6,Continental Qualifier,3127,Sunday 04/06/1967,Group 5,9570,19670604,den,Denmark,/world-match-centre/teams/country=den/index.html,gdr,German DR,/world-match-centre/teams/country=gdr/index.html,1-1,"COPENHAGEN - Copenhagen , Denmark"
men,1967,6,Continental Qualifier,3127,Thursday 08/06/1967,Group 2,9537,19670608,nor,Norway,/world-match-centre/teams/country=nor/index.html,por,Portugal,/world-match-centre/teams/country=por/index.html,1-2,"OSLO - Oslo , Norway"
men,1967,6,Continental Qualifier,3127,Saturday 10/06/1967,Group 3,9549,19670610,urs,Soviet Union,/world-match-centre/teams/country=urs/index.html,aut,Austria,/world-match-centre/teams/country=aut/index.html,4-3,"[MOSCOW] - Moscow , Russia"
men,1967,6,Continental Qualifier,3127,Sunday 11/06/1967,Group 2,9538,19670611,swe,Sweden,/world-match-centre/teams/country=swe/index.html,bul,Bulgaria,/world-match-centre/teams/country=bul/index.html,0-2,"Rasunda Stadium - Solna , Sweden"
men,1967,6,Continental Qualifier,3127,Sunday 18/06/1967,Group 1,9529,19670618,tch,Czechoslovakia,/world-match-centre/teams/country=tch/index.html,tur,Turkey,/world-match-centre/teams/country=tur/index.html,3-0,"BRATISLAVA - Bratislava , Slovakia"
men,1967,6,Continental Qualifier,3127,Sunday 25/06/1967,Group 6,9582,19670625,rou,Romania,/world-match-centre/teams/country=rou/index.html,ita,Italy,/world-match-centre/teams/country=ita/index.html,0-1,"BUCHAREST - Bucharest , Romania"
men,1967,6,Continental Qualifier,3127,Thursday 29/06/1967,Group 2,9539,19670629,nor,Norway,/world-match-centre/teams/country=nor/index.html,bul,Bulgaria,/world-match-centre/teams/country=bul/index.html,0-0,"OSLO - Oslo , Norway"
men,1967,6,Friendly,2000010101,Thursday 01/06/1967,"",52287,19670601,fin,Finland,/world-match-centre/teams/country=fin/index.html,nor,Norway,/world-match-centre/teams/country=nor/index.html,0-2,"HELSINKI - Helsinki , Finland"
men,1967,6,Friendly,2000010101,Sunday 25/06/1967,"",47930,19670625,uru,Uruguay,/world-match-centre/teams/country=uru/index.html,bra,Brazil,/world-match-centre/teams/country=bra/index.html,0-0,"MONTEVIDEO - Montevideo , Uruguay"
men,1967,6,Friendly,2000010101,Sunday 25/06/1967,"",52286,19670625,den,Denmark,/world-match-centre/teams/country=den/index.html,swe,Sweden,/world-match-centre/teams/country=swe/index.html,1-1,"COPENHAGEN - Copenhagen , Denmark"
men,1967,6,Friendly,2000010101,Wednesday 28/06/1967,"",47929,19670628,uru,Uruguay,/world-match-centre/teams/country=uru/index.html,bra,Brazil,/world-match-centre/teams/country=bra/index.html,2-2,"MONTEVIDEO - Montevideo , Uruguay"
men,1967,6,Friendly,2000010101,Saturday 01/07/1967,"",47928,19670701,uru,Uruguay,/world-match-centre/teams/country=uru/index.html,bra,Brazil,/world-match-centre/teams/country=bra/index.html,1-1,"MONTEVIDEO - Montevideo , Uruguay"
men,1967,7,Continental Qualifier,3127,Sunday 16/07/1967,Group 3,9550,19670716,urs,Soviet Union,/world-match-centre/teams/country=urs/index.html,gre,Greece,/world-match-centre/teams/country=gre/index.html,4-0,"TBILISI - Tbilisi , Georgia"
men,1967,7,Continental Qualifier,236371,Friday 28/07/1967,Group 3,41984,19670728,tpe,Chinese Taipei,/world-match-centre/teams/country=tpe/index.html,phi,Philippines,/world-match-centre/teams/country=phi/index.html,9-0,"TAIPEI CITY - Taipei City , Chinese Taipei"
men,1967,7,Continental Qualifier,236371,Saturday 29/07/1967,Group 3,41981,19670729,kor,Korea Republic,/world-match-centre/teams/country=kor/index.html,idn,Indonesia,/world-match-centre/teams/country=idn/index.html,1-1,"TAIPEI CITY - Taipei City , Chinese Taipei"
men,1967,7,Continental Qualifier,236371,Sunday 30/07/1967,Group 3,41982,19670730,tpe,Chinese Taipei,/world-match-centre/teams/country=tpe/index.html,jpn,Japan,/world-match-centre/teams/country=jpn/index.html,2-2,"TAIPEI CITY - Taipei City , Chinese Taipei"
men,1967,7,Friendly,2000010101,Saturday 01/07/1967,"",47928,19670701,uru,Uruguay,/world-match-centre/teams/country=uru/index.html,bra,Brazil,/world-match-centre/teams/country=bra/index.html,1-1,"MONTEVIDEO - Montevideo , Uruguay"
men,1967,7,Friendly,2000010101,Saturday 08/07/1967,"",47926,19670708,tan,Tanzania,/world-match-centre/teams/country=tan/index.html,zam,Zambia,/world-match-centre/teams/country=zam/index.html,2-1,"DAR ES SALAAM - Dar Es Saalam , Tanzania"
men,1967,7,Friendly,2000010101,Saturday 08/07/1967,"",47927,19670708,dahomey-1895294,Dahomey,/world-match-centre/clubs/club=dahomey-1895294/index.html,gha,Ghana,/world-match-centre/teams/country=gha/index.html,2-1,"COTONOU - Cotonou , Benin"
men,1967,7,Friendly,2000010101,Friday 28/07/1967,"",47925,19670728,per,Peru,/world-match-centre/teams/country=per/index.html,uru,Uruguay,/world-match-centre/teams/country=uru/index.html,0-1,"LIMA - Lima , Peru"
men,1967,7,Friendly,2000010101,Sunday 30/07/1967,"",47923,19670730,per,Peru,/world-match-centre/teams/country=per/index.html,uru,Uruguay,/world-match-centre/teams/country=uru/index.html,1-2,"LIMA - Lima , Peru"
men,1967,8,Continental Qualifier,3127,Wednesday 30/08/1967,Group 3,9551,19670830,urs,Soviet Union,/world-match-centre/teams/country=urs/index.html,fin,Finland,/world-match-centre/teams/country=fin/index.html,2-0,"[MOSCOW] - Moscow , Russia"
men,1967,8,Continental Qualifier,236371,Tuesday 01/08/1967,Group 3,41983,19670801,jpn,Japan,/world-match-centre/teams/country=jpn/index.html,kor,Korea Republic,/world-match-centre/teams/country=kor/index.html,2-1,"TAIPEI CITY - Taipei City , Chinese Taipei"
men,1967,8,Continental Qualifier,236371,Tuesday 01/08/1967,Group 3,41989,19670801,idn,Indonesia,/world-match-centre/teams/country=idn/index.html,phi,Philippines,/world-match-centre/teams/country=phi/index.html,6-0,"TAIPEI CITY - Taipei City , Chinese Taipei"
men,1967,8,Continental Qualifier,236371,Thursday 03/08/1967,Group 3,41985,19670803,jpn,Japan,/world-match-centre/teams/country=jpn/index.html,phi,Philippines,/world-match-centre/teams/country=phi/index.html,2-0,"TAIPEI CITY - Taipei City , Chinese Taipei"
men,1967,8,Continental Qualifier,236371,Thursday 03/08/1967,Group 3,41986,19670803,tpe,Chinese Taipei,/world-match-centre/teams/country=tpe/index.html,idn,Indonesia,/world-match-centre/teams/country=idn/index.html,3-2,"TAIPEI CITY - Taipei City , Chinese Taipei"
men,1967,8,Continental Qualifier,236371,Saturday 05/08/1967,Group 3,41988,19670805,kor,Korea Republic,/world-match-centre/teams/country=kor/index.html,phi,Philippines,/world-match-centre/teams/country=phi/index.html,7-0,"TAIPEI CITY - Taipei City , Chinese Taipei"
men,1967,8,Continental Qualifier,236371,Sunday 06/08/1967,Group 3,41987,19670806,jpn,Japan,/world-match-centre/teams/country=jpn/index.html,idn,Indonesia,/world-match-centre/teams/country=idn/index.html,2-1,"TAIPEI CITY - Taipei City , Chinese Taipei"
men,1967,8,Continental Qualifier,236371,Monday 07/08/1967,Group 3,41990,19670807,tpe,Chinese Taipei,/world-match-centre/teams/country=tpe/index.html,kor,Korea Republic,/world-match-centre/teams/country=kor/index.html,1-0,"TAIPEI CITY - Taipei City , Chinese Taipei"
men,1967,8,Continental Qualifier,236456,Wednesday 02/08/1967,Group 1,42111,19670802,sen,Senegal,/world-match-centre/teams/country=sen/index.html,"",Liberia,/world-match-centre/teams/country=/index.html,4-1,""
men,1967,8,Continental Qualifier,236456,Wednesday 02/08/1967,Group 4,42130,19670802,egy,Egypt,/world-match-centre/teams/country=egy/index.html,lby,Libya,/world-match-centre/teams/country=lby/index.html,3-2,""
men,1967,8,Continental Qualifier,236456,Wednesday 02/08/1967,Group 4,42131,19670802,uga,Uganda,/world-match-centre/teams/country=uga/index.html,ken,Kenya,/world-match-centre/teams/country=ken/index.html,2-1,""
men,1967,8,Continental Qualifier,236456,Wednesday 02/08/1967,Group 5,42135,19670802,cgo,Congo,/world-match-centre/teams/country=cgo/index.html,cmr,Cameroon,/world-match-centre/teams/country=cmr/index.html,2-1,""
men,1967,8,Continental Qualifier,236456,Wednesday 02/08/1967,Group 6,42139,19670802,tan,Tanzania,/world-match-centre/teams/country=tan/index.html,mri,Mauritius,/world-match-centre/teams/country=mri/index.html,1-0,""
men,1967,8,Continental Qualifier,236456,Wednesday 02/08/1967,Group 6,53590,19670802,cod,Congo-Kinshasa,/world-match-centre/teams/country=cod/index.html,sdn,Sudan,/world-match-centre/teams/country=sdn/index.html,3-2,""
men,1967,8,Continental Qualifier,236456,Wednesday 16/08/1967,Group 1,42112,19670816,"",Liberia,/world-match-centre/teams/country=/index.html,gui,Guinea,/world-match-centre/teams/country=gui/index.html,2-2,""
men,1967,8,Continental Qualifier,236456,Wednesday 16/08/1967,Group 3,42125,19670816,tog,Togo,/world-match-centre/teams/country=tog/index.html,civ,C担te d'Ivoire,/world-match-centre/teams/country=civ/index.html,0-2,"LOME - Lome , Togo"
men,1967,8,Continental Qualifier,236456,Wednesday 16/08/1967,Group 4,42132,19670816,ken,Kenya,/world-match-centre/teams/country=ken/index.html,uga,Uganda,/world-match-centre/teams/country=uga/index.html,3-3,""
men,1967,8,Continental Qualifier,236456,Wednesday 16/08/1967,Group 4,42133,19670816,lby,Libya,/world-match-centre/teams/country=lby/index.html,egy,Egypt,/world-match-centre/teams/country=egy/index.html,2-2,""
men,1967,8,Continental Qualifier,236456,Wednesday 16/08/1967,Group 5,42136,19670816,cmr,Cameroon,/world-match-centre/teams/country=cmr/index.html,tun,Tunisia,/world-match-centre/teams/country=tun/index.html,2-0,"YAOUNDE - Yaounde , Cameroon"
men,1967,8,Continental Qualifier,236456,Wednesday 16/08/1967,Group 6,42140,19670816,mri,Mauritius,/world-match-centre/teams/country=mri/index.html,tan,Tanzania,/world-match-centre/teams/country=tan/index.html,1-1,""
men,1967,8,Continental Qualifier,236456,Wednesday 16/08/1967,Group 6,53589,19670816,sdn,Sudan,/world-match-centre/teams/country=sdn/index.html,cod,Congo-Kinshasa,/world-match-centre/teams/country=cod/index.html,1-0,""
men,1967,8,Friendly,2000010101,Thursday 10/08/1967,"",52285,19670810,swe,Sweden,/world-match-centre/teams/country=swe/index.html,fin,Finland,/world-match-centre/teams/country=fin/index.html,2-0,"STOCKHOLM - Stockholm , Sweden"
men,1967,8,Friendly,2000010101,Thursday 10/08/1967,"",51608,19670810,tha,Thailand,/world-match-centre/teams/country=tha/index.html,hkg,Hong Kong,/world-match-centre/teams/country=hkg/index.html,0-1,"Merdeka - Kuala Lumpur , Malaysia"
men,1967,8,Friendly,2000010101,Friday 11/08/1967,"",51623,19670811,tpe,Chinese Taipei,/world-match-centre/teams/country=tpe/index.html,sin,Singapore,/world-match-centre/teams/country=sin/index.html,3-3,"Merdeka - Kuala Lumpur , Malaysia"
men,1967,8,Friendly,2000010101,Friday 11/08/1967,"",51631,19670811,kor,Korea Republic,/world-match-centre/teams/country=kor/index.html,idn,Indonesia,/world-match-centre/teams/country=idn/index.html,3-1,"Merdeka - Kuala Lumpur , Malaysia"
men,1967,8,Friendly,2000010101,Saturday 12/08/1967,"",51613,19670812,tha,Thailand,/world-match-centre/teams/country=tha/index.html,ind,India,/world-match-centre/teams/country=ind/index.html,1-1,"Merdeka - Kuala Lumpur , Malaysia"
men,1967,8,Friendly,2000010101,Saturday 12/08/1967,"",51614,19670812,vie,South Vietnam,/world-match-centre/teams/country=vie/index.html,hkg,Hong Kong,/world-match-centre/teams/country=hkg/index.html,5-0,"Merdeka - Kuala Lumpur , Malaysia"
men,1967,8,Friendly,2000010101,Sunday 13/08/1967,"",51612,19670813,mas,Malaysia,/world-match-centre/teams/country=mas/index.html,hkg,Hong Kong,/world-match-centre/teams/country=hkg/index.html,3-0,"Merdeka - Kuala Lumpur , Malaysia"
men,1967,8,Friendly,2000010101,Sunday 13/08/1967,"",51628,19670813,sin,Singapore,/world-match-centre/teams/country=sin/index.html,idn,Indonesia,/world-match-centre/teams/country=idn/index.html,1-4,"Merdeka - Kuala Lumpur , Malaysia"
men,1967,8,Friendly,2000010101,Sunday 13/08/1967,"",51624,19670813,kor,Korea Republic,/world-match-centre/teams/country=kor/index.html,mya,Burma,/world-match-centre/teams/country=mya/index.html,1-0,"Merdeka - Kuala Lumpur , Malaysia"
men,1967,8,Friendly,2000010101,Tuesday 15/08/1967,"",47922,19670815,chi,Chile,/world-match-centre/teams/country=chi/index.html,arg,Argentina,/world-match-centre/teams/country=arg/index.html,1-0,"SANTIAGO DE CHILE - Santiago De Chile , Chile"
men,1967,8,Friendly,2000010101,Tuesday 15/08/1967,"",51609,19670815,mas,Malaysia,/world-match-centre/teams/country=mas/index.html,vie,South Vietnam,/world-match-centre/teams/country=vie/index.html,1-1,"Merdeka - Kuala Lumpur , Malaysia"
men,1967,8,Friendly,2000010101,Tuesday 15/08/1967,"",51625,19670815,tpe,Chinese Taipei,/world-match-centre/teams/country=tpe/index.html,idn,Indonesia,/world-match-centre/teams/country=idn/index.html,1-2,"Merdeka - Kuala Lumpur , Malaysia"
men,1967,8,Friendly,2000010101,Tuesday 15/08/1967,"",51630,19670815,sin,Singapore,/world-match-centre/teams/country=sin/index.html,mya,Burma,/world-match-centre/teams/country=mya/index.html,0-3,"Merdeka - Kuala Lumpur , Malaysia"
men,1967,8,Friendly,2000010101,Wednesday 16/08/1967,"",51610,19670816,ind,India,/world-match-centre/teams/country=ind/index.html,hkg,Hong Kong,/world-match-centre/teams/country=hkg/index.html,4-0,"Merdeka - Kuala Lumpur , Malaysia"
men,1967,8,Friendly,2000010101,Friday 18/08/1967,"",51629,19670818,tpe,Chinese Taipei,/world-match-centre/teams/country=tpe/index.html,kor,Korea Republic,/world-match-centre/teams/country=kor/index.html,1-2,"Merdeka - Kuala Lumpur , Malaysia"
men,1967,8,Friendly,2000010101,Saturday 19/08/1967,"",51611,19670819,vie,South Vietnam,/world-match-centre/teams/country=vie/index.html,tha,Thailand,/world-match-centre/teams/country=tha/index.html,5-2,"Merdeka - Kuala Lumpur , Malaysia"
men,1967,8,Friendly,2000010101,Saturday 19/08/1967,"",51607,19670819,mas,Malaysia,/world-match-centre/teams/country=mas/index.html,ind,India,/world-match-centre/teams/country=ind/index.html,0-0,"Merdeka - Kuala Lumpur , Malaysia"
men,1967,8,Friendly,2000010101,Saturday 19/08/1967,"",51622,19670819,idn,Indonesia,/world-match-centre/teams/country=idn/index.html,mya,Burma,/world-match-centre/teams/country=mya/index.html,0-5,"Merdeka - Kuala Lumpur , Malaysia"
men,1967,8,Friendly,2000010101,Sunday 20/08/1967,"",51615,19670820,mas,Malaysia,/world-match-centre/teams/country=mas/index.html,tha,Thailand,/world-match-centre/teams/country=tha/index.html,1-0,"Merdeka - Kuala Lumpur , Malaysia"
men,1967,8,Friendly,2000010101,Sunday 20/08/1967,"",51616,19670820,vie,South Vietnam,/world-match-centre/teams/country=vie/index.html,ind,India,/world-match-centre/teams/country=ind/index.html,1-0,"Merdeka - Kuala Lumpur , Malaysia"
men,1967,8,Friendly,2000010101,Sunday 20/08/1967,"",51626,19670820,kor,Korea Republic,/world-match-centre/teams/country=kor/index.html,sin,Singapore,/world-match-centre/teams/country=sin/index.html,3-0,"Merdeka - Kuala Lumpur , Malaysia"
men,1967,8,Friendly,2000010101,Sunday 20/08/1967,"",51627,19670820,tpe,Chinese Taipei,/world-match-centre/teams/country=tpe/index.html,mya,Burma,/world-match-centre/teams/country=mya/index.html,2-1,"Merdeka - Kuala Lumpur , Malaysia"
men,1967,8,Friendly,2000010101,Tuesday 22/08/1967,"",47919,19670822,mex,Mexico,/world-match-centre/teams/country=mex/index.html,arg,Argentina,/world-match-centre/teams/country=arg/index.html,2-1,"MEXICO CITY - Mexico City , Mexico"
men,1967,8,Friendly,2000010101,Tuesday 22/08/1967,"",51637,19670822,tpe,Chinese Taipei,/world-match-centre/teams/country=tpe/index.html,ind,India,/world-match-centre/teams/country=ind/index.html,1-1,"Merdeka - Kuala Lumpur , Malaysia"
men,1967,8,Friendly,2000010101,Wednesday 23/08/1967,"",51638,19670823,idn,Indonesia,/world-match-centre/teams/country=idn/index.html,hkg,Hong Kong,/world-match-centre/teams/country=hkg/index.html,1-2,"Merdeka - Kuala Lumpur , Malaysia"
men,1967,8,Friendly,2000010101,Wednesday 23/08/1967,"",47918,19670823,den,Denmark,/world-match-centre/teams/country=den/index.html,isl,Iceland,/world-match-centre/teams/country=isl/index.html,14-2,"COPENHAGEN - Copenhagen , Denmark"
men,1967,8,Friendly,2000010101,Wednesday 23/08/1967,"",51632,19670823,vie,South Vietnam,/world-match-centre/teams/country=vie/index.html,mya,Burma,/world-match-centre/teams/country=mya/index.html,0-3,"Merdeka - Kuala Lumpur , Malaysia"
men,1967,8,Friendly,2000010101,Wednesday 23/08/1967,"",51633,19670823,mas,Malaysia,/world-match-centre/teams/country=mas/index.html,kor,Korea Republic,/world-match-centre/teams/country=kor/index.html,1-3,"Merdeka - Kuala Lumpur , Malaysia"
men,1967,8,Friendly,2000010101,Friday 25/08/1967,"",51640,19670825,tpe,Chinese Taipei,/world-match-centre/teams/country=tpe/index.html,hkg,Hong Kong,/world-match-centre/teams/country=hkg/index.html,4-2,"Merdeka - Kuala Lumpur , Malaysia"
men,1967,8,Friendly,2000010101,Friday 25/08/1967,"",51634,19670825,mas,Malaysia,/world-match-centre/teams/country=mas/index.html,vie,South Vietnam,/world-match-centre/teams/country=vie/index.html,1-2,"Merdeka - Kuala Lumpur , Malaysia"
men,1967,8,Friendly,2000010101,Saturday 26/08/1967,"",51639,19670826,idn,Indonesia,/world-match-centre/teams/country=idn/index.html,ind,India,/world-match-centre/teams/country=ind/index.html,3-0,"Merdeka - Kuala Lumpur , Malaysia"
men,1967,8,Friendly,2000010101,Saturday 26/08/1967,"",51635,19670826,kor,Korea Republic,/world-match-centre/teams/country=kor/index.html,mya,Burma,/world-match-centre/teams/country=mya/index.html,0-0,"Merdeka - Kuala Lumpur , Malaysia"
men,1967,9,Continental Qualifier,3127,Sunday 03/09/1967,Group 2,9540,19670903,nor,Norway,/world-match-centre/teams/country=nor/index.html,swe,Sweden,/world-match-centre/teams/country=swe/index.html,3-1,"OSLO - Oslo , Norway"
men,1967,9,Continental Qualifier,3127,Wednesday 06/09/1967,Group 3,9552,19670906,fin,Finland,/world-match-centre/teams/country=fin/index.html,urs,Soviet Union,/world-match-centre/teams/country=urs/index.html,2-5,"TURKU - Turku , Finland"
men,1967,9,Continental Qualifier,3127,Wednesday 13/09/1967,Group 5,9571,19670913,ned,Netherlands,/world-match-centre/teams/country=ned/index.html,gdr,German DR,/world-match-centre/teams/country=gdr/index.html,1-0,"AMSTERDAM - Amsterdam , Netherlands"
men,1967,9,Continental Qualifier,3127,Sunday 17/09/1967,Group 7,9595,19670917,pol,Poland,/world-match-centre/teams/country=pol/index.html,fra,France,/world-match-centre/teams/country=fra/index.html,1-4,"WARSAW - Warsaw , Poland"
men,1967,9,Continental Qualifier,3127,Sunday 24/09/1967,Group 3,9553,19670924,aut,Austria,/world-match-centre/teams/country=aut/index.html,fin,Finland,/world-match-centre/teams/country=fin/index.html,2-1,"VIENNA - Vienna , Austria"
men,1967,9,Continental Qualifier,3127,Wednesday 27/09/1967,Group 5,9572,19670927,hun,Hungary,/world-match-centre/teams/country=hun/index.html,gdr,German DR,/world-match-centre/teams/country=gdr/index.html,3-1,"BUDAPEST - Budapest , Hungary"
men,1967,9,Continental Qualifier,236456,Wednesday 27/09/1967,Group 1,42113,19670927,gui,Guinea,/world-match-centre/teams/country=gui/index.html,sen,Senegal,/world-match-centre/teams/country=sen/index.html,3-0,""
men,1967,9,Continental Qualifier,236456,Wednesday 27/09/1967,Group 2,42122,19670927,mli,Mali,/world-match-centre/teams/country=mli/index.html,"",Upper Volta,/world-match-centre/teams/country=/index.html,4-0,""
men,1967,9,Continental Qualifier,236456,Wednesday 27/09/1967,Group 6,53588,19670927,sdn,Sudan,/world-match-centre/teams/country=sdn/index.html,cod,Congo-Kinshasa,/world-match-centre/teams/country=cod/index.html,1-2,""
men,1967,9,Friendly,2000010101,Wednesday 06/09/1967,"",47917,19670906,aut,Austria,/world-match-centre/teams/country=aut/index.html,hun,Hungary,/world-match-centre/teams/country=hun/index.html,1-3,"VIENNA - Vienna , Austria"
men,1967,9,Friendly,2000010101,Friday 08/09/1967,"",51362,19670908,tun,Tunisia,/world-match-centre/teams/country=tun/index.html,lby,Libya,/world-match-centre/teams/country=lby/index.html,3-0,"TUNIS - Tunis , Tunisia"
men,1967,9,Friendly,2000010101,Monday 11/09/1967,"",51359,19670911,tur,Turkey,/world-match-centre/teams/country=tur/index.html,lby,Libya,/world-match-centre/teams/country=lby/index.html,1-0,"TUNIS - Tunis , Tunisia"
men,1967,9,Friendly,2000010101,Tuesday 12/09/1967,"",51352,19670912,alg,Algeria,/world-match-centre/teams/country=alg/index.html,mar,Morocco,/world-match-centre/teams/country=mar/index.html,3-1,"TUNIS - Tunis , Tunisia"
men,1967,9,Friendly,2000010101,Tuesday 19/09/1967,"",47915,19670919,chi,Chile,/world-match-centre/teams/country=chi/index.html,bra,Brazil,/world-match-centre/teams/country=bra/index.html,0-1,"SANTIAGO DE CHILE - Santiago De Chile , Chile"
men,1967,9,Friendly,2000010101,Sunday 24/09/1967,"",52284,19670924,nor,Norway,/world-match-centre/teams/country=nor/index.html,den,Denmark,/world-match-centre/teams/country=den/index.html,0-5,"OSLO - Oslo , Norway"
men,1967,9,Friendly,2000010101,Wednesday 27/09/1967,"",47914,19670927,frg,Germany FR,/world-match-centre/teams/country=frg/index.html,fra,France,/world-match-centre/teams/country=fra/index.html,5-1,BERLIN - Berlin West
men,1967,9,Friendly,2000010101,Thursday 28/09/1967,"",47913,19670928,gha,Ghana,/world-match-centre/teams/country=gha/index.html,nga,Nigeria,/world-match-centre/teams/country=nga/index.html,1-1,"ACCRA - Accra , Ghana"
men,1967,9,Friendly,2000010101,Saturday 30/09/1967,"",49875,19670930,ken,Kenya,/world-match-centre/teams/country=ken/index.html,uga,Uganda,/world-match-centre/teams/country=uga/index.html,3-1,"NAIROBI - Nairobi , Kenya"
men,1967,9,Friendly,2000010101,Sunday 01/10/1967,"",47912,19671001,gha,Ghana,/world-match-centre/teams/country=gha/index.html,upper-volta-1895300,Upper Volta,/world-match-centre/clubs/club=upper-volta-1895300/index.html,5-2,"ACCRA - Accra , Ghana"
men,1967,10,Continental Qualifier,3127,Sunday 01/10/1967,Group 1,9530,19671001,tch,Czechoslovakia,/world-match-centre/teams/country=tch/index.html,esp,Spain,/world-match-centre/teams/country=esp/index.html,1-0,"PRAGUE - Prague , Czech Republic"
men,1967,10,Continental Qualifier,3127,Wednesday 04/10/1967,Group 3,9554,19671004,gre,Greece,/world-match-centre/teams/country=gre/index.html,aut,Austria,/world-match-centre/teams/country=aut/index.html,4-1,"ATHENS - Athens , Greece"
men,1967,10,Continental Qualifier,3127,Wednesday 04/10/1967,Group 5,9573,19671004,den,Denmark,/world-match-centre/teams/country=den/index.html,ned,Netherlands,/world-match-centre/teams/country=ned/index.html,3-2,"COPENHAGEN - Copenhagen , Denmark"
men,1967,10,Continental Qualifier,3127,Saturday 07/10/1967,Group 4,9561,19671007,frg,Germany FR,/world-match-centre/teams/country=frg/index.html,yug,Yugoslavia,/world-match-centre/teams/country=yug/index.html,3-1,"Volksparkstadion - Hamburg , Germany"
men,1967,10,Continental Qualifier,3127,Sunday 08/10/1967,Group 7,9596,19671008,bel,Belgium,/world-match-centre/teams/country=bel/index.html,pol,Poland,/world-match-centre/teams/country=pol/index.html,2-4,"BRUSSELS - Brussels , Belgium"
men,1967,10,Continental Qualifier,3127,Wednesday 11/10/1967,Group 5,9574,19671011,gdr,German DR,/world-match-centre/teams/country=gdr/index.html,den,Denmark,/world-match-centre/teams/country=den/index.html,3-2,"Zentralstadion - Leipzig , Germany"
men,1967,10,Continental Qualifier,3127,Sunday 15/10/1967,Group 3,9555,19671015,aut,Austria,/world-match-centre/teams/country=aut/index.html,urs,Soviet Union,/world-match-centre/teams/country=urs/index.html,1-0,"VIENNA - Vienna , Austria"
men,1967,10,Continental Qualifier,3127,Saturday 21/10/1967,Group 8,9606,19671021,wal,Wales,/world-match-centre/teams/country=wal/index.html,eng,England,/world-match-centre/teams/country=eng/index.html,0-3,"CARDIFF - Cardiff , Wales"
men,1967,10,Continental Qualifier,3127,Saturday 21/10/1967,Group 8,9607,19671021,nir,Northern Ireland,/world-match-centre/teams/country=nir/index.html,sco,Scotland,/world-match-centre/teams/country=sco/index.html,1-0,"BELFAST - Belfast , Northern Ireland"
men,1967,10,Continental Qualifier,3127,Sunday 22/10/1967,Group 1,9531,19671022,esp,Spain,/world-match-centre/teams/country=esp/index.html,tch,Czechoslovakia,/world-match-centre/teams/country=tch/index.html,2-1,"MADRID - Madrid , Spain"
men,1967,10,Continental Qualifier,3127,Saturday 28/10/1967,Group 7,9597,19671028,fra,France,/world-match-centre/teams/country=fra/index.html,bel,Belgium,/world-match-centre/teams/country=bel/index.html,1-1,"NANTES - Nantes , France"
men,1967,10,Continental Qualifier,3127,Sunday 29/10/1967,Group 5,9575,19671029,gdr,German DR,/world-match-centre/teams/country=gdr/index.html,hun,Hungary,/world-match-centre/teams/country=hun/index.html,1-0,"Zentralstadion - Leipzig , Germany"
men,1967,10,Continental Qualifier,3127,Tuesday 31/10/1967,Group 3,9556,19671031,gre,Greece,/world-match-centre/teams/country=gre/index.html,urs,Soviet Union,/world-match-centre/teams/country=urs/index.html,0-1,"ATHENS - Athens , Greece"
men,1967,10,Continental Qualifier,236456,Wednesday 11/10/1967,Group 1,42114,19671011,sen,Senegal,/world-match-centre/teams/country=sen/index.html,gui,Guinea,/world-match-centre/teams/country=gui/index.html,4-1,""
men,1967,10,Friendly,2000010101,Sunday 01/10/1967,"",47912,19671001,gha,Ghana,/world-match-centre/teams/country=gha/index.html,upper-volta-1895300,Upper Volta,/world-match-centre/clubs/club=upper-volta-1895300/index.html,5-2,"ACCRA - Accra , Ghana"
men,1967,10,Friendly,2000010101,Tuesday 03/10/1967,"",49874,19671003,tan,Tanzania,/world-match-centre/teams/country=tan/index.html,uga,Uganda,/world-match-centre/teams/country=uga/index.html,1-2,"NAIROBI - Nairobi , Kenya"
men,1967,10,Friendly,2000010101,Monday 09/10/1967,"",49871,19671009,ken,Kenya,/world-match-centre/teams/country=ken/index.html,tan,Tanzania,/world-match-centre/teams/country=tan/index.html,5-3,"NAIROBI - Nairobi , Kenya"
men,1967,10,Friendly,2000010101,Friday 13/10/1967,"",47911,19671013,par,Paraguay,/world-match-centre/teams/country=par/index.html,arg,Argentina,/world-match-centre/teams/country=arg/index.html,1-1,"ASUNCION - Asuncion , Paraguay"
men,1967,10,Friendly,2000010101,Saturday 14/10/1967,"",47910,19671014,sle,Sierra Leone,/world-match-centre/teams/country=sle/index.html,nga,Nigeria,/world-match-centre/teams/country=nga/index.html,1-1,""
men,1967,10,Friendly,2000010101,Saturday 21/10/1967,"",47909,19671021,gha,Ghana,/world-match-centre/teams/country=gha/index.html,nga,Nigeria,/world-match-centre/teams/country=nga/index.html,2-1,"ACCRA - Accra , Ghana"
men,1967,10,Friendly,2000010101,Sunday 22/10/1967,"",52283,19671022,den,Denmark,/world-match-centre/teams/country=den/index.html,fin,Finland,/world-match-centre/teams/country=fin/index.html,3-0,"COPENHAGEN - Copenhagen , Denmark"
men,1967,10,Friendly,2000010101,Sunday 29/10/1967,"",47908,19671029,pol,Poland,/world-match-centre/teams/country=pol/index.html,rou,Romania,/world-match-centre/teams/country=rou/index.html,0-0,"KRAKOW - Krakow , Poland"
men,1967,10,Friendly,2000010101,Wednesday 01/11/1967,"",47907,19671101,ned,Netherlands,/world-match-centre/teams/country=ned/index.html,yug,Yugoslavia,/world-match-centre/teams/country=yug/index.html,1-2,"ROTTERDAM - Rotterdam , Netherlands"
men,1967,11,Continental Qualifier,3127,Wednesday 01/11/1967,Group 6,9583,19671101,ita,Italy,/world-match-centre/teams/country=ita/index.html,cyp,Cyprus,/world-match-centre/teams/country=cyp/index.html,5-0,"San Vito - Cosenza , Italy"
men,1967,11,Continental Qualifier,3127,Sunday 05/11/1967,Group 2,9541,19671105,swe,Sweden,/world-match-centre/teams/country=swe/index.html,nor,Norway,/world-match-centre/teams/country=nor/index.html,5-2,"Rasunda Stadium - Solna , Sweden"
men,1967,11,Continental Qualifier,3127,Sunday 05/11/1967,Group 3,9557,19671105,aut,Austria,/world-match-centre/teams/country=aut/index.html,gre,Greece,/world-match-centre/teams/country=gre/index.html,1-1,"VIENNA - Vienna , Austria"
men,1967,11,Continental Qualifier,3127,Wednesday 08/11/1967,Group 6,9584,19671108,sui,Switzerland,/world-match-centre/teams/country=sui/index.html,cyp,Cyprus,/world-match-centre/teams/country=cyp/index.html,5-0,"Comunale di Cornaredo - Lugano , Switzerland"
men,1967,11,Continental Qualifier,3127,Sunday 12/11/1967,Group 2,9542,19671112,bul,Bulgaria,/world-match-centre/teams/country=bul/index.html,swe,Sweden,/world-match-centre/teams/country=swe/index.html,3-0,"SOFIA - Sofia , Bulgaria"
men,1967,11,Continental Qualifier,3127,Sunday 12/11/1967,Group 2,9543,19671112,por,Portugal,/world-match-centre/teams/country=por/index.html,nor,Norway,/world-match-centre/teams/country=nor/index.html,2-1,"PORTO - Porto , Portugal"
men,1967,11,Continental Qualifier,3127,Sunday 12/11/1967,Group 4,9562,19671112,yug,Yugoslavia,/world-match-centre/teams/country=yug/index.html,alb,Albania,/world-match-centre/teams/country=alb/index.html,4-0,"BELGRADE - Belgrade , Serbia"
men,1967,11,Continental Qualifier,3127,Wednesday 15/11/1967,Group 1,9532,19671115,tur,Turkey,/world-match-centre/teams/country=tur/index.html,tch,Czechoslovakia,/world-match-centre/teams/country=tch/index.html,0-0,"ANKARA - Ankara , Turkey"
men,1967,11,Continental Qualifier,3127,Saturday 18/11/1967,Group 6,9585,19671118,sui,Switzerland,/world-match-centre/teams/country=sui/index.html,ita,Italy,/world-match-centre/teams/country=ita/index.html,2-2,"Stade de Suisse - Berne , Switzerland"
men,1967,11,Continental Qualifier,3127,Wednesday 22/11/1967,Group 1,9533,19671122,tch,Czechoslovakia,/world-match-centre/teams/country=tch/index.html,irl,Republic of Ireland,/world-match-centre/teams/country=irl/index.html,1-2,"PRAGUE - Prague , Czech Republic"
men,1967,11,Continental Qualifier,3127,Wednesday 22/11/1967,Group 7,9598,19671122,bel,Belgium,/world-match-centre/teams/country=bel/index.html,lux,Luxembourg,/world-match-centre/teams/country=lux/index.html,3-0,"BRUGES - Bruges , Belgium"
men,1967,11,Continental Qualifier,3127,Wednesday 22/11/1967,Group 8,9608,19671122,eng,England,/world-match-centre/teams/country=eng/index.html,nir,Northern Ireland,/world-match-centre/teams/country=nir/index.html,2-0,"LONDON - London , England"
men,1967,11,Continental Qualifier,3127,Wednesday 22/11/1967,Group 8,9609,19671122,sco,Scotland,/world-match-centre/teams/country=sco/index.html,wal,Wales,/world-match-centre/teams/country=wal/index.html,3-2,"GLASGOW - Glasgow , Scotland"
men,1967,11,Continental Qualifier,3127,Sunday 26/11/1967,Group 2,9544,19671126,bul,Bulgaria,/world-match-centre/teams/country=bul/index.html,por,Portugal,/world-match-centre/teams/country=por/index.html,1-0,"SOFIA - Sofia , Bulgaria"
men,1967,11,Continental Qualifier,236371,Sunday 12/11/1967,Group 1,41967,19671112,mya,Burma,/world-match-centre/teams/country=mya/index.html,ind,India,/world-match-centre/teams/country=ind/index.html,2-0,"RANGOON - Rangoon , Myanmar"
men,1967,11,Continental Qualifier,236371,Monday 13/11/1967,Group 1,41968,19671113,cam,Khmer,/world-match-centre/teams/country=cam/index.html,pak,Pakistan,/world-match-centre/teams/country=pak/index.html,1-0,"RANGOON - Rangoon , Myanmar"
men,1967,11,Continental Qualifier,236371,Wednesday 15/11/1967,Group 1,41970,19671115,pak,Pakistan,/world-match-centre/teams/country=pak/index.html,ind,India,/world-match-centre/teams/country=ind/index.html,1-1,"RANGOON - Rangoon , Myanmar"
men,1967,11,Continental Qualifier,236371,Thursday 16/11/1967,Group 1,41969,19671116,mya,Burma,/world-match-centre/teams/country=mya/index.html,cam,Khmer,/world-match-centre/teams/country=cam/index.html,1-0,"RANGOON - Rangoon , Myanmar"
men,1967,11,Continental Qualifier,236371,Saturday 18/11/1967,Group 1,41966,19671118,cam,Khmer,/world-match-centre/teams/country=cam/index.html,ind,India,/world-match-centre/teams/country=ind/index.html,3-1,"RANGOON - Rangoon , Myanmar"
men,1967,11,Continental Qualifier,236371,Sunday 19/11/1967,Group 1,41965,19671119,mya,Burma,/world-match-centre/teams/country=mya/index.html,pak,Pakistan,/world-match-centre/teams/country=pak/index.html,2-0,"RANGOON - Rangoon , Myanmar"
men,1967,11,Continental Qualifier,236456,Wednesday 01/11/1967,Group 1,42115,19671101,gui,Guinea,/world-match-centre/teams/country=gui/index.html,"",Liberia,/world-match-centre/teams/country=/index.html,3-0,""
men,1967,11,Continental Qualifier,236456,Wednesday 01/11/1967,Group 4 Playoff,42134,19671101,uga,Uganda,/world-match-centre/teams/country=uga/index.html,egy,Egypt,/world-match-centre/teams/country=egy/index.html,0-1,""
men,1967,11,Continental Qualifier,236456,Wednesday 15/11/1967,Group 1,42116,19671115,"",Liberia,/world-match-centre/teams/country=/index.html,sen,Senegal,/world-match-centre/teams/country=sen/index.html,1-1,""
men,1967,11,Continental Qualifier,236456,Wednesday 15/11/1967,Group 2,42123,19671115,"",Upper Volta,/world-match-centre/teams/country=/index.html,mli,Mali,/world-match-centre/teams/country=mli/index.html,0-1,""
men,1967,11,Continental Qualifier,236456,Wednesday 15/11/1967,Group 3,42129,19671115,civ,C担te d'Ivoire,/world-match-centre/teams/country=civ/index.html,tog,Togo,/world-match-centre/teams/country=tog/index.html,3-0,"Felix Houphouet-Boigny - Abidjan , C担te d'Ivoire"
men,1967,11,Continental Qualifier,236456,Wednesday 22/11/1967,Group 1 Playoff,42117,19671122,sen,Senegal,/world-match-centre/teams/country=sen/index.html,gui,Guinea,/world-match-centre/teams/country=gui/index.html,2-1,""
men,1967,11,Friendly,2000010101,Wednesday 01/11/1967,"",47907,19671101,ned,Netherlands,/world-match-centre/teams/country=ned/index.html,yug,Yugoslavia,/world-match-centre/teams/country=yug/index.html,1-2,"ROTTERDAM - Rotterdam , Netherlands"
men,1967,11,Friendly,2000010101,Saturday 04/11/1967,"",50971,19671104,vie,South Vietnam,/world-match-centre/teams/country=vie/index.html,sin,Singapore,/world-match-centre/teams/country=sin/index.html,2-0,""
men,1967,11,Friendly,2000010101,Saturday 04/11/1967,"",50977,19671104,mas,Malaysia,/world-match-centre/teams/country=mas/index.html,tha,Thailand,/world-match-centre/teams/country=tha/index.html,3-2,SAIGON - Saigon
men,1967,11,Friendly,2000010101,Sunday 05/11/1967,"",50970,19671105,nzl,New Zealand,/world-match-centre/teams/country=nzl/index.html,aus,Australia,/world-match-centre/teams/country=aus/index.html,3-5,SAIGON - Saigon
men,1967,11,Friendly,2000010101,Sunday 05/11/1967,"",50976,19671105,kor,Korea Republic,/world-match-centre/teams/country=kor/index.html,hkg,Hong Kong,/world-match-centre/teams/country=hkg/index.html,1-0,""
men,1967,11,Friendly,2000010101,Tuesday 07/11/1967,"",50969,19671107,vie,South Vietnam,/world-match-centre/teams/country=vie/index.html,aus,Australia,/world-match-centre/teams/country=aus/index.html,0-1,SAIGON - Saigon
men,1967,11,Friendly,2000010101,Tuesday 07/11/1967,"",50975,19671107,kor,Korea Republic,/world-match-centre/teams/country=kor/index.html,tha,Thailand,/world-match-centre/teams/country=tha/index.html,3-1,""
men,1967,11,Friendly,2000010101,Wednesday 08/11/1967,"",47905,19671108,chi,Chile,/world-match-centre/teams/country=chi/index.html,arg,Argentina,/world-match-centre/teams/country=arg/index.html,3-1,"SANTIAGO DE CHILE - Santiago De Chile , Chile"
men,1967,11,Friendly,2000010101,Wednesday 08/11/1967,"",50968,19671108,sin,Singapore,/world-match-centre/teams/country=sin/index.html,nzl,New Zealand,/world-match-centre/teams/country=nzl/index.html,1-3,""
men,1967,11,Friendly,2000010101,Wednesday 08/11/1967,"",50974,19671108,mas,Malaysia,/world-match-centre/teams/country=mas/index.html,hkg,Hong Kong,/world-match-centre/teams/country=hkg/index.html,2-0,SAIGON - Saigon
men,1967,11,Friendly,2000010101,Friday 10/11/1967,"",50967,19671110,vie,South Vietnam,/world-match-centre/teams/country=vie/index.html,nzl,New Zealand,/world-match-centre/teams/country=nzl/index.html,5-1,""
men,1967,11,Friendly,2000010101,Saturday 11/11/1967,"",50966,19671111,aus,Australia,/world-match-centre/teams/country=aus/index.html,sin,Singapore,/world-match-centre/teams/country=sin/index.html,5-1,SAIGON - Saigon
men,1967,11,Friendly,2000010101,Saturday 11/11/1967,"",50972,19671111,tha,Thailand,/world-match-centre/teams/country=tha/index.html,hkg,Hong Kong,/world-match-centre/teams/country=hkg/index.html,5-1,""
men,1967,11,Friendly,2000010101,Saturday 11/11/1967,"",50973,19671111,kor,Korea Republic,/world-match-centre/teams/country=kor/index.html,mas,Malaysia,/world-match-centre/teams/country=mas/index.html,2-1,SAIGON - Saigon
men,1967,11,Friendly,2000010101,Sunday 12/11/1967,"",47902,19671112,zim,Rhodesia,/world-match-centre/teams/country=zim/index.html,mwi,Malawi,/world-match-centre/teams/country=mwi/index.html,1-0,""
men,1967,11,Friendly,2000010101,Sunday 12/11/1967,"",50978,19671112,vie,South Vietnam,/world-match-centre/teams/country=vie/index.html,kor,Korea Republic,/world-match-centre/teams/country=kor/index.html,0-3,""
men,1967,11,Friendly,2000010101,Sunday 12/11/1967,"",50979,19671112,mas,Malaysia,/world-match-centre/teams/country=mas/index.html,aus,Australia,/world-match-centre/teams/country=aus/index.html,0-1 AET,SAIGON - Saigon
men,1967,11,Friendly,2000010101,Tuesday 14/11/1967,"",50980,19671114,vie,South Vietnam,/world-match-centre/teams/country=vie/index.html,mas,Malaysia,/world-match-centre/teams/country=mas/index.html,4-1,SAIGON - Saigon
men,1967,11,Friendly,2000010101,Tuesday 14/11/1967,"",50981,19671114,kor,Korea Republic,/world-match-centre/teams/country=kor/index.html,aus,Australia,/world-match-centre/teams/country=aus/index.html,2-3,SAIGON - Saigon
men,1967,11,Friendly,2000010101,Thursday 16/11/1967,"",47901,19671116,mas,Malaysia,/world-match-centre/teams/country=mas/index.html,nzl,New Zealand,/world-match-centre/teams/country=nzl/index.html,2-8,"KUALA LUMPUR - Shah Alam , Malaysia"
men,1967,11,Friendly,2000010101,Friday 17/11/1967,"",47900,19671117,idn,Indonesia,/world-match-centre/teams/country=idn/index.html,aus,Australia,/world-match-centre/teams/country=aus/index.html,0-2,"JAKARTA - Jakarta , Indonesia"
men,1967,11,Friendly,2000010101,Tuesday 21/11/1967,"",47897,19671121,sin,Singapore,/world-match-centre/teams/country=sin/index.html,aus,Australia,/world-match-centre/teams/country=aus/index.html,1-6,"SINGAPORE - Singapore , Singapore"
men,1967,11,Friendly,2000010101,Wednesday 22/11/1967,"",47898,19671122,rou,Romania,/world-match-centre/teams/country=rou/index.html,frg,Germany FR,/world-match-centre/teams/country=frg/index.html,1-0,"BUCHAREST - Bucharest , Romania"
men,1967,11,Friendly,2000010101,Friday 24/11/1967,"",52688,19671124,pak,Pakistan,/world-match-centre/teams/country=pak/index.html,irn,Iran,/world-match-centre/teams/country=irn/index.html,0-2,"DHAKA - Dhaka , Bangladesh"
men,1967,11,Friendly,2000010101,Saturday 25/11/1967,"",47896,19671125,zim,Rhodesia,/world-match-centre/teams/country=zim/index.html,mri,Mauritius,/world-match-centre/teams/country=mri/index.html,1-2,""
men,1967,11,Friendly,2000010101,Sunday 26/11/1967,"",47893,19671126,mas,Malaysia,/world-match-centre/teams/country=mas/index.html,aus,Australia,/world-match-centre/teams/country=aus/index.html,0-4,"KUALA LUMPUR - Shah Alam , Malaysia"
men,1967,11,Friendly,2000010101,Sunday 26/11/1967,"",47895,19671126,zim,Rhodesia,/world-match-centre/teams/country=zim/index.html,mri,Mauritius,/world-match-centre/teams/country=mri/index.html,2-3,""
men,1967,11,Friendly,2000010101,Sunday 26/11/1967,"",52687,19671126,tur,Turkey,/world-match-centre/teams/country=tur/index.html,irn,Iran,/world-match-centre/teams/country=irn/index.html,1-0,"DHAKA - Dhaka , Bangladesh"
men,1967,11,Friendly,2000010101,Tuesday 28/11/1967,"",52686,19671128,pak,Pakistan,/world-match-centre/teams/country=pak/index.html,tur,Turkey,/world-match-centre/teams/country=tur/index.html,4-7,"DHAKA - Dhaka , Bangladesh"
men,1967,12,Continental Qualifier,3127,Sunday 17/12/1967,Group 2,9545,19671217,por,Portugal,/world-match-centre/teams/country=por/index.html,bul,Bulgaria,/world-match-centre/teams/country=bul/index.html,0-0,"LISBON - Lisbon , Portugal"
men,1967,12,Continental Qualifier,3127,Sunday 17/12/1967,Group 4,9563,19671217,alb,Albania,/world-match-centre/teams/country=alb/index.html,frg,Germany FR,/world-match-centre/teams/country=frg/index.html,0-0,"TIRANA - Tirana , Albania"
men,1967,12,Continental Qualifier,3127,Saturday 23/12/1967,Group 6,9586,19671223,ita,Italy,/world-match-centre/teams/country=ita/index.html,sui,Switzerland,/world-match-centre/teams/country=sui/index.html,4-0,"Sant Elia - Cagliari , Italy"
men,1967,12,Continental Qualifier,3127,Saturday 23/12/1967,Group 7,9599,19671223,fra,France,/world-match-centre/teams/country=fra/index.html,lux,Luxembourg,/world-match-centre/teams/country=lux/index.html,3-1,"PARIS - Paris , France"
men,1967,12,Friendly,2000010101,Saturday 02/12/1967,"",47892,19671202,sle,Sierra Leone,/world-match-centre/teams/country=sle/index.html,gui,Guinea,/world-match-centre/teams/country=gui/index.html,2-1,""
men,1967,12,Friendly,2000010101,Wednesday 06/12/1967,"",47891,19671206,mex,Mexico,/world-match-centre/teams/country=mex/index.html,hun,Hungary,/world-match-centre/teams/country=hun/index.html,2-1,"MEXICO CITY - Mexico City , Mexico"
men,1967,12,Friendly,2000010101,Friday 08/12/1967,"",47890,19671208,mex,Mexico,/world-match-centre/teams/country=mex/index.html,hun,Hungary,/world-match-centre/teams/country=hun/index.html,0-2,"MEXICO CITY - Mexico City , Mexico"
men,1967,12,Friendly,2000010101,Sunday 10/12/1967,"",50530,19671210,tha,Thailand,/world-match-centre/teams/country=tha/index.html,mas,Malaysia,/world-match-centre/teams/country=mas/index.html,4-0,"BANGKOK - Bangkok , Thailand"
men,1967,12,Friendly,2000010101,Monday 11/12/1967,"",50529,19671211,mas,Malaysia,/world-match-centre/teams/country=mas/index.html,mya,Burma,/world-match-centre/teams/country=mya/index.html,1-2,"BANGKOK - Bangkok , Thailand"
men,1967,12,Friendly,2000010101,Monday 11/12/1967,"",50531,19671211,vie,South Vietnam,/world-match-centre/teams/country=vie/index.html,lao,Laos,/world-match-centre/teams/country=lao/index.html,5-0,"BANGKOK - Bangkok , Thailand"
men,1967,12,Friendly,2000010101,Tuesday 12/12/1967,"",50528,19671212,tha,Thailand,/world-match-centre/teams/country=tha/index.html,mya,Burma,/world-match-centre/teams/country=mya/index.html,0-1,"BANGKOK - Bangkok , Thailand"
men,1967,12,Friendly,2000010101,Thursday 14/12/1967,"",50532,19671214,tha,Thailand,/world-match-centre/teams/country=tha/index.html,vie,South Vietnam,/world-match-centre/teams/country=vie/index.html,0-5,"BANGKOK - Bangkok , Thailand"
men,1967,12,Friendly,2000010101,Thursday 14/12/1967,"",50533,19671214,mya,Burma,/world-match-centre/teams/country=mya/index.html,lao,Laos,/world-match-centre/teams/country=lao/index.html,2-0,"BANGKOK - Bangkok , Thailand"
men,1967,12,Friendly,2000010101,Friday 15/12/1967,"",50534,19671215,tha,Thailand,/world-match-centre/teams/country=tha/index.html,lao,Laos,/world-match-centre/teams/country=lao/index.html,5-2,"BANGKOK - Bangkok , Thailand"
men,1967,12,Friendly,2000010101,Saturday 16/12/1967,"",50535,19671216,mya,Burma,/world-match-centre/teams/country=mya/index.html,vie,South Vietnam,/world-match-centre/teams/country=vie/index.html,2-1,"BANGKOK - Bangkok , Thailand"
men,1967,12,Friendly,2000010101,Sunday 17/12/1967,"",47889,19671217,nga,Nigeria,/world-match-centre/teams/country=nga/index.html,gha,Ghana,/world-match-centre/teams/country=gha/index.html,2-3,"ACCRA - Accra , Ghana"
men,1967,12,Friendly,2000010101,Saturday 23/12/1967,"",47921,19671223,nga,Nigeria,/world-match-centre/teams/country=nga/index.html,gha,Ghana,/world-match-centre/teams/country=gha/index.html,2-2,"LAGOS - Lagos , Nigeria"
men,1967,12,Friendly,2000010101,Sunday 31/12/1967,"",47920,19671231,eth,Ethiopia,/world-match-centre/teams/country=eth/index.html,ken,Kenya,/world-match-centre/teams/country=ken/index.html,2-0,"ADDIS ABABA - Addis Ababa , Ethiopia"
