men,1975,1,Friendly,2000010101,Sunday 05/01/1975,"",48705,19750105,cub,Cuba,/world-match-centre/teams/country=cub/index.html,can,Canada,/world-match-centre/teams/country=can/index.html,4-0,"HAVANA - Havana , Cuba"
men,1975,2,Continental Qualifier,3131,Wednesday 05/02/1975,Group 4,9344,19750205,esp,Spain,/world-match-centre/teams/country=esp/index.html,sco,Scotland,/world-match-centre/teams/country=sco/index.html,1-1,"VALENCIA - Valencia , Spain"
men,1975,2,Continental Qualifier,3131,Sunday 23/02/1975,Group 8,9393,19750223,mlt,Malta,/world-match-centre/teams/country=mlt/index.html,gre,Greece,/world-match-centre/teams/country=gre/index.html,2-0,"Empire - Gzira , Malta"
men,1975,3,Continental Qualifier,3131,Sunday 16/03/1975,Group 2,9321,19750316,lux,Luxembourg,/world-match-centre/teams/country=lux/index.html,aut,Austria,/world-match-centre/teams/country=aut/index.html,1-2,"LUXEMBOURG - Luxembourg , Luxembourg"
men,1975,3,Continental Qualifier,3131,Sunday 16/03/1975,Group 3,9332,19750316,nir,Northern Ireland,/world-match-centre/teams/country=nir/index.html,yug,Yugoslavia,/world-match-centre/teams/country=yug/index.html,1-0,"BELFAST - Belfast , Northern Ireland"
men,1975,3,Continental Qualifier,236393,Saturday 15/03/1975,Group 3,42032,19750315,tha,Thailand,/world-match-centre/teams/country=tha/index.html,idn,Indonesia,/world-match-centre/teams/country=idn/index.html,3-1,"BANGKOK - Bangkok , Thailand"
men,1975,3,Continental Qualifier,236393,Sunday 16/03/1975,Group 3,42033,19750316,mas,Malaysia,/world-match-centre/teams/country=mas/index.html,kor,Korea Republic,/world-match-centre/teams/country=kor/index.html,2-1,"BANGKOK - Bangkok , Thailand"
men,1975,3,Continental Qualifier,236393,Monday 17/03/1975,Group 3,42034,19750317,idn,Indonesia,/world-match-centre/teams/country=idn/index.html,svm,South Vietnam,/world-match-centre/teams/country=svm/index.html,2-1,"BANGKOK - Bangkok , Thailand"
men,1975,3,Continental Qualifier,236393,Tuesday 18/03/1975,Group 3,42035,19750318,tha,Thailand,/world-match-centre/teams/country=tha/index.html,mas,Malaysia,/world-match-centre/teams/country=mas/index.html,0-1,"BANGKOK - Bangkok , Thailand"
men,1975,3,Continental Qualifier,236393,Wednesday 19/03/1975,Group 3,42036,19750319,kor,Korea Republic,/world-match-centre/teams/country=kor/index.html,svm,South Vietnam,/world-match-centre/teams/country=svm/index.html,1-0,"BANGKOK - Bangkok , Thailand"
men,1975,3,Continental Qualifier,236393,Thursday 20/03/1975,Group 3,42037,19750320,mas,Malaysia,/world-match-centre/teams/country=mas/index.html,idn,Indonesia,/world-match-centre/teams/country=idn/index.html,0-0,"BANGKOK - Bangkok , Thailand"
men,1975,3,Continental Qualifier,236393,Friday 21/03/1975,Group 3,42038,19750321,tha,Thailand,/world-match-centre/teams/country=tha/index.html,svm,South Vietnam,/world-match-centre/teams/country=svm/index.html,4-0,"BANGKOK - Bangkok , Thailand"
men,1975,3,Continental Qualifier,236393,Saturday 22/03/1975,Group 3,42039,19750322,kor,Korea Republic,/world-match-centre/teams/country=kor/index.html,idn,Indonesia,/world-match-centre/teams/country=idn/index.html,1-0,"BANGKOK - Bangkok , Thailand"
men,1975,3,Continental Qualifier,236393,Sunday 23/03/1975,Group 3,42040,19750323,mas,Malaysia,/world-match-centre/teams/country=mas/index.html,svm,South Vietnam,/world-match-centre/teams/country=svm/index.html,3-0,"BANGKOK - Bangkok , Thailand"
men,1975,3,Continental Qualifier,236393,Monday 24/03/1975,Group 3,42041,19750324,tha,Thailand,/world-match-centre/teams/country=tha/index.html,kor,Korea Republic,/world-match-centre/teams/country=kor/index.html,1-0,"BANGKOK - Bangkok , Thailand"
men,1975,3,Continental Qualifier,236479,Tuesday 25/03/1975,First Stage,42244,19750325,tun,Tunisia,/world-match-centre/teams/country=tun/index.html,alg,Algeria,/world-match-centre/teams/country=alg/index.html,1-1,"TUNIS - Tunis , Tunisia"
men,1975,3,Friendly,2000010101,Wednesday 12/03/1975,"",48700,19750312,eng,England,/world-match-centre/teams/country=eng/index.html,frg,Germany FR,/world-match-centre/teams/country=frg/index.html,2-0,"Wembley Stadium - London , England"
men,1975,3,Friendly,2000010101,Wednesday 19/03/1975,"",48699,19750319,tur,Turkey,/world-match-centre/teams/country=tur/index.html,rou,Romania,/world-match-centre/teams/country=rou/index.html,1-1,"ISTANBUL - Istanbul , Turkey"
men,1975,3,Friendly,2000010101,Wednesday 26/03/1975,"",48696,19750326,pol,Poland,/world-match-centre/teams/country=pol/index.html,usa,USA,/world-match-centre/teams/country=usa/index.html,7-0,"POZNAN - Poznan , Poland"
men,1975,3,Friendly,2000010101,Wednesday 26/03/1975,"",48697,19750326,fra,France,/world-match-centre/teams/country=fra/index.html,hun,Hungary,/world-match-centre/teams/country=hun/index.html,2-0,"PARIS - Paris , France"
men,1975,3,Friendly,2000010101,Wednesday 26/03/1975,"",48698,19750326,gdr,German DR,/world-match-centre/teams/country=gdr/index.html,bul,Bulgaria,/world-match-centre/teams/country=bul/index.html,0-0,""
men,1975,3,Friendly,2000010101,Monday 31/03/1975,"",48695,19750331,tch,Czechoslovakia,/world-match-centre/teams/country=tch/index.html,rou,Romania,/world-match-centre/teams/country=rou/index.html,1-1,PRAGUE - Prague
men,1975,4,Continental Qualifier,3131,Wednesday 02/04/1975,Group 2,9322,19750402,aut,Austria,/world-match-centre/teams/country=aut/index.html,hun,Hungary,/world-match-centre/teams/country=hun/index.html,0-0,"VIENNA - Vienna , Austria"
men,1975,4,Continental Qualifier,3131,Wednesday 02/04/1975,Group 6,9368,19750402,urs,Soviet Union,/world-match-centre/teams/country=urs/index.html,tur,Turkey,/world-match-centre/teams/country=tur/index.html,3-0,"Republican Stadium - Kiev , Ukraine"
men,1975,4,Continental Qualifier,3131,Wednesday 16/04/1975,Group 1,9307,19750416,eng,England,/world-match-centre/teams/country=eng/index.html,cyp,Cyprus,/world-match-centre/teams/country=cyp/index.html,5-0,"LONDON - London , England"
men,1975,4,Continental Qualifier,3131,Wednesday 16/04/1975,Group 2,9323,19750416,hun,Hungary,/world-match-centre/teams/country=hun/index.html,wal,Wales,/world-match-centre/teams/country=wal/index.html,1-2,"BUDAPEST - Budapest , Hungary"
men,1975,4,Continental Qualifier,3131,Thursday 17/04/1975,Group 4,9345,19750417,esp,Spain,/world-match-centre/teams/country=esp/index.html,rou,Romania,/world-match-centre/teams/country=rou/index.html,1-1,"MADRID - Madrid , Spain"
men,1975,4,Continental Qualifier,3131,Saturday 19/04/1975,Group 5,9357,19750419,ita,Italy,/world-match-centre/teams/country=ita/index.html,pol,Poland,/world-match-centre/teams/country=pol/index.html,0-0,"ROME - Rome , Italy"
men,1975,4,Continental Qualifier,3131,Sunday 20/04/1975,Group 1,9308,19750420,tch,Czechoslovakia,/world-match-centre/teams/country=tch/index.html,cyp,Cyprus,/world-match-centre/teams/country=cyp/index.html,4-0,"PRAGUE - Prague , Czech Republic"
men,1975,4,Continental Qualifier,3131,Sunday 27/04/1975,Group 8,9394,19750427,bul,Bulgaria,/world-match-centre/teams/country=bul/index.html,frg,Germany FR,/world-match-centre/teams/country=frg/index.html,1-1,"SOFIA - Sofia , Bulgaria"
men,1975,4,Continental Qualifier,3131,Wednesday 30/04/1975,Group 1,9309,19750430,tch,Czechoslovakia,/world-match-centre/teams/country=tch/index.html,por,Portugal,/world-match-centre/teams/country=por/index.html,5-0,"PRAGUE - Prague , Czech Republic"
men,1975,4,Continental Qualifier,3131,Wednesday 30/04/1975,Group 6,9369,19750430,sui,Switzerland,/world-match-centre/teams/country=sui/index.html,tur,Turkey,/world-match-centre/teams/country=tur/index.html,1-1,"ZURICH - Zurich , Switzerland"
men,1975,4,Continental Qualifier,236393,Wednesday 02/04/1975,Group 2,42020,19750402,irq,Iraq,/world-match-centre/teams/country=irq/index.html,qat,Qatar,/world-match-centre/teams/country=qat/index.html,1-0,"BAGHDAD - Baghdad , Iraq"
men,1975,4,Continental Qualifier,236393,Wednesday 02/04/1975,Group 2,42021,19750402,ksa,Saudi Arabia,/world-match-centre/teams/country=ksa/index.html,afg,Afghanistan,/world-match-centre/teams/country=afg/index.html,2-0,"BAGHDAD - Baghdad , Iraq"
men,1975,4,Continental Qualifier,236393,Friday 04/04/1975,Group 2,42022,19750404,irq,Iraq,/world-match-centre/teams/country=irq/index.html,afg,Afghanistan,/world-match-centre/teams/country=afg/index.html,4-0,"BAGHDAD - Baghdad , Iraq"
men,1975,4,Continental Qualifier,236393,Friday 04/04/1975,Group 2,42023,19750404,ksa,Saudi Arabia,/world-match-centre/teams/country=ksa/index.html,qat,Qatar,/world-match-centre/teams/country=qat/index.html,2-1,"BAGHDAD - Baghdad , Iraq"
men,1975,4,Continental Qualifier,236393,Sunday 06/04/1975,Group 2,42024,19750406,irq,Iraq,/world-match-centre/teams/country=irq/index.html,ksa,Saudi Arabia,/world-match-centre/teams/country=ksa/index.html,1-1,"BAGHDAD - Baghdad , Iraq"
men,1975,4,Continental Qualifier,236393,Sunday 06/04/1975,Group 2,42025,19750406,qat,Qatar,/world-match-centre/teams/country=qat/index.html,afg,Afghanistan,/world-match-centre/teams/country=afg/index.html,2-1,"BAGHDAD - Baghdad , Iraq"
men,1975,4,Continental Qualifier,236393,Thursday 10/04/1975,Group 2,42026,19750410,irq,Iraq,/world-match-centre/teams/country=irq/index.html,qat,Qatar,/world-match-centre/teams/country=qat/index.html,3-0,"BAGHDAD - Baghdad , Iraq"
men,1975,4,Continental Qualifier,236393,Thursday 10/04/1975,Group 2,42027,19750410,ksa,Saudi Arabia,/world-match-centre/teams/country=ksa/index.html,afg,Afghanistan,/world-match-centre/teams/country=afg/index.html,6-0,"BAGHDAD - Baghdad , Iraq"
men,1975,4,Continental Qualifier,236393,Saturday 12/04/1975,Group 2,42028,19750412,irq,Iraq,/world-match-centre/teams/country=irq/index.html,ksa,Saudi Arabia,/world-match-centre/teams/country=ksa/index.html,2-1,"BAGHDAD - Baghdad , Iraq"
men,1975,4,Continental Qualifier,236393,Saturday 12/04/1975,Group 2,42029,19750412,qat,Qatar,/world-match-centre/teams/country=qat/index.html,afg,Afghanistan,/world-match-centre/teams/country=afg/index.html,1-1,"BAGHDAD - Baghdad , Iraq"
men,1975,4,Continental Qualifier,236393,Monday 14/04/1975,Group 2,42030,19750414,irq,Iraq,/world-match-centre/teams/country=irq/index.html,afg,Afghanistan,/world-match-centre/teams/country=afg/index.html,3-1,"BAGHDAD - Baghdad , Iraq"
men,1975,4,Continental Qualifier,236393,Monday 14/04/1975,Group 2,42031,19750414,ksa,Saudi Arabia,/world-match-centre/teams/country=ksa/index.html,qat,Qatar,/world-match-centre/teams/country=qat/index.html,0-1,"BAGHDAD - Baghdad , Iraq"
men,1975,4,Continental Qualifier,236479,Sunday 06/04/1975,First Stage,42247,19750406,alg,Algeria,/world-match-centre/teams/country=alg/index.html,tun,Tunisia,/world-match-centre/teams/country=tun/index.html,1-2,"ORAN - Oran , Algeria"
men,1975,4,Continental Qualifier,236479,Sunday 13/04/1975,First Stage,42240,19750413,mli,Mali,/world-match-centre/teams/country=mli/index.html,gha,Ghana,/world-match-centre/teams/country=gha/index.html,3-1,"BAMAKO - Bamako , Mali"
men,1975,4,Continental Qualifier,236479,Sunday 27/04/1975,First Stage,42250,19750427,gha,Ghana,/world-match-centre/teams/country=gha/index.html,mli,Mali,/world-match-centre/teams/country=mli/index.html,4-0,"ACCRA - Accra , Ghana"
men,1975,4,Friendly,2000010101,Tuesday 01/04/1975,"",48694,19750401,cyp,Cyprus,/world-match-centre/teams/country=cyp/index.html,gre,Greece,/world-match-centre/teams/country=gre/index.html,1-2,"NICOSIA - Nicosia , Cyprus"
men,1975,4,Friendly,2000010101,Wednesday 16/04/1975,"",48757,19750416,swe,Sweden,/world-match-centre/teams/country=swe/index.html,sco,Scotland,/world-match-centre/teams/country=sco/index.html,1-1,"GOTHENBURG - Gothenburg , Sweden"
men,1975,4,Friendly,2000010101,Saturday 26/04/1975,"",48756,19750426,fra,France,/world-match-centre/teams/country=fra/index.html,por,Portugal,/world-match-centre/teams/country=por/index.html,0-2,"PARIS - Paris , France"
men,1975,4,Friendly,2000010101,Wednesday 30/04/1975,"",48755,19750430,bel,Belgium,/world-match-centre/teams/country=bel/index.html,ned,Netherlands,/world-match-centre/teams/country=ned/index.html,1-0,"ANTWERP - Antwerp , Belgium"
men,1975,5,Continental Qualifier,3131,Thursday 01/05/1975,Group 2,9324,19750501,lux,Luxembourg,/world-match-centre/teams/country=lux/index.html,wal,Wales,/world-match-centre/teams/country=wal/index.html,1-3,"LUXEMBOURG - Luxembourg , Luxembourg"
men,1975,5,Continental Qualifier,3131,Saturday 10/05/1975,Group 6,9370,19750510,irl,Republic of Ireland,/world-match-centre/teams/country=irl/index.html,sui,Switzerland,/world-match-centre/teams/country=sui/index.html,2-1,"DUBLIN - Dublin , Republic of Ireland"
men,1975,5,Continental Qualifier,3131,Sunday 11/05/1975,Group 1,9310,19750511,cyp,Cyprus,/world-match-centre/teams/country=cyp/index.html,eng,England,/world-match-centre/teams/country=eng/index.html,0-1,"LIMASSOL - Limassol , Cyprus"
men,1975,5,Continental Qualifier,3131,Sunday 11/05/1975,Group 4,9346,19750511,rou,Romania,/world-match-centre/teams/country=rou/index.html,den,Denmark,/world-match-centre/teams/country=den/index.html,6-1,"BUCHAREST - Bucharest , Romania"
men,1975,5,Continental Qualifier,3131,Sunday 18/05/1975,Group 6,9371,19750518,urs,Soviet Union,/world-match-centre/teams/country=urs/index.html,irl,Republic of Ireland,/world-match-centre/teams/country=irl/index.html,2-1,"Republican Stadium - Kiev , Ukraine"
men,1975,5,Continental Qualifier,3131,Wednesday 21/05/1975,Group 6,9372,19750521,sui,Switzerland,/world-match-centre/teams/country=sui/index.html,irl,Republic of Ireland,/world-match-centre/teams/country=irl/index.html,1-0,"Stade de Suisse - Berne , Switzerland"
men,1975,5,Continental Qualifier,3131,Sunday 25/05/1975,Group 7,9382,19750525,isl,Iceland,/world-match-centre/teams/country=isl/index.html,fra,France,/world-match-centre/teams/country=fra/index.html,0-0,"REYKJAVIK - Reykjavik , Iceland"
men,1975,5,Continental Qualifier,236393,Thursday 01/05/1975,Group A,42046,19750501,hkg,Hong Kong,/world-match-centre/teams/country=hkg/index.html,bru,Brunei Darussalam,/world-match-centre/teams/country=bru/index.html,3-0,"HONG KONG - Hong Kong , Hong Kong"
men,1975,5,Continental Qualifier,236393,Sunday 04/05/1975,Group A,42045,19750504,chn,China PR,/world-match-centre/teams/country=chn/index.html,bru,Brunei Darussalam,/world-match-centre/teams/country=bru/index.html,10-1,"HONG KONG - Hong Kong , Hong Kong"
men,1975,5,Continental Qualifier,236393,Monday 05/05/1975,Group B,42050,19750505,prk,Korea DPR,/world-match-centre/teams/country=prk/index.html,sin,Singapore,/world-match-centre/teams/country=sin/index.html,1-0,"HONG KONG - Hong Kong , Hong Kong"
men,1975,5,Continental Qualifier,236393,Friday 09/05/1975,Group A,42047,19750509,hkg,Hong Kong,/world-match-centre/teams/country=hkg/index.html,chn,China PR,/world-match-centre/teams/country=chn/index.html,0-1,"HONG KONG - Hong Kong , Hong Kong"
men,1975,5,Continental Qualifier,236393,Monday 12/05/1975,Semifinals,42052,19750512,hkg,Hong Kong,/world-match-centre/teams/country=hkg/index.html,prk,Korea DPR,/world-match-centre/teams/country=prk/index.html,3-3 (10-11) Win on penalty,"HONG KONG - Hong Kong , Hong Kong"
men,1975,5,Continental Qualifier,236393,Thursday 15/05/1975,Final,42054,19750515,prk,Korea DPR,/world-match-centre/teams/country=prk/index.html,chn,China PR,/world-match-centre/teams/country=chn/index.html,2-0,"HONG KONG - Hong Kong , Hong Kong"
men,1975,5,Friendly,2000010101,Saturday 10/05/1975,"",52526,19750510,tha,Thailand,/world-match-centre/teams/country=tha/index.html,mas,Malaysia,/world-match-centre/teams/country=mas/index.html,3-3,"SEOUL - Seoul , Korea Republic"
men,1975,5,Friendly,2000010101,Tuesday 13/05/1975,"",48754,19750513,sco,Scotland,/world-match-centre/teams/country=sco/index.html,por,Portugal,/world-match-centre/teams/country=por/index.html,1-0,"GLASGOW - Glasgow , Scotland"
men,1975,5,Friendly,2000010101,Tuesday 13/05/1975,"",52525,19750513,mya,Burma,/world-match-centre/teams/country=mya/index.html,mas,Malaysia,/world-match-centre/teams/country=mas/index.html,2-0,"SEOUL - Seoul , Korea Republic"
men,1975,5,Friendly,2000010101,Thursday 15/05/1975,"",52523,19750515,mya,Burma,/world-match-centre/teams/country=mya/index.html,tha,Thailand,/world-match-centre/teams/country=tha/index.html,4-1,"SEOUL - Seoul , Korea Republic"
men,1975,5,Friendly,2000010101,Friday 16/05/1975,"",52518,19750516,kor,Korea Republic,/world-match-centre/teams/country=kor/index.html,lib,Lebanon,/world-match-centre/teams/country=lib/index.html,1-0,"SEOUL - Seoul , Korea Republic"
men,1975,5,Friendly,2000010101,Saturday 17/05/1975,"",48753,19750517,frg,Germany FR,/world-match-centre/teams/country=frg/index.html,ned,Netherlands,/world-match-centre/teams/country=ned/index.html,1-1,Waldstadion - Frankfurt/Main
men,1975,5,Friendly,2000010101,Saturday 17/05/1975,"",44252,19750517,nir,Northern Ireland,/world-match-centre/teams/country=nir/index.html,eng,England,/world-match-centre/teams/country=eng/index.html,0-0,"BELFAST - Belfast , Northern Ireland"
men,1975,5,Friendly,2000010101,Saturday 17/05/1975,"",44253,19750517,wal,Wales,/world-match-centre/teams/country=wal/index.html,sco,Scotland,/world-match-centre/teams/country=sco/index.html,2-2,"CARDIFF - Cardiff , Wales"
men,1975,5,Friendly,2000010101,Monday 19/05/1975,"",48752,19750519,swe,Sweden,/world-match-centre/teams/country=swe/index.html,alg,Algeria,/world-match-centre/teams/country=alg/index.html,4-0,"Orjans Vall - Halmstad , Sweden"
men,1975,5,Friendly,2000010101,Tuesday 20/05/1975,"",44254,19750520,sco,Scotland,/world-match-centre/teams/country=sco/index.html,nir,Northern Ireland,/world-match-centre/teams/country=nir/index.html,3-0,"GLASGOW - Glasgow , Scotland"
men,1975,5,Friendly,2000010101,Wednesday 21/05/1975,"",44255,19750521,eng,England,/world-match-centre/teams/country=eng/index.html,wal,Wales,/world-match-centre/teams/country=wal/index.html,2-2,"LONDON - London , England"
men,1975,5,Friendly,2000010101,Thursday 22/05/1975,"",52531,19750522,kor,Korea Republic,/world-match-centre/teams/country=kor/index.html,mya,Burma,/world-match-centre/teams/country=mya/index.html,1-0,"SEOUL - Seoul , Korea Republic"
men,1975,5,Friendly,2000010101,Friday 23/05/1975,"",44256,19750523,nir,Northern Ireland,/world-match-centre/teams/country=nir/index.html,wal,Wales,/world-match-centre/teams/country=wal/index.html,1-0,"BELFAST - Belfast , Northern Ireland"
men,1975,5,Friendly,2000010101,Saturday 24/05/1975,"",44257,19750524,eng,England,/world-match-centre/teams/country=eng/index.html,sco,Scotland,/world-match-centre/teams/country=sco/index.html,5-1,"LONDON - London , England"
men,1975,5,Friendly,2000010101,Monday 26/05/1975,"",48751,19750526,alg,Algeria,/world-match-centre/teams/country=alg/index.html,lby,Libya,/world-match-centre/teams/country=lby/index.html,6-0,""
men,1975,5,Friendly,2000010101,Wednesday 28/05/1975,"",48749,19750528,gdr,German DR,/world-match-centre/teams/country=gdr/index.html,pol,Poland,/world-match-centre/teams/country=pol/index.html,1-2,""
men,1975,5,Friendly,2000010101,Wednesday 28/05/1975,"",48750,19750528,alg,Algeria,/world-match-centre/teams/country=alg/index.html,mtn,Mauritania,/world-match-centre/teams/country=mtn/index.html,8-0,""
men,1975,5,Friendly,2000010101,Friday 30/05/1975,"",48748,19750530,alg,Algeria,/world-match-centre/teams/country=alg/index.html,tun,Tunisia,/world-match-centre/teams/country=tun/index.html,2-1,""
men,1975,5,Friendly,2000010101,Saturday 31/05/1975,"",48747,19750531,yug,Yugoslavia,/world-match-centre/teams/country=yug/index.html,ned,Netherlands,/world-match-centre/teams/country=ned/index.html,3-0,BELGRADE - Belgrade
men,1975,5,Friendly,2000010101,Sunday 01/06/1975,"",48746,19750601,alg,Algeria,/world-match-centre/teams/country=alg/index.html,mar,Morocco,/world-match-centre/teams/country=mar/index.html,1-0,""
men,1975,6,Continental Qualifier,3131,Sunday 01/06/1975,Group 4,9347,19750601,rou,Romania,/world-match-centre/teams/country=rou/index.html,sco,Scotland,/world-match-centre/teams/country=sco/index.html,1-1,"BUCHAREST - Bucharest , Romania"
men,1975,6,Continental Qualifier,3131,Wednesday 04/06/1975,Group 3,9333,19750604,swe,Sweden,/world-match-centre/teams/country=swe/index.html,yug,Yugoslavia,/world-match-centre/teams/country=yug/index.html,1-2,"Rasunda Stadium - Solna , Sweden"
men,1975,6,Continental Qualifier,3131,Wednesday 04/06/1975,Group 8,9395,19750604,gre,Greece,/world-match-centre/teams/country=gre/index.html,mlt,Malta,/world-match-centre/teams/country=mlt/index.html,4-0,"THESSALONIKI - Thessaloniki , Greece"
men,1975,6,Continental Qualifier,3131,Thursday 05/06/1975,Group 5,9358,19750605,fin,Finland,/world-match-centre/teams/country=fin/index.html,ita,Italy,/world-match-centre/teams/country=ita/index.html,0-1,"HELSINKI - Helsinki , Finland"
men,1975,6,Continental Qualifier,3131,Thursday 05/06/1975,Group 7,9383,19750605,isl,Iceland,/world-match-centre/teams/country=isl/index.html,gdr,German DR,/world-match-centre/teams/country=gdr/index.html,2-1,"REYKJAVIK - Reykjavik , Iceland"
men,1975,6,Continental Qualifier,3131,Sunday 08/06/1975,Group 1,9311,19750608,cyp,Cyprus,/world-match-centre/teams/country=cyp/index.html,por,Portugal,/world-match-centre/teams/country=por/index.html,0-2,"LIMASSOL - Limassol , Cyprus"
men,1975,6,Continental Qualifier,3131,Monday 09/06/1975,Group 3,9334,19750609,nor,Norway,/world-match-centre/teams/country=nor/index.html,yug,Yugoslavia,/world-match-centre/teams/country=yug/index.html,1-3,"OSLO - Oslo , Norway"
men,1975,6,Continental Qualifier,3131,Wednesday 11/06/1975,Group 8,9396,19750611,bul,Bulgaria,/world-match-centre/teams/country=bul/index.html,mlt,Malta,/world-match-centre/teams/country=mlt/index.html,5-0,"SOFIA - Sofia , Bulgaria"
men,1975,6,Continental Qualifier,3131,Monday 30/06/1975,Group 3,9335,19750630,swe,Sweden,/world-match-centre/teams/country=swe/index.html,nor,Norway,/world-match-centre/teams/country=nor/index.html,3-1,"Rasunda Stadium - Solna , Sweden"
men,1975,6,Continental Qualifier,236393,Sunday 01/06/1975,Preliminary Stage,42042,19750601,chn,China PR,/world-match-centre/teams/country=chn/index.html,prk,Korea DPR,/world-match-centre/teams/country=prk/index.html,1-0,"HONG KONG - Hong Kong , Hong Kong"
men,1975,6,Continental Qualifier,236393,Saturday 14/06/1975,Preliminary Stage,42043,19750614,hkg,Hong Kong,/world-match-centre/teams/country=hkg/index.html,jpn,Japan,/world-match-centre/teams/country=jpn/index.html,0-0 (4-3) Win on penalty,"HONG KONG - Hong Kong , Hong Kong"
men,1975,6,Continental Qualifier,236393,Tuesday 17/06/1975,Group B,42049,19750617,prk,Korea DPR,/world-match-centre/teams/country=prk/index.html,jpn,Japan,/world-match-centre/teams/country=jpn/index.html,1-0,"HONG KONG - Hong Kong , Hong Kong"
men,1975,6,Continental Qualifier,236393,Saturday 21/06/1975,Group B,42048,19750621,jpn,Japan,/world-match-centre/teams/country=jpn/index.html,sin,Singapore,/world-match-centre/teams/country=sin/index.html,2-1,"HONG KONG - Hong Kong , Hong Kong"
men,1975,6,Continental Qualifier,236393,Monday 23/06/1975,Semifinals,42051,19750623,chn,China PR,/world-match-centre/teams/country=chn/index.html,jpn,Japan,/world-match-centre/teams/country=jpn/index.html,2-1,"HONG KONG - Hong Kong , Hong Kong"
men,1975,6,Continental Qualifier,236393,Thursday 26/06/1975,Match for 3rd place,42053,19750626,hkg,Hong Kong,/world-match-centre/teams/country=hkg/index.html,jpn,Japan,/world-match-centre/teams/country=jpn/index.html,0-1,"HONG KONG - Hong Kong , Hong Kong"
men,1975,6,Friendly,2000010101,Sunday 01/06/1975,"",48746,19750601,alg,Algeria,/world-match-centre/teams/country=alg/index.html,mar,Morocco,/world-match-centre/teams/country=mar/index.html,1-0,""
men,1975,6,Friendly,2000010101,Wednesday 04/06/1975,"",48745,19750604,uru,Uruguay,/world-match-centre/teams/country=uru/index.html,chi,Chile,/world-match-centre/teams/country=chi/index.html,1-0,"MONTEVIDEO - Montevideo , Uruguay"
men,1975,6,Friendly,2000010101,Saturday 07/06/1975,"",48744,19750607,aut,Austria,/world-match-centre/teams/country=aut/index.html,tch,Czechoslovakia,/world-match-centre/teams/country=tch/index.html,0-0,"VIENNA - Vienna , Austria"
men,1975,6,Friendly,2000010101,Thursday 12/06/1975,"",48743,19750612,par,Paraguay,/world-match-centre/teams/country=par/index.html,uru,Uruguay,/world-match-centre/teams/country=uru/index.html,0-1,"ASUNCION - Asuncion , Paraguay"
men,1975,6,Friendly,2000010101,Thursday 12/06/1975,"",50782,19750612,idn,Indonesia,/world-match-centre/teams/country=idn/index.html,tha,Thailand,/world-match-centre/teams/country=tha/index.html,5-0,"JAKARTA - Jakarta , Indonesia"
men,1975,6,Friendly,2000010101,Thursday 12/06/1975,"",50785,19750612,mya,Burma,/world-match-centre/teams/country=mya/index.html,kor,Korea Republic,/world-match-centre/teams/country=kor/index.html,0-2,"JAKARTA - Jakarta , Indonesia"
men,1975,6,Friendly,2000010101,Friday 13/06/1975,"",50781,19750613,mas,Malaysia,/world-match-centre/teams/country=mas/index.html,tha,Thailand,/world-match-centre/teams/country=tha/index.html,1-0,"JAKARTA - Jakarta , Indonesia"
men,1975,6,Friendly,2000010101,Saturday 14/06/1975,"",50780,19750614,idn,Indonesia,/world-match-centre/teams/country=idn/index.html,mas,Malaysia,/world-match-centre/teams/country=mas/index.html,3-1,"JAKARTA - Jakarta , Indonesia"
men,1975,6,Friendly,2000010101,Monday 16/06/1975,"",50786,19750616,mas,Malaysia,/world-match-centre/teams/country=mas/index.html,kor,Korea Republic,/world-match-centre/teams/country=kor/index.html,5-4,"JAKARTA - Jakarta , Indonesia"
men,1975,6,Friendly,2000010101,Monday 16/06/1975,"",50787,19750616,idn,Indonesia,/world-match-centre/teams/country=idn/index.html,mya,Burma,/world-match-centre/teams/country=mya/index.html,0-2,"JAKARTA - Jakarta , Indonesia"
men,1975,6,Friendly,2000010101,Wednesday 18/06/1975,"",50788,19750618,idn,Indonesia,/world-match-centre/teams/country=idn/index.html,kor,Korea Republic,/world-match-centre/teams/country=kor/index.html,3-2,"JAKARTA - Jakarta , Indonesia"
men,1975,6,Friendly,2000010101,Wednesday 18/06/1975,"",50789,19750618,mya,Burma,/world-match-centre/teams/country=mya/index.html,mas,Malaysia,/world-match-centre/teams/country=mas/index.html,2-0,"JAKARTA - Jakarta , Indonesia"
men,1975,6,Friendly,2000010101,Thursday 19/06/1975,"",48742,19750619,uru,Uruguay,/world-match-centre/teams/country=uru/index.html,par,Paraguay,/world-match-centre/teams/country=par/index.html,0-1,"MONTEVIDEO - Montevideo , Uruguay"
men,1975,6,Friendly,2000010101,Sunday 22/06/1975,"",48741,19750622,ecu,Ecuador,/world-match-centre/teams/country=ecu/index.html,per,Peru,/world-match-centre/teams/country=per/index.html,6-0,"QUITO - Quito , Ecuador"
men,1975,6,Friendly,2000010101,Tuesday 24/06/1975,"",48739,19750624,usa,USA,/world-match-centre/teams/country=usa/index.html,pol,Poland,/world-match-centre/teams/country=pol/index.html,0-4,"SEATTLE - Seattle , USA"
men,1975,6,Friendly,2000010101,Wednesday 25/06/1975,"",48737,19750625,ecu,Ecuador,/world-match-centre/teams/country=ecu/index.html,per,Peru,/world-match-centre/teams/country=per/index.html,1-0,"GUAYAQUIL - Guayaquil , Ecuador"
men,1975,6,Friendly,2000010101,Wednesday 25/06/1975,"",48738,19750625,chi,Chile,/world-match-centre/teams/country=chi/index.html,uru,Uruguay,/world-match-centre/teams/country=uru/index.html,1-3,"SANTIAGO DE CHILE - Santiago De Chile , Chile"
men,1975,6,Friendly,2000010101,Wednesday 25/06/1975,"",52340,19750625,den,Denmark,/world-match-centre/teams/country=den/index.html,fin,Finland,/world-match-centre/teams/country=fin/index.html,2-0,"COPENHAGEN - Copenhagen , Denmark"
men,1975,6,Friendly,2000010101,Friday 27/06/1975,"",48736,19750627,bol,Bolivia,/world-match-centre/teams/country=bol/index.html,arg,Argentina,/world-match-centre/teams/country=arg/index.html,1-2,"COCHABAMBA - Cochabamba , Bolivia"
men,1975,6,Friendly,2000010101,Tuesday 01/07/1975,"",48735,19750701,per,Peru,/world-match-centre/teams/country=per/index.html,ecu,Ecuador,/world-match-centre/teams/country=ecu/index.html,2-0,"LIMA - Lima , Peru"
men,1975,7,Continental Final,235974,Thursday 17/07/1975,Group 2,41139,19750717,chi,Chile,/world-match-centre/teams/country=chi/index.html,per,Peru,/world-match-centre/teams/country=per/index.html,1-1,"Estadio Nacional Julio Mart鱈nez Pr叩danos - Santiago De Chile , Chile"
men,1975,7,Continental Final,235974,Sunday 20/07/1975,Group 2,41140,19750720,bol,Bolivia,/world-match-centre/teams/country=bol/index.html,chi,Chile,/world-match-centre/teams/country=chi/index.html,2-1,"J. Bermudez - Oruro , Bolivia"
men,1975,7,Continental Final,235974,Sunday 20/07/1975,Group 3,41145,19750720,col,Colombia,/world-match-centre/teams/country=col/index.html,par,Paraguay,/world-match-centre/teams/country=par/index.html,1-0,"Estadio Nemesio Camacho 'El Campin' - Bogota , Colombia"
men,1975,7,Continental Final,235974,Thursday 24/07/1975,Group 3,41146,19750724,ecu,Ecuador,/world-match-centre/teams/country=ecu/index.html,par,Paraguay,/world-match-centre/teams/country=par/index.html,2-2,"Modelo - Guayaquil , Ecuador"
men,1975,7,Continental Final,235974,Sunday 27/07/1975,Group 2,41141,19750727,bol,Bolivia,/world-match-centre/teams/country=bol/index.html,per,Peru,/world-match-centre/teams/country=per/index.html,0-1,"J. Bermudez - Oruro , Bolivia"
men,1975,7,Continental Final,235974,Sunday 27/07/1975,Group 3,41147,19750727,ecu,Ecuador,/world-match-centre/teams/country=ecu/index.html,col,Colombia,/world-match-centre/teams/country=col/index.html,1-3,"Estadio Olimpico Atahualpa - Quito , Ecuador"
men,1975,7,Continental Final,235974,Wednesday 30/07/1975,Group 3,41148,19750730,par,Paraguay,/world-match-centre/teams/country=par/index.html,col,Colombia,/world-match-centre/teams/country=col/index.html,0-1,"Defensores del Chaco - Asuncion , Paraguay"
men,1975,7,Continental Final,235974,Thursday 31/07/1975,Group 1,41133,19750731,ven,Venezuela,/world-match-centre/teams/country=ven/index.html,bra,Brazil,/world-match-centre/teams/country=bra/index.html,0-4,"Brigido Iriarte - Caracas , Venezuela"
men,1975,7,Continental Qualifier,236479,Sunday 06/07/1975,Second Stage,42261,19750706,tun,Tunisia,/world-match-centre/teams/country=tun/index.html,sdn,Sudan,/world-match-centre/teams/country=sdn/index.html,3-2,"TUNIS - Tunis , Tunisia"
men,1975,7,Continental Qualifier,236479,Sunday 13/07/1975,Second Stage,42258,19750713,gha,Ghana,/world-match-centre/teams/country=gha/index.html,mar,Morocco,/world-match-centre/teams/country=mar/index.html,2-0,"ACCRA - Accra , Ghana"
men,1975,7,Continental Qualifier,236479,Sunday 27/07/1975,Second Stage,42265,19750727,mar,Morocco,/world-match-centre/teams/country=mar/index.html,gha,Ghana,/world-match-centre/teams/country=gha/index.html,2-0,"RABAT - Rabat , Morocco"
men,1975,7,Friendly,2000010101,Tuesday 01/07/1975,"",48735,19750701,per,Peru,/world-match-centre/teams/country=per/index.html,ecu,Ecuador,/world-match-centre/teams/country=ecu/index.html,2-0,"LIMA - Lima , Peru"
men,1975,7,Friendly,2000010101,Sunday 06/07/1975,"",48734,19750706,can,Canada,/world-match-centre/teams/country=can/index.html,pol,Poland,/world-match-centre/teams/country=pol/index.html,1-8,"MONTREAL - Montreal , Canada"
men,1975,7,Friendly,2000010101,Monday 07/07/1975,"",48733,19750707,bol,Bolivia,/world-match-centre/teams/country=bol/index.html,par,Paraguay,/world-match-centre/teams/country=par/index.html,1-2,"COCHABAMBA - Cochabamba , Bolivia"
men,1975,7,Friendly,2000010101,Wednesday 09/07/1975,"",48731,19750709,can,Canada,/world-match-centre/teams/country=can/index.html,pol,Poland,/world-match-centre/teams/country=pol/index.html,1-4,"TORONTO - Toronto , Canada"
men,1975,7,Friendly,2000010101,Wednesday 09/07/1975,"",48732,19750709,bol,Bolivia,/world-match-centre/teams/country=bol/index.html,ecu,Ecuador,/world-match-centre/teams/country=ecu/index.html,1-0,"COCHABAMBA - Cochabamba , Bolivia"
men,1975,7,Friendly,2000010101,Thursday 10/07/1975,"",48730,19750710,per,Peru,/world-match-centre/teams/country=per/index.html,par,Paraguay,/world-match-centre/teams/country=par/index.html,2-0,"LIMA - Lima , Peru"
men,1975,7,Friendly,2000010101,Friday 18/07/1975,"",48729,19750718,uru,Uruguay,/world-match-centre/teams/country=uru/index.html,arg,Argentina,/world-match-centre/teams/country=arg/index.html,2-3,"MONTEVIDEO - Montevideo , Uruguay"
men,1975,7,Friendly,2000010101,Sunday 20/07/1975,"",48728,19750720,nzl,New Zealand,/world-match-centre/teams/country=nzl/index.html,chn,China PR,/world-match-centre/teams/country=chn/index.html,2-1,"AUCKLAND - Auckland , New Zealand"
men,1975,7,Friendly,2000010101,Wednesday 23/07/1975,"",48727,19750723,nzl,New Zealand,/world-match-centre/teams/country=nzl/index.html,chn,China PR,/world-match-centre/teams/country=chn/index.html,2-2,"Wellington Regional Stadium - Wellington , New Zealand"
men,1975,7,Friendly,2000010101,Saturday 26/07/1975,"",48726,19750726,nzl,New Zealand,/world-match-centre/teams/country=nzl/index.html,chn,China PR,/world-match-centre/teams/country=chn/index.html,2-0,"Christchurch Stadium - Christchurch , New Zealand"
men,1975,7,Friendly,2000010101,Tuesday 29/07/1975,"",48725,19750729,can,Canada,/world-match-centre/teams/country=can/index.html,gdr,German DR,/world-match-centre/teams/country=gdr/index.html,0-3,"TORONTO - Toronto , Canada"
men,1975,7,Friendly,2000010101,Tuesday 29/07/1975,"",51888,19750729,kor,Korea Republic,/world-match-centre/teams/country=kor/index.html,hkg,Hong Kong,/world-match-centre/teams/country=hkg/index.html,1-0,"Merdeka - Kuala Lumpur , Malaysia"
men,1975,7,Friendly,2000010101,Tuesday 29/07/1975,"",51889,19750729,mas,Malaysia,/world-match-centre/teams/country=mas/index.html,idn,Indonesia,/world-match-centre/teams/country=idn/index.html,2-1,"Merdeka - Kuala Lumpur , Malaysia"
men,1975,7,Friendly,2000010101,Wednesday 30/07/1975,"",51886,19750730,tha,Thailand,/world-match-centre/teams/country=tha/index.html,mya,Burma,/world-match-centre/teams/country=mya/index.html,0-1,"Merdeka - Kuala Lumpur , Malaysia"
men,1975,7,Friendly,2000010101,Wednesday 30/07/1975,"",51866,19750730,jpn,Japan,/world-match-centre/teams/country=jpn/index.html,hkg,Hong Kong,/world-match-centre/teams/country=hkg/index.html,0-2,"Merdeka - Kuala Lumpur , Malaysia"
men,1975,7,Friendly,2000010101,Thursday 31/07/1975,"",48724,19750731,can,Canada,/world-match-centre/teams/country=can/index.html,gdr,German DR,/world-match-centre/teams/country=gdr/index.html,1-7,"Lansdowne Stadium - Ottawa , Canada"
men,1975,7,Friendly,2000010101,Thursday 31/07/1975,"",51884,19750731,kor,Korea Republic,/world-match-centre/teams/country=kor/index.html,idn,Indonesia,/world-match-centre/teams/country=idn/index.html,5-1,"Merdeka - Kuala Lumpur , Malaysia"
men,1975,7,Friendly,2000010101,Thursday 31/07/1975,"",51885,19750731,mas,Malaysia,/world-match-centre/teams/country=mas/index.html,hkg,Hong Kong,/world-match-centre/teams/country=hkg/index.html,3-1,"Merdeka - Kuala Lumpur , Malaysia"
men,1975,7,Friendly,2000010101,Friday 01/08/1975,"",51883,19750801,mya,Burma,/world-match-centre/teams/country=mya/index.html,ban,Bangladesh,/world-match-centre/teams/country=ban/index.html,7-1,"Merdeka - Kuala Lumpur , Malaysia"
men,1975,7,Friendly,2000010101,Friday 01/08/1975,"",51864,19750801,mas,Malaysia,/world-match-centre/teams/country=mas/index.html,kor,Korea Republic,/world-match-centre/teams/country=kor/index.html,1-3,"Merdeka - Kuala Lumpur , Malaysia"
men,1975,8,Continental Qualifier,3131,Wednesday 13/08/1975,Group 3,9336,19750813,nor,Norway,/world-match-centre/teams/country=nor/index.html,swe,Sweden,/world-match-centre/teams/country=swe/index.html,0-2,"OSLO - Oslo , Norway"
men,1975,8,Continental Final,235974,Sunday 03/08/1975,Group 1,41134,19750803,ven,Venezuela,/world-match-centre/teams/country=ven/index.html,arg,Argentina,/world-match-centre/teams/country=arg/index.html,1-5,"Brigido Iriarte - Caracas , Venezuela"
men,1975,8,Continental Final,235974,Wednesday 06/08/1975,Group 1,41135,19750806,bra,Brazil,/world-match-centre/teams/country=bra/index.html,arg,Argentina,/world-match-centre/teams/country=arg/index.html,2-1,"Estadio Mineirao - Belo Horizonte , Brazil"
men,1975,8,Continental Final,235974,Thursday 07/08/1975,Group 2,41142,19750807,per,Peru,/world-match-centre/teams/country=per/index.html,bol,Bolivia,/world-match-centre/teams/country=bol/index.html,3-1,"Estadio Nacional - Lima , Peru"
men,1975,8,Continental Final,235974,Thursday 07/08/1975,Group 3,41149,19750807,col,Colombia,/world-match-centre/teams/country=col/index.html,ecu,Ecuador,/world-match-centre/teams/country=ecu/index.html,2-0,"Estadio Nemesio Camacho 'El Campin' - Bogota , Colombia"
men,1975,8,Continental Final,235974,Sunday 10/08/1975,Group 1,41136,19750810,arg,Argentina,/world-match-centre/teams/country=arg/index.html,ven,Venezuela,/world-match-centre/teams/country=ven/index.html,11-0,"Rosario Central - Santa Fe , Argentina"
men,1975,8,Continental Final,235974,Sunday 10/08/1975,Group 3,41150,19750810,par,Paraguay,/world-match-centre/teams/country=par/index.html,ecu,Ecuador,/world-match-centre/teams/country=ecu/index.html,3-1,"Defensores del Chaco - Asuncion , Paraguay"
men,1975,8,Continental Final,235974,Wednesday 13/08/1975,Group 1,41137,19750813,bra,Brazil,/world-match-centre/teams/country=bra/index.html,ven,Venezuela,/world-match-centre/teams/country=ven/index.html,6-0,"Estadio Mineirao - Belo Horizonte , Brazil"
men,1975,8,Continental Final,235974,Wednesday 13/08/1975,Group 2,41143,19750813,chi,Chile,/world-match-centre/teams/country=chi/index.html,bol,Bolivia,/world-match-centre/teams/country=bol/index.html,4-0,"Estadio Nacional Julio Mart鱈nez Pr叩danos - Santiago De Chile , Chile"
men,1975,8,Continental Final,235974,Saturday 16/08/1975,Group 1,41138,19750816,arg,Argentina,/world-match-centre/teams/country=arg/index.html,bra,Brazil,/world-match-centre/teams/country=bra/index.html,0-1,"Cordeleon - Rosario , Argentina"
men,1975,8,Continental Final,235974,Wednesday 20/08/1975,Group 2,41144,19750820,per,Peru,/world-match-centre/teams/country=per/index.html,chi,Chile,/world-match-centre/teams/country=chi/index.html,3-1,"Estadio Alejandro Villanueva - Lima , Peru"
men,1975,8,Continental Qualifier,236479,Sunday 10/08/1975,Preliminary Stage,42229,19750810,mar,Morocco,/world-match-centre/teams/country=mar/index.html,gam,Gambia,/world-match-centre/teams/country=gam/index.html,3-0,""
men,1975,8,Continental Qualifier,236479,Sunday 10/08/1975,Preliminary Stage,42230,19750810,som,Somalia,/world-match-centre/teams/country=som/index.html,bdi,Burundi,/world-match-centre/teams/country=bdi/index.html,0-2,""
men,1975,8,Continental Qualifier,236479,Sunday 10/08/1975,Preliminary Stage,42231,19750810,tog,Togo,/world-match-centre/teams/country=tog/index.html,"",Liberia,/world-match-centre/teams/country=/index.html,1-0,"LOME - Lome , Togo"
men,1975,8,Continental Qualifier,236479,Saturday 16/08/1975,Second Stage,42267,19750816,sdn,Sudan,/world-match-centre/teams/country=sdn/index.html,tun,Tunisia,/world-match-centre/teams/country=tun/index.html,2-1,"KHARTOUM - Khartoum , Sudan"
men,1975,8,Continental Qualifier,236479,Sunday 24/08/1975,Preliminary Stage,42233,19750824,bdi,Burundi,/world-match-centre/teams/country=bdi/index.html,som,Somalia,/world-match-centre/teams/country=som/index.html,0-1,""
men,1975,8,Continental Qualifier,236479,Sunday 24/08/1975,Preliminary Stage,42234,19750824,gam,Gambia,/world-match-centre/teams/country=gam/index.html,mar,Morocco,/world-match-centre/teams/country=mar/index.html,0-3,""
men,1975,8,Continental Qualifier,236479,Sunday 24/08/1975,Preliminary Stage,42235,19750824,"",Liberia,/world-match-centre/teams/country=/index.html,tog,Togo,/world-match-centre/teams/country=tog/index.html,0-2,"MONROVIA - Monrovia , Liberia"
men,1975,8,Friendly,2000010101,Friday 01/08/1975,"",51864,19750801,mas,Malaysia,/world-match-centre/teams/country=mas/index.html,kor,Korea Republic,/world-match-centre/teams/country=kor/index.html,1-3,"Merdeka - Kuala Lumpur , Malaysia"
men,1975,8,Friendly,2000010101,Friday 01/08/1975,"",51883,19750801,mya,Burma,/world-match-centre/teams/country=mya/index.html,ban,Bangladesh,/world-match-centre/teams/country=ban/index.html,7-1,"Merdeka - Kuala Lumpur , Malaysia"
men,1975,8,Friendly,2000010101,Saturday 02/08/1975,"",51877,19750802,mas,Malaysia,/world-match-centre/teams/country=mas/index.html,jpn,Japan,/world-match-centre/teams/country=jpn/index.html,2-0,"Merdeka - Kuala Lumpur , Malaysia"
men,1975,8,Friendly,2000010101,Sunday 03/08/1975,"",51881,19750803,mas,Malaysia,/world-match-centre/teams/country=mas/index.html,mya,Burma,/world-match-centre/teams/country=mya/index.html,2-1,"Merdeka - Kuala Lumpur , Malaysia"
men,1975,8,Friendly,2000010101,Monday 04/08/1975,"",51887,19750804,jpn,Japan,/world-match-centre/teams/country=jpn/index.html,ban,Bangladesh,/world-match-centre/teams/country=ban/index.html,3-0,"Merdeka - Kuala Lumpur , Malaysia"
men,1975,8,Friendly,2000010101,Monday 04/08/1975,"",51878,19750804,tha,Thailand,/world-match-centre/teams/country=tha/index.html,idn,Indonesia,/world-match-centre/teams/country=idn/index.html,1-2,"Merdeka - Kuala Lumpur , Malaysia"
men,1975,8,Friendly,2000010101,Monday 04/08/1975,"",51879,19750804,hkg,Hong Kong,/world-match-centre/teams/country=hkg/index.html,ban,Bangladesh,/world-match-centre/teams/country=ban/index.html,9-1,"Merdeka - Kuala Lumpur , Malaysia"
men,1975,8,Friendly,2000010101,Tuesday 05/08/1975,"",51876,19750805,kor,Korea Republic,/world-match-centre/teams/country=kor/index.html,mya,Burma,/world-match-centre/teams/country=mya/index.html,3-2,"Merdeka - Kuala Lumpur , Malaysia"
men,1975,8,Friendly,2000010101,Wednesday 06/08/1975,"",51874,19750806,tha,Thailand,/world-match-centre/teams/country=tha/index.html,hkg,Hong Kong,/world-match-centre/teams/country=hkg/index.html,0-3,"Merdeka - Kuala Lumpur , Malaysia"
men,1975,8,Friendly,2000010101,Wednesday 06/08/1975,"",51875,19750806,idn,Indonesia,/world-match-centre/teams/country=idn/index.html,ban,Bangladesh,/world-match-centre/teams/country=ban/index.html,4-0,"Merdeka - Kuala Lumpur , Malaysia"
men,1975,8,Friendly,2000010101,Thursday 07/08/1975,"",51870,19750807,jpn,Japan,/world-match-centre/teams/country=jpn/index.html,idn,Indonesia,/world-match-centre/teams/country=idn/index.html,4-1,"Merdeka - Kuala Lumpur , Malaysia"
men,1975,8,Friendly,2000010101,Friday 08/08/1975,"",51872,19750808,tha,Thailand,/world-match-centre/teams/country=tha/index.html,kor,Korea Republic,/world-match-centre/teams/country=kor/index.html,0-6,"Merdeka - Kuala Lumpur , Malaysia"
men,1975,8,Friendly,2000010101,Friday 08/08/1975,"",51873,19750808,mas,Malaysia,/world-match-centre/teams/country=mas/index.html,ban,Bangladesh,/world-match-centre/teams/country=ban/index.html,3-0,"Merdeka - Kuala Lumpur , Malaysia"
men,1975,8,Friendly,2000010101,Saturday 09/08/1975,"",51871,19750809,hkg,Hong Kong,/world-match-centre/teams/country=hkg/index.html,mya,Burma,/world-match-centre/teams/country=mya/index.html,0-5,"Merdeka - Kuala Lumpur , Malaysia"
men,1975,8,Friendly,2000010101,Saturday 09/08/1975,"",51880,19750809,kor,Korea Republic,/world-match-centre/teams/country=kor/index.html,jpn,Japan,/world-match-centre/teams/country=jpn/index.html,3-1,"Merdeka - Kuala Lumpur , Malaysia"
men,1975,8,Friendly,2000010101,Sunday 10/08/1975,"",48719,19750810,irn,Iran,/world-match-centre/teams/country=irn/index.html,hun,Hungary,/world-match-centre/teams/country=hun/index.html,1-2,"Azadi Stadium - Tehran , Iran"
men,1975,8,Friendly,2000010101,Sunday 10/08/1975,"",51868,19750810,kor,Korea Republic,/world-match-centre/teams/country=kor/index.html,ban,Bangladesh,/world-match-centre/teams/country=ban/index.html,4-0,"Merdeka - Kuala Lumpur , Malaysia"
men,1975,8,Friendly,2000010101,Sunday 10/08/1975,"",51869,19750810,mas,Malaysia,/world-match-centre/teams/country=mas/index.html,tha,Thailand,/world-match-centre/teams/country=tha/index.html,1-0,"Merdeka - Kuala Lumpur , Malaysia"
men,1975,8,Friendly,2000010101,Monday 11/08/1975,"",51867,19750811,idn,Indonesia,/world-match-centre/teams/country=idn/index.html,mya,Burma,/world-match-centre/teams/country=mya/index.html,0-2,"Merdeka - Kuala Lumpur , Malaysia"
men,1975,8,Friendly,2000010101,Monday 11/08/1975,"",51882,19750811,tha,Thailand,/world-match-centre/teams/country=tha/index.html,jpn,Japan,/world-match-centre/teams/country=jpn/index.html,0-4,"Merdeka - Kuala Lumpur , Malaysia"
men,1975,8,Friendly,2000010101,Thursday 14/08/1975,"",48718,19750814,chn,China PR,/world-match-centre/teams/country=chn/index.html,kuw,Kuwait,/world-match-centre/teams/country=kuw/index.html,3-3,"BEIJING - Beijing , China PR"
men,1975,8,Friendly,2000010101,Thursday 14/08/1975,"",51865,19750814,jpn,Japan,/world-match-centre/teams/country=jpn/index.html,mya,Burma,/world-match-centre/teams/country=mya/index.html,2-0,"Merdeka - Kuala Lumpur , Malaysia"
men,1975,8,Friendly,2000010101,Thursday 14/08/1975,"",51862,19750814,tha,Thailand,/world-match-centre/teams/country=tha/index.html,ban,Bangladesh,/world-match-centre/teams/country=ban/index.html,1-1,"Merdeka - Kuala Lumpur , Malaysia"
men,1975,8,Friendly,2000010101,Thursday 14/08/1975,"",51863,19750814,idn,Indonesia,/world-match-centre/teams/country=idn/index.html,hkg,Hong Kong,/world-match-centre/teams/country=hkg/index.html,3-2,"Merdeka - Kuala Lumpur , Malaysia"
men,1975,8,Friendly,2000010101,Sunday 17/08/1975,"",49934,19750817,mex,Mexico,/world-match-centre/teams/country=mex/index.html,crc,Costa Rica,/world-match-centre/teams/country=crc/index.html,7-0,"MEXICO CITY - Mexico City , Mexico"
men,1975,8,Friendly,2000010101,Sunday 17/08/1975,"",58123,19750817,mas,Malaysia,/world-match-centre/teams/country=mas/index.html,kor,Korea Republic,/world-match-centre/teams/country=kor/index.html,0-1,"Merdeka - Kuala Lumpur , Malaysia"
men,1975,8,Friendly,2000010101,Tuesday 19/08/1975,"",49933,19750819,usa,USA,/world-match-centre/teams/country=usa/index.html,crc,Costa Rica,/world-match-centre/teams/country=crc/index.html,1-3,"MEXICO DF - Mexico Df , Mexico"
men,1975,8,Friendly,2000010101,Thursday 21/08/1975,"",49932,19750821,usa,USA,/world-match-centre/teams/country=usa/index.html,arg,Argentina,/world-match-centre/teams/country=arg/index.html,0-6,"MEXICO DF - Mexico Df , Mexico"
men,1975,8,Friendly,2000010101,Sunday 24/08/1975,"",49930,19750824,mex,Mexico,/world-match-centre/teams/country=mex/index.html,usa,USA,/world-match-centre/teams/country=usa/index.html,2-0,"MEXICO CITY - Mexico City , Mexico"
men,1975,8,Friendly,2000010101,Sunday 24/08/1975,"",49931,19750824,arg,Argentina,/world-match-centre/teams/country=arg/index.html,crc,Costa Rica,/world-match-centre/teams/country=crc/index.html,2-0,"MEXICO DF - Mexico Df , Mexico"
men,1975,8,Friendly,2000010101,Sunday 31/08/1975,"",49929,19750831,mex,Mexico,/world-match-centre/teams/country=mex/index.html,arg,Argentina,/world-match-centre/teams/country=arg/index.html,1-1,"MEXICO CITY - Mexico City , Mexico"
men,1975,8,Friendly,2000010101,Sunday 31/08/1975,"",51386,19750831,alg,Algeria,/world-match-centre/teams/country=alg/index.html,lby,Libya,/world-match-centre/teams/country=lby/index.html,2-1,"ALGIERS - Algiers , Algeria"
men,1975,8,Friendly,2000010101,Sunday 31/08/1975,"",51394,19750831,tun,Tunisia,/world-match-centre/teams/country=tun/index.html,mar,Morocco,/world-match-centre/teams/country=mar/index.html,0-0,"ALGIERS - Algiers , Algeria"
men,1975,9,Continental Qualifier,3131,Wednesday 03/09/1975,Group 3,9337,19750903,nir,Northern Ireland,/world-match-centre/teams/country=nir/index.html,swe,Sweden,/world-match-centre/teams/country=swe/index.html,1-2,"BELFAST - Belfast , Northern Ireland"
men,1975,9,Continental Qualifier,3131,Wednesday 03/09/1975,Group 4,9348,19750903,den,Denmark,/world-match-centre/teams/country=den/index.html,sco,Scotland,/world-match-centre/teams/country=sco/index.html,0-1,"COPENHAGEN - Copenhagen , Denmark"
men,1975,9,Continental Qualifier,3131,Wednesday 03/09/1975,Group 5,9359,19750903,ned,Netherlands,/world-match-centre/teams/country=ned/index.html,fin,Finland,/world-match-centre/teams/country=fin/index.html,4-1,"De Goffert - Nijmegen , Netherlands"
men,1975,9,Continental Qualifier,3131,Wednesday 03/09/1975,Group 7,9384,19750903,fra,France,/world-match-centre/teams/country=fra/index.html,isl,Iceland,/world-match-centre/teams/country=isl/index.html,3-0,"NANTES - Nantes , France"
men,1975,9,Continental Qualifier,3131,Saturday 06/09/1975,Group 7,9385,19750906,bel,Belgium,/world-match-centre/teams/country=bel/index.html,isl,Iceland,/world-match-centre/teams/country=isl/index.html,1-0,"LIEGE - Liege , Belgium"
men,1975,9,Continental Qualifier,3131,Wednesday 10/09/1975,Group 5,9360,19750910,pol,Poland,/world-match-centre/teams/country=pol/index.html,ned,Netherlands,/world-match-centre/teams/country=ned/index.html,4-1,"CHORZOW - Chorzow , Poland"
men,1975,9,Continental Qualifier,3131,Wednesday 24/09/1975,Group 2,9325,19750924,hun,Hungary,/world-match-centre/teams/country=hun/index.html,aut,Austria,/world-match-centre/teams/country=aut/index.html,2-1,"BUDAPEST - Budapest , Hungary"
men,1975,9,Continental Qualifier,3131,Saturday 27/09/1975,Group 5,9361,19750927,ita,Italy,/world-match-centre/teams/country=ita/index.html,fin,Finland,/world-match-centre/teams/country=fin/index.html,0-0,"ROME - Rome , Italy"
men,1975,9,Continental Qualifier,3131,Saturday 27/09/1975,Group 7,9386,19750927,bel,Belgium,/world-match-centre/teams/country=bel/index.html,gdr,German DR,/world-match-centre/teams/country=gdr/index.html,1-2,"BRUSSELS - Brussels , Belgium"
men,1975,9,Continental Final,235974,Sunday 21/09/1975,Semifinals,41151,19750921,col,Colombia,/world-match-centre/teams/country=col/index.html,uru,Uruguay,/world-match-centre/teams/country=uru/index.html,3-0,"Estadio Nemesio Camacho 'El Campin' - Bogota , Colombia"
men,1975,9,Continental Final,235974,Tuesday 30/09/1975,Semifinals,41152,19750930,bra,Brazil,/world-match-centre/teams/country=bra/index.html,per,Peru,/world-match-centre/teams/country=per/index.html,1-3,"Estadio Mineirao - Belo Horizonte , Brazil"
men,1975,9,Continental Qualifier,236479,Sunday 14/09/1975,First Stage,42237,19750914,bdi,Burundi,/world-match-centre/teams/country=bdi/index.html,egy,Egypt,/world-match-centre/teams/country=egy/index.html,0-3,""
men,1975,9,Continental Qualifier,236479,Sunday 14/09/1975,First Stage,42238,19750914,cmr,Cameroon,/world-match-centre/teams/country=cmr/index.html,tog,Togo,/world-match-centre/teams/country=tog/index.html,3-0,"YAOUNDE - Yaounde , Cameroon"
men,1975,9,Continental Qualifier,236479,Sunday 14/09/1975,First Stage,42239,19750914,cgo,Congo,/world-match-centre/teams/country=cgo/index.html,civ,C担te d'Ivoire,/world-match-centre/teams/country=civ/index.html,1-0,"BRAZZAVILLE - Brazzaville , Congo"
men,1975,9,Continental Qualifier,236479,Sunday 14/09/1975,First Stage,42241,19750914,mar,Morocco,/world-match-centre/teams/country=mar/index.html,sen,Senegal,/world-match-centre/teams/country=sen/index.html,4-0,""
men,1975,9,Continental Qualifier,236479,Sunday 14/09/1975,First Stage,42242,19750914,nig,Niger,/world-match-centre/teams/country=nig/index.html,gui,Guinea,/world-match-centre/teams/country=gui/index.html,2-4,""
men,1975,9,Continental Qualifier,236479,Sunday 14/09/1975,First Stage,42243,19750914,sdn,Sudan,/world-match-centre/teams/country=sdn/index.html,ken,Kenya,/world-match-centre/teams/country=ken/index.html,1-0,""
men,1975,9,Continental Qualifier,236479,Sunday 14/09/1975,First Stage,42245,19750914,uga,Uganda,/world-match-centre/teams/country=uga/index.html,mri,Mauritius,/world-match-centre/teams/country=mri/index.html,4-0,""
men,1975,9,Continental Qualifier,236479,Sunday 14/09/1975,First Stage,42246,19750914,zam,Zambia,/world-match-centre/teams/country=zam/index.html,mwi,Malawi,/world-match-centre/teams/country=mwi/index.html,3-3,""
men,1975,9,Continental Qualifier,236479,Sunday 28/09/1975,First Stage,42248,19750928,civ,C担te d'Ivoire,/world-match-centre/teams/country=civ/index.html,cgo,Congo,/world-match-centre/teams/country=cgo/index.html,2-1,"Felix Houphouet-Boigny - Abidjan , C担te d'Ivoire"
men,1975,9,Continental Qualifier,236479,Sunday 28/09/1975,First Stage,42249,19750928,egy,Egypt,/world-match-centre/teams/country=egy/index.html,bdi,Burundi,/world-match-centre/teams/country=bdi/index.html,2-0,""
men,1975,9,Continental Qualifier,236479,Sunday 28/09/1975,First Stage,42251,19750928,gui,Guinea,/world-match-centre/teams/country=gui/index.html,nig,Niger,/world-match-centre/teams/country=nig/index.html,3-0,""
men,1975,9,Continental Qualifier,236479,Sunday 28/09/1975,First Stage,42252,19750928,ken,Kenya,/world-match-centre/teams/country=ken/index.html,sdn,Sudan,/world-match-centre/teams/country=sdn/index.html,0-2,""
men,1975,9,Continental Qualifier,236479,Sunday 28/09/1975,First Stage,42253,19750928,mwi,Malawi,/world-match-centre/teams/country=mwi/index.html,zam,Zambia,/world-match-centre/teams/country=zam/index.html,1-6,""
men,1975,9,Continental Qualifier,236479,Sunday 28/09/1975,First Stage,42254,19750928,mri,Mauritius,/world-match-centre/teams/country=mri/index.html,uga,Uganda,/world-match-centre/teams/country=uga/index.html,1-1,""
men,1975,9,Continental Qualifier,236479,Sunday 28/09/1975,First Stage,42255,19750928,sen,Senegal,/world-match-centre/teams/country=sen/index.html,mar,Morocco,/world-match-centre/teams/country=mar/index.html,2-1,""
men,1975,9,Continental Qualifier,236479,Sunday 28/09/1975,First Stage,42256,19750928,tog,Togo,/world-match-centre/teams/country=tog/index.html,cmr,Cameroon,/world-match-centre/teams/country=cmr/index.html,4-0,"LOME - Lome , Togo"
men,1975,9,Friendly,2000010101,Wednesday 03/09/1975,"",48716,19750903,sui,Switzerland,/world-match-centre/teams/country=sui/index.html,eng,England,/world-match-centre/teams/country=eng/index.html,1-2,"St. Jakob-Park - Basel , Switzerland"
men,1975,9,Friendly,2000010101,Wednesday 03/09/1975,"",48717,19750903,aut,Austria,/world-match-centre/teams/country=aut/index.html,frg,Germany FR,/world-match-centre/teams/country=frg/index.html,0-2,"VIENNA - Vienna , Austria"
men,1975,9,Friendly,2000010101,Thursday 04/09/1975,"",51400,19750904,alg,Algeria,/world-match-centre/teams/country=alg/index.html,tun,Tunisia,/world-match-centre/teams/country=tun/index.html,2-1 AET,"ALGIERS - Algiers , Algeria"
men,1975,9,Friendly,2000010101,Saturday 06/09/1975,"",51403,19750906,tun,Tunisia,/world-match-centre/teams/country=tun/index.html,mar,Morocco,/world-match-centre/teams/country=mar/index.html,1-1 (4-3) Win on penalty,"ALGIERS - Algiers , Algeria"
men,1975,9,Friendly,2000010101,Monday 08/09/1975,"",48714,19750908,kor,Korea Republic,/world-match-centre/teams/country=kor/index.html,jpn,Japan,/world-match-centre/teams/country=jpn/index.html,3-0,"SEOUL - Seoul , Korea Republic"
men,1975,9,Friendly,2000010101,Wednesday 24/09/1975,"",48715,19750924,tch,Czechoslovakia,/world-match-centre/teams/country=tch/index.html,sui,Switzerland,/world-match-centre/teams/country=sui/index.html,1-1,Za Luzankami - Brno
men,1975,9,Friendly,2000010101,Wednesday 24/09/1975,"",43295,19750924,gre,Greece,/world-match-centre/teams/country=gre/index.html,rou,Romania,/world-match-centre/teams/country=rou/index.html,1-1,"Kaftanzoglio Stadium - Thessaloniki , Greece"
men,1975,9,Friendly,2000010101,Thursday 25/09/1975,"",52339,19750925,swe,Sweden,/world-match-centre/teams/country=swe/index.html,den,Denmark,/world-match-centre/teams/country=den/index.html,0-0,"MALMO - Malm旦 , Sweden"
men,1975,10,Continental Qualifier,3131,Saturday 11/10/1975,Group 8,9397,19751011,frg,Germany FR,/world-match-centre/teams/country=frg/index.html,gre,Greece,/world-match-centre/teams/country=gre/index.html,1-1,"Rheinstadion - D端Sseldorf , Germany"
men,1975,10,Continental Qualifier,3131,Sunday 12/10/1975,Group 4,9349,19751012,esp,Spain,/world-match-centre/teams/country=esp/index.html,den,Denmark,/world-match-centre/teams/country=den/index.html,2-0,"Camp Nou - Barcelona , Spain"
men,1975,10,Continental Qualifier,3131,Sunday 12/10/1975,Group 6,9373,19751012,sui,Switzerland,/world-match-centre/teams/country=sui/index.html,urs,Soviet Union,/world-match-centre/teams/country=urs/index.html,0-1,"ZURICH - Zurich , Switzerland"
men,1975,10,Continental Qualifier,3131,Sunday 12/10/1975,Group 7,9387,19751012,gdr,German DR,/world-match-centre/teams/country=gdr/index.html,fra,France,/world-match-centre/teams/country=fra/index.html,2-1,"Zentralstadion - Leipzig , Germany"
men,1975,10,Continental Qualifier,3131,Wednesday 15/10/1975,Group 2,9326,19751015,aut,Austria,/world-match-centre/teams/country=aut/index.html,lux,Luxembourg,/world-match-centre/teams/country=lux/index.html,6-2,"VIENNA - Vienna , Austria"
men,1975,10,Continental Qualifier,3131,Wednesday 15/10/1975,Group 3,9338,19751015,yug,Yugoslavia,/world-match-centre/teams/country=yug/index.html,swe,Sweden,/world-match-centre/teams/country=swe/index.html,3-0,"ZAGREB - Zagreb , Croatia"
men,1975,10,Continental Qualifier,3131,Wednesday 15/10/1975,Group 5,9362,19751015,ned,Netherlands,/world-match-centre/teams/country=ned/index.html,pol,Poland,/world-match-centre/teams/country=pol/index.html,3-0,"AMSTERDAM - Amsterdam , Netherlands"
men,1975,10,Continental Qualifier,3131,Sunday 19/10/1975,Group 2,9327,19751019,hun,Hungary,/world-match-centre/teams/country=hun/index.html,lux,Luxembourg,/world-match-centre/teams/country=lux/index.html,8-1,"Haladas - Szombathely , Hungary"
men,1975,10,Continental Qualifier,3131,Sunday 26/10/1975,Group 5,9363,19751026,pol,Poland,/world-match-centre/teams/country=pol/index.html,ita,Italy,/world-match-centre/teams/country=ita/index.html,0-0,"WARSAW - Warsaw , Poland"
men,1975,10,Continental Qualifier,3131,Wednesday 29/10/1975,Group 3,9339,19751029,nir,Northern Ireland,/world-match-centre/teams/country=nir/index.html,nor,Norway,/world-match-centre/teams/country=nor/index.html,3-0,"BELFAST - Belfast , Northern Ireland"
men,1975,10,Continental Qualifier,3131,Wednesday 29/10/1975,Group 4,9350,19751029,sco,Scotland,/world-match-centre/teams/country=sco/index.html,den,Denmark,/world-match-centre/teams/country=den/index.html,3-1,"GLASGOW - Glasgow , Scotland"
men,1975,10,Continental Qualifier,3131,Wednesday 29/10/1975,Group 6,9374,19751029,irl,Republic of Ireland,/world-match-centre/teams/country=irl/index.html,tur,Turkey,/world-match-centre/teams/country=tur/index.html,4-0,"DUBLIN - Dublin , Republic of Ireland"
men,1975,10,Continental Qualifier,3131,Thursday 30/10/1975,Group 1,9312,19751030,tch,Czechoslovakia,/world-match-centre/teams/country=tch/index.html,eng,England,/world-match-centre/teams/country=eng/index.html,2-1,"BRATISLAVA - Bratislava , Slovakia"
men,1975,10,Continental Final,235974,Wednesday 01/10/1975,Semifinals,41153,19751001,uru,Uruguay,/world-match-centre/teams/country=uru/index.html,col,Colombia,/world-match-centre/teams/country=col/index.html,1-0,"Estadio Centenario - Montevideo , Uruguay"
men,1975,10,Continental Final,235974,Saturday 04/10/1975,Semifinals,41154,19751004,per,Peru,/world-match-centre/teams/country=per/index.html,bra,Brazil,/world-match-centre/teams/country=bra/index.html,0-2,"Estadio Alejandro Villanueva - Lima , Peru"
men,1975,10,Continental Final,235974,Thursday 16/10/1975,Final,41155,19751016,col,Colombia,/world-match-centre/teams/country=col/index.html,per,Peru,/world-match-centre/teams/country=per/index.html,1-0,"Estadio Nemesio Camacho 'El Campin' - Bogota , Colombia"
men,1975,10,Continental Final,235974,Wednesday 22/10/1975,Final,41879,19751022,per,Peru,/world-match-centre/teams/country=per/index.html,col,Colombia,/world-match-centre/teams/country=col/index.html,2-0,"Estadio Nacional - Lima , Peru"
men,1975,10,Continental Final,235974,Tuesday 28/10/1975,Final Playoff,41880,19751028,per,Peru,/world-match-centre/teams/country=per/index.html,col,Colombia,/world-match-centre/teams/country=col/index.html,1-0,"Estadio Olimpico de la Ciudad Universitaria - Caracas , Venezuela"
men,1975,10,Continental Qualifier,236479,Sunday 26/10/1975,Second Stage,42257,19751026,cgo,Congo,/world-match-centre/teams/country=cgo/index.html,nga,Nigeria,/world-match-centre/teams/country=nga/index.html,0-1,""
men,1975,10,Continental Qualifier,236479,Sunday 26/10/1975,Second Stage,42259,19751026,tan,Tanzania,/world-match-centre/teams/country=tan/index.html,egy,Egypt,/world-match-centre/teams/country=egy/index.html,1-1,""
men,1975,10,Continental Qualifier,236479,Sunday 26/10/1975,Second Stage,42260,19751026,tog,Togo,/world-match-centre/teams/country=tog/index.html,gui,Guinea,/world-match-centre/teams/country=gui/index.html,2-2,"LOME - Lome , Togo"
men,1975,10,Continental Qualifier,236479,Sunday 26/10/1975,Second Stage,42262,19751026,zam,Zambia,/world-match-centre/teams/country=zam/index.html,uga,Uganda,/world-match-centre/teams/country=uga/index.html,2-1,""
men,1975,10,Friendly,2000010101,Wednesday 08/10/1975,"",48713,19751008,pol,Poland,/world-match-centre/teams/country=pol/index.html,hun,Hungary,/world-match-centre/teams/country=hun/index.html,4-2,"LODZ - Lodz , Poland"
men,1975,10,Friendly,2000010101,Sunday 12/10/1975,"",48712,19751012,rou,Romania,/world-match-centre/teams/country=rou/index.html,tur,Turkey,/world-match-centre/teams/country=tur/index.html,2-2,"BUCHAREST - Bucharest , Romania"
men,1975,10,Friendly,2000010101,Wednesday 15/10/1975,"",48711,19751015,tch,Czechoslovakia,/world-match-centre/teams/country=tch/index.html,hun,Hungary,/world-match-centre/teams/country=hun/index.html,1-1,BRATISLAVA - Bratislava
men,1975,10,Friendly,2000010101,Sunday 19/10/1975,"",48710,19751019,chn,China PR,/world-match-centre/teams/country=chn/index.html,nzl,New Zealand,/world-match-centre/teams/country=nzl/index.html,2-1,"BEIJING - Beijing , China PR"
men,1975,10,Friendly,2000010101,Monday 20/10/1975,"",48709,19751020,isr,Israel,/world-match-centre/teams/country=isr/index.html,mex,Mexico,/world-match-centre/teams/country=mex/index.html,1-0,"TEL AVIV - Tel Aviv , Israel"
men,1975,10,Friendly,2000010101,Friday 31/10/1975,"",50186,19751031,zam,Zambia,/world-match-centre/teams/country=zam/index.html,ken,Kenya,/world-match-centre/teams/country=ken/index.html,1-2,"LUSAKA - Lusaka , Zambia"
men,1975,10,Friendly,2000010101,Saturday 01/11/1975,"",50189,19751101,mwi,Malawi,/world-match-centre/teams/country=mwi/index.html,tan,Tanzania,/world-match-centre/teams/country=tan/index.html,3-1,"NDOLA - Ndola , Zambia"
men,1975,11,Continental Qualifier,3131,Wednesday 12/11/1975,Group 1,9313,19751112,por,Portugal,/world-match-centre/teams/country=por/index.html,tch,Czechoslovakia,/world-match-centre/teams/country=tch/index.html,1-1,"PORTO - Porto , Portugal"
men,1975,11,Continental Qualifier,3131,Wednesday 12/11/1975,Group 6,9375,19751112,urs,Soviet Union,/world-match-centre/teams/country=urs/index.html,sui,Switzerland,/world-match-centre/teams/country=sui/index.html,4-1,"Republican Stadium - Kiev , Ukraine"
men,1975,11,Continental Qualifier,3131,Saturday 15/11/1975,Group 7,9388,19751115,fra,France,/world-match-centre/teams/country=fra/index.html,bel,Belgium,/world-match-centre/teams/country=bel/index.html,0-0,"PARIS - Paris , France"
men,1975,11,Continental Qualifier,3131,Sunday 16/11/1975,Group 4,9351,19751116,rou,Romania,/world-match-centre/teams/country=rou/index.html,esp,Spain,/world-match-centre/teams/country=esp/index.html,2-2,"BUCHAREST - Bucharest , Romania"
men,1975,11,Continental Qualifier,3131,Wednesday 19/11/1975,Group 1,9314,19751119,por,Portugal,/world-match-centre/teams/country=por/index.html,eng,England,/world-match-centre/teams/country=eng/index.html,1-1,"LISBON - Lisbon , Portugal"
men,1975,11,Continental Qualifier,3131,Wednesday 19/11/1975,Group 2,9328,19751119,wal,Wales,/world-match-centre/teams/country=wal/index.html,aut,Austria,/world-match-centre/teams/country=aut/index.html,1-0,"Racecourse Ground - Wrexham , Wales"
men,1975,11,Continental Qualifier,3131,Wednesday 19/11/1975,Group 3,9340,19751119,yug,Yugoslavia,/world-match-centre/teams/country=yug/index.html,nir,Northern Ireland,/world-match-centre/teams/country=nir/index.html,1-0,"BELGRADE - Belgrade , Serbia"
men,1975,11,Continental Qualifier,3131,Wednesday 19/11/1975,Group 8,9398,19751119,frg,Germany FR,/world-match-centre/teams/country=frg/index.html,bul,Bulgaria,/world-match-centre/teams/country=bul/index.html,1-0,"STUTTGART - Stuttgart , Germany"
men,1975,11,Continental Qualifier,3131,Saturday 22/11/1975,Group 5,9364,19751122,ita,Italy,/world-match-centre/teams/country=ita/index.html,ned,Netherlands,/world-match-centre/teams/country=ned/index.html,1-0,"ROME - Rome , Italy"
men,1975,11,Continental Qualifier,3131,Sunday 23/11/1975,Group 1,9315,19751123,cyp,Cyprus,/world-match-centre/teams/country=cyp/index.html,tch,Czechoslovakia,/world-match-centre/teams/country=tch/index.html,0-3,"LIMASSOL - Limassol , Cyprus"
men,1975,11,Continental Qualifier,3131,Sunday 23/11/1975,Group 6,9376,19751123,tur,Turkey,/world-match-centre/teams/country=tur/index.html,urs,Soviet Union,/world-match-centre/teams/country=urs/index.html,1-0,"IZMIR - Izmir , Turkey"
men,1975,11,Continental Qualifier,236479,Sunday 09/11/1975,Second Stage,42263,19751109,egy,Egypt,/world-match-centre/teams/country=egy/index.html,tan,Tanzania,/world-match-centre/teams/country=tan/index.html,5-2,""
men,1975,11,Continental Qualifier,236479,Sunday 09/11/1975,Second Stage,42264,19751109,gui,Guinea,/world-match-centre/teams/country=gui/index.html,tog,Togo,/world-match-centre/teams/country=tog/index.html,2-0,"CONAKRY - Conakry , Guinea"
men,1975,11,Continental Qualifier,236479,Sunday 09/11/1975,Second Stage,42266,19751109,nga,Nigeria,/world-match-centre/teams/country=nga/index.html,cgo,Congo,/world-match-centre/teams/country=cgo/index.html,2-1,""
men,1975,11,Continental Qualifier,236479,Sunday 09/11/1975,Second Stage,42268,19751109,uga,Uganda,/world-match-centre/teams/country=uga/index.html,zam,Zambia,/world-match-centre/teams/country=zam/index.html,3-0,""
men,1975,11,Friendly,2000010101,Saturday 01/11/1975,"",50189,19751101,mwi,Malawi,/world-match-centre/teams/country=mwi/index.html,tan,Tanzania,/world-match-centre/teams/country=tan/index.html,3-1,"NDOLA - Ndola , Zambia"
men,1975,11,Friendly,2000010101,Sunday 02/11/1975,"",50185,19751102,zam,Zambia,/world-match-centre/teams/country=zam/index.html,uga,Uganda,/world-match-centre/teams/country=uga/index.html,0-1,"LUSAKA - Lusaka , Zambia"
men,1975,11,Friendly,2000010101,Tuesday 04/11/1975,"",50184,19751104,ken,Kenya,/world-match-centre/teams/country=ken/index.html,uga,Uganda,/world-match-centre/teams/country=uga/index.html,1-1,"KABWE - Kabwe , Zambia"
men,1975,11,Friendly,2000010101,Friday 07/11/1975,"",50190,19751107,mwi,Malawi,/world-match-centre/teams/country=mwi/index.html,uga,Uganda,/world-match-centre/teams/country=uga/index.html,2-1,"CHINGOLA - Chingola , Zambia"
men,1975,11,Friendly,2000010101,Friday 07/11/1975,"",50191,19751107,ken,Kenya,/world-match-centre/teams/country=ken/index.html,tan,Tanzania,/world-match-centre/teams/country=tan/index.html,3-2,"LUSAKA - Lusaka , Zambia"
men,1975,11,Friendly,2000010101,Sunday 09/11/1975,"",48708,19751109,sin,Singapore,/world-match-centre/teams/country=sin/index.html,nzl,New Zealand,/world-match-centre/teams/country=nzl/index.html,2-2,"SINGAPORE - Singapore , Singapore"
men,1975,11,Friendly,2000010101,Sunday 09/11/1975,"",50192,19751109,ken,Kenya,/world-match-centre/teams/country=ken/index.html,mwi,Malawi,/world-match-centre/teams/country=mwi/index.html,0-0 (4-3) Win on penalty,"LUSAKA - Lusaka , Zambia"
men,1975,12,Continental Qualifier,3131,Wednesday 03/12/1975,Group 1,9316,19751203,por,Portugal,/world-match-centre/teams/country=por/index.html,cyp,Cyprus,/world-match-centre/teams/country=cyp/index.html,1-0,"Do Bonfim - Setubal , Portugal"
men,1975,12,Continental Qualifier,3131,Wednesday 17/12/1975,Group 4,9352,19751217,sco,Scotland,/world-match-centre/teams/country=sco/index.html,rou,Romania,/world-match-centre/teams/country=rou/index.html,1-1,"GLASGOW - Glasgow , Scotland"
men,1975,12,Continental Qualifier,3131,Sunday 21/12/1975,Group 8,9399,19751221,mlt,Malta,/world-match-centre/teams/country=mlt/index.html,bul,Bulgaria,/world-match-centre/teams/country=bul/index.html,0-2,"Empire - Gzira , Malta"
men,1975,12,Continental Qualifier,236393,Wednesday 24/12/1975,Preliminary Stage,42044,19751224,sin,Singapore,/world-match-centre/teams/country=sin/index.html,bru,Brunei Darussalam,/world-match-centre/teams/country=bru/index.html,6-0,"BANGKOK - Bangkok , Thailand"
men,1975,12,Friendly,2000010101,Tuesday 09/12/1975,"",50567,19751209,tha,Thailand,/world-match-centre/teams/country=tha/index.html,mas,Malaysia,/world-match-centre/teams/country=mas/index.html,1-1 (5-4) Win on penalty,"BANGKOK - Bangkok , Thailand"
men,1975,12,Friendly,2000010101,Wednesday 10/12/1975,"",50568,19751210,mya,Burma,/world-match-centre/teams/country=mya/index.html,sin,Singapore,/world-match-centre/teams/country=sin/index.html,1-0,"BANGKOK - Bangkok , Thailand"
men,1975,12,Friendly,2000010101,Friday 12/12/1975,"",50570,19751212,tha,Thailand,/world-match-centre/teams/country=tha/index.html,sin,Singapore,/world-match-centre/teams/country=sin/index.html,2-2 (5-4) Win on penalty,"BANGKOK - Bangkok , Thailand"
men,1975,12,Friendly,2000010101,Saturday 13/12/1975,"",50569,19751213,mya,Burma,/world-match-centre/teams/country=mya/index.html,mas,Malaysia,/world-match-centre/teams/country=mas/index.html,0-1,"BANGKOK - Bangkok , Thailand"
men,1975,12,Friendly,2000010101,Monday 15/12/1975,"",50571,19751215,mya,Burma,/world-match-centre/teams/country=mya/index.html,sin,Singapore,/world-match-centre/teams/country=sin/index.html,2-2,"BANGKOK - Bangkok , Thailand"
men,1975,12,Friendly,2000010101,Tuesday 16/12/1975,"",50572,19751216,tha,Thailand,/world-match-centre/teams/country=tha/index.html,mas,Malaysia,/world-match-centre/teams/country=mas/index.html,2-1,"BANGKOK - Bangkok , Thailand"
men,1975,12,Friendly,2000010101,Friday 19/12/1975,"",52404,19751219,tun,Tunisia,/world-match-centre/teams/country=tun/index.html,uae,United Arab Emirates,/world-match-centre/teams/country=uae/index.html,3-0,"TUNIS - Tunis , Tunisia"
men,1975,12,Friendly,2000010101,Friday 19/12/1975,"",52407,19751219,egy,Egypt,/world-match-centre/teams/country=egy/index.html,ymd,Yemen PDR,/world-match-centre/teams/country=ymd/index.html,5-0,"TUNIS - Tunis , Tunisia"
men,1975,12,Friendly,2000010101,Saturday 20/12/1975,"",48707,19751220,tur,Turkey,/world-match-centre/teams/country=tur/index.html,frg,Germany FR,/world-match-centre/teams/country=frg/index.html,0-5,"ISTANBUL - Istanbul , Turkey"
men,1975,12,Friendly,2000010101,Saturday 20/12/1975,"",51128,19751220,tha,Thailand,/world-match-centre/teams/country=tha/index.html,idn,Indonesia,/world-match-centre/teams/country=idn/index.html,3-2,"BANGKOK - Bangkok , Thailand"
men,1975,12,Friendly,2000010101,Sunday 21/12/1975,"",52403,19751221,irq,Iraq,/world-match-centre/teams/country=irq/index.html,uae,United Arab Emirates,/world-match-centre/teams/country=uae/index.html,5-0,"TUNIS - Tunis , Tunisia"
men,1975,12,Friendly,2000010101,Sunday 21/12/1975,"",51126,19751221,kor,Korea Republic,/world-match-centre/teams/country=kor/index.html,mya,Burma,/world-match-centre/teams/country=mya/index.html,3-1,"BANGKOK - Bangkok , Thailand"
men,1975,12,Friendly,2000010101,Sunday 21/12/1975,"",51127,19751221,mas,Malaysia,/world-match-centre/teams/country=mas/index.html,sin,Singapore,/world-match-centre/teams/country=sin/index.html,0-0,"BANGKOK - Bangkok , Thailand"
men,1975,12,Friendly,2000010101,Sunday 21/12/1975,"",52406,19751221,ksa,Saudi Arabia,/world-match-centre/teams/country=ksa/index.html,ymd,Yemen PDR,/world-match-centre/teams/country=ymd/index.html,0-1,"TUNIS - Tunis , Tunisia"
men,1975,12,Friendly,2000010101,Sunday 21/12/1975,"",52409,19751221,syr,Syria,/world-match-centre/teams/country=syr/index.html,lby,Libya,/world-match-centre/teams/country=lby/index.html,3-2,"TUNIS - Tunis , Tunisia"
men,1975,12,Friendly,2000010101,Tuesday 23/12/1975,"",51125,19751223,tha,Thailand,/world-match-centre/teams/country=tha/index.html,kor,Korea Republic,/world-match-centre/teams/country=kor/index.html,2-1,"BANGKOK - Bangkok , Thailand"
men,1975,12,Friendly,2000010101,Tuesday 23/12/1975,"",52402,19751223,tun,Tunisia,/world-match-centre/teams/country=tun/index.html,irq,Iraq,/world-match-centre/teams/country=irq/index.html,1-1,"TUNIS - Tunis , Tunisia"
men,1975,12,Friendly,2000010101,Tuesday 23/12/1975,"",52405,19751223,egy,Egypt,/world-match-centre/teams/country=egy/index.html,ksa,Saudi Arabia,/world-match-centre/teams/country=ksa/index.html,2-1,"TUNIS - Tunis , Tunisia"
men,1975,12,Friendly,2000010101,Tuesday 23/12/1975,"",52408,19751223,syr,Syria,/world-match-centre/teams/country=syr/index.html,lby,Libya,/world-match-centre/teams/country=lby/index.html,0-1,"TUNIS - Tunis , Tunisia"
men,1975,12,Friendly,2000010101,Wednesday 24/12/1975,"",51123,19751224,mas,Malaysia,/world-match-centre/teams/country=mas/index.html,idn,Indonesia,/world-match-centre/teams/country=idn/index.html,2-1,"BANGKOK - Bangkok , Thailand"
men,1975,12,Friendly,2000010101,Wednesday 24/12/1975,"",51124,19751224,mya,Burma,/world-match-centre/teams/country=mya/index.html,sin,Singapore,/world-match-centre/teams/country=sin/index.html,6-0,"BANGKOK - Bangkok , Thailand"
men,1975,12,Friendly,2000010101,Friday 26/12/1975,"",51122,19751226,tha,Thailand,/world-match-centre/teams/country=tha/index.html,sin,Singapore,/world-match-centre/teams/country=sin/index.html,0-1,"BANGKOK - Bangkok , Thailand"
men,1975,12,Friendly,2000010101,Friday 26/12/1975,"",52412,19751226,irq,Iraq,/world-match-centre/teams/country=irq/index.html,syr,Syria,/world-match-centre/teams/country=syr/index.html,4-0,"TUNIS - Tunis , Tunisia"
men,1975,12,Friendly,2000010101,Friday 26/12/1975,"",52413,19751226,egy,Egypt,/world-match-centre/teams/country=egy/index.html,sdn,Sudan,/world-match-centre/teams/country=sdn/index.html,3-1,"TUNIS - Tunis , Tunisia"
men,1975,12,Friendly,2000010101,Saturday 27/12/1975,"",51120,19751227,kor,Korea Republic,/world-match-centre/teams/country=kor/index.html,idn,Indonesia,/world-match-centre/teams/country=idn/index.html,2-0,"BANGKOK - Bangkok , Thailand"
men,1975,12,Friendly,2000010101,Saturday 27/12/1975,"",51121,19751227,mya,Burma,/world-match-centre/teams/country=mya/index.html,mas,Malaysia,/world-match-centre/teams/country=mas/index.html,2-1,"BANGKOK - Bangkok , Thailand"
men,1975,12,Friendly,2000010101,Sunday 28/12/1975,"",52414,19751228,sdn,Sudan,/world-match-centre/teams/country=sdn/index.html,syr,Syria,/world-match-centre/teams/country=syr/index.html,1-0,"TUNIS - Tunis , Tunisia"
men,1975,12,Friendly,2000010101,Sunday 28/12/1975,"",52415,19751228,egy,Egypt,/world-match-centre/teams/country=egy/index.html,irq,Iraq,/world-match-centre/teams/country=irq/index.html,1-0 AET,"TUNIS - Tunis , Tunisia"
men,1975,12,Friendly,2000010101,Monday 29/12/1975,"",51119,19751229,tha,Thailand,/world-match-centre/teams/country=tha/index.html,mas,Malaysia,/world-match-centre/teams/country=mas/index.html,1-0,"BANGKOK - Bangkok , Thailand"
men,1975,12,Friendly,2000010101,Tuesday 30/12/1975,"",48706,19751230,ita,Italy,/world-match-centre/teams/country=ita/index.html,gre,Greece,/world-match-centre/teams/country=gre/index.html,3-2,"Comunale - Florence , Italy"
men,1975,12,Friendly,2000010101,Tuesday 30/12/1975,"",51117,19751230,kor,Korea Republic,/world-match-centre/teams/country=kor/index.html,sin,Singapore,/world-match-centre/teams/country=sin/index.html,5-0,"BANGKOK - Bangkok , Thailand"
men,1975,12,Friendly,2000010101,Tuesday 30/12/1975,"",51118,19751230,mya,Burma,/world-match-centre/teams/country=mya/index.html,idn,Indonesia,/world-match-centre/teams/country=idn/index.html,1-0,"BANGKOK - Bangkok , Thailand"
