women,2005,1,Friendly Women,2000010102,Friday 28/01/2005,"",39738,20050128,ger,Germany,/world-match-centre/teams/country=ger/women/index.html,aus,Australia,/world-match-centre/teams/country=aus/women/index.html,0-1,"QUANZHOU - Quanzhou , China PR"
women,2005,1,Friendly Women,2000010102,Friday 28/01/2005,"",39739,20050128,chn,China PR,/world-match-centre/teams/country=chn/women/index.html,rus,Russia,/world-match-centre/teams/country=rus/women/index.html,3-1,"QUANZHOU - Quanzhou , China PR"
women,2005,1,Friendly Women,2000010102,Sunday 30/01/2005,"",39740,20050130,ger,Germany,/world-match-centre/teams/country=ger/women/index.html,rus,Russia,/world-match-centre/teams/country=rus/women/index.html,1-0,"QUANZHOU - Quanzhou , China PR"
women,2005,1,Friendly Women,2000010102,Sunday 30/01/2005,"",39741,20050130,chn,China PR,/world-match-centre/teams/country=chn/women/index.html,aus,Australia,/world-match-centre/teams/country=aus/women/index.html,3-0,"QUANZHOU - Quanzhou , China PR"
women,2005,2,Friendly Women,2000010102,Tuesday 01/02/2005,"",39742,20050201,chn,China PR,/world-match-centre/teams/country=chn/women/index.html,ger,Germany,/world-match-centre/teams/country=ger/women/index.html,0-2,"QUANZHOU - Quanzhou , China PR"
women,2005,2,Friendly Women,2000010102,Tuesday 01/02/2005,"",39743,20050201,rus,Russia,/world-match-centre/teams/country=rus/women/index.html,aus,Australia,/world-match-centre/teams/country=aus/women/index.html,0-5,"QUANZHOU - Quanzhou , China PR"
women,2005,2,Friendly Women,2000010102,Friday 04/02/2005,"",39751,20050204,chn,China PR,/world-match-centre/teams/country=chn/women/index.html,den,Denmark,/world-match-centre/teams/country=den/women/index.html,0-0,"YIWU - Yiwu , China PR"
women,2005,2,Friendly Women,2000010102,Friday 04/02/2005,"",40453,20050204,cze,Czech Republic,/world-match-centre/teams/country=cze/women/index.html,rou,Romania,/world-match-centre/teams/country=rou/women/index.html,4-0,"DUBAI - Dubai , United Arab Emirates"
women,2005,2,Friendly Women,2000010102,Monday 07/02/2005,"",39752,20050207,chn,China PR,/world-match-centre/teams/country=chn/women/index.html,den,Denmark,/world-match-centre/teams/country=den/women/index.html,1-1,"YIWU - Yiwu , China PR"
women,2005,2,Friendly Women,2000010102,Tuesday 15/02/2005,"",39662,20050215,esp,Spain,/world-match-centre/teams/country=esp/women/index.html,fin,Finland,/world-match-centre/teams/country=fin/women/index.html,2-2,"Estadio de Maspalomas - Maspalomas , Spain"
women,2005,2,Friendly Women,2000010102,Wednesday 16/02/2005,"",39663,20050216,esp,Spain,/world-match-centre/teams/country=esp/women/index.html,ned,Netherlands,/world-match-centre/teams/country=ned/women/index.html,0-0,"Estadio de Maspalomas - Maspalomas , Spain"
women,2005,2,Friendly Women,2000010102,Thursday 17/02/2005,"",39744,20050217,eng,England,/world-match-centre/teams/country=eng/women/index.html,ita,Italy,/world-match-centre/teams/country=ita/women/index.html,4-1,"MILTON KEYNES - Milton Keynes , England"
women,2005,2,Friendly Women,2000010102,Friday 18/02/2005,"",39799,20050218,ned,Netherlands,/world-match-centre/teams/country=ned/women/index.html,fin,Finland,/world-match-centre/teams/country=fin/women/index.html,0-1,"Estadio de Maspalomas - Maspalomas , Spain"
women,2005,2,Friendly Women,2000010102,Saturday 19/02/2005,"",39664,20050219,nor,Norway,/world-match-centre/teams/country=nor/women/index.html,fra,France,/world-match-centre/teams/country=fra/women/index.html,0-2,"LA MANGA - La Manga , Spain"
women,2005,2,Friendly Women,2000010102,Tuesday 22/02/2005,"",39665,20050222,nor,Norway,/world-match-centre/teams/country=nor/women/index.html,fra,France,/world-match-centre/teams/country=fra/women/index.html,0-1,"LA MANGA - La Manga , Spain"
women,2005,2,Friendly Women,2000010102,Wednesday 23/02/2005,"",39753,20050223,por,Portugal,/world-match-centre/teams/country=por/women/index.html,ita,Italy,/world-match-centre/teams/country=ita/women/index.html,0-2,"SANTA MARIA DA FEIRA - Santa Maria Da Feira , Portugal"
women,2005,3,Friendly Women,2000010102,Monday 07/03/2005,"",40133,20050307,ukr,Ukraine,/world-match-centre/teams/country=ukr/women/index.html,rus,Russia,/world-match-centre/teams/country=rus/women/index.html,1-2,"Lokomotiv - Simferopol , Ukraine"
women,2005,3,Friendly Women,2000010102,Wednesday 09/03/2005,"",300116161,20050309,ukr,Ukraine,/world-match-centre/teams/country=ukr/women/index.html,rus,Russia,/world-match-centre/teams/country=rus/women/index.html,0-1,"Lokomotiv - Simferopol , Ukraine"
women,2005,3,Friendly Women,2000010102,Wednesday 09/03/2005,"",39626,20050309,nor,Norway,/world-match-centre/teams/country=nor/women/index.html,chn,China PR,/world-match-centre/teams/country=chn/women/index.html,2-1,"LAGOS (POR) - Lagos , Portugal"
women,2005,3,Friendly Women,2000010102,Wednesday 09/03/2005,"",39627,20050309,swe,Sweden,/world-match-centre/teams/country=swe/women/index.html,ger,Germany,/world-match-centre/teams/country=ger/women/index.html,1-2,"LAGOS (POR) - Lagos , Portugal"
women,2005,3,Friendly Women,2000010102,Wednesday 09/03/2005,"",39632,20050309,den,Denmark,/world-match-centre/teams/country=den/women/index.html,fin,Finland,/world-match-centre/teams/country=fin/women/index.html,4-1,"FERREIRAS - Ferreiras , Portugal"
women,2005,3,Friendly Women,2000010102,Wednesday 09/03/2005,"",39633,20050309,fra,France,/world-match-centre/teams/country=fra/women/index.html,usa,USA,/world-match-centre/teams/country=usa/women/index.html,0-1,"FERREIRAS - Ferreiras , Portugal"
women,2005,3,Friendly Women,2000010102,Wednesday 09/03/2005,"",39638,20050309,eng,England,/world-match-centre/teams/country=eng/women/index.html,nir,Northern Ireland,/world-match-centre/teams/country=nir/women/index.html,4-0,"PADERNE - Paderne , Portugal"
women,2005,3,Friendly Women,2000010102,Wednesday 09/03/2005,"",39639,20050309,por,Portugal,/world-match-centre/teams/country=por/women/index.html,mex,Mexico,/world-match-centre/teams/country=mex/women/index.html,1-2,"QUARTEIRA - Quarteira , Portugal"
women,2005,3,Friendly Women,2000010102,Friday 11/03/2005,"",39628,20050311,chn,China PR,/world-match-centre/teams/country=chn/women/index.html,swe,Sweden,/world-match-centre/teams/country=swe/women/index.html,0-2,"SILVES - Silves , Portugal"
women,2005,3,Friendly Women,2000010102,Friday 11/03/2005,"",39629,20050311,ger,Germany,/world-match-centre/teams/country=ger/women/index.html,nor,Norway,/world-match-centre/teams/country=nor/women/index.html,4-0,"SILVES - Silves , Portugal"
women,2005,3,Friendly Women,2000010102,Friday 11/03/2005,"",39634,20050311,usa,USA,/world-match-centre/teams/country=usa/women/index.html,fin,Finland,/world-match-centre/teams/country=fin/women/index.html,3-0,"GUIA - Guia , Portugal"
women,2005,3,Friendly Women,2000010102,Friday 11/03/2005,"",39635,20050311,den,Denmark,/world-match-centre/teams/country=den/women/index.html,fra,France,/world-match-centre/teams/country=fra/women/index.html,1-2,"GUIA - Guia , Portugal"
women,2005,3,Friendly Women,2000010102,Friday 11/03/2005,"",39643,20050311,eng,England,/world-match-centre/teams/country=eng/women/index.html,por,Portugal,/world-match-centre/teams/country=por/women/index.html,4-0,"FARO - Faro , Portugal"
women,2005,3,Friendly Women,2000010102,Friday 11/03/2005,"",39644,20050311,mex,Mexico,/world-match-centre/teams/country=mex/women/index.html,nir,Northern Ireland,/world-match-centre/teams/country=nir/women/index.html,2-0,"FARO - Faro , Portugal"
women,2005,3,Friendly Women,2000010102,Saturday 12/03/2005,"",39745,20050312,irl,Republic of Ireland,/world-match-centre/teams/country=irl/women/index.html,bel,Belgium,/world-match-centre/teams/country=bel/women/index.html,2-0,"CORK - Cork , Republic of Ireland"
women,2005,3,Friendly Women,2000010102,Sunday 13/03/2005,"",39630,20050313,chn,China PR,/world-match-centre/teams/country=chn/women/index.html,ger,Germany,/world-match-centre/teams/country=ger/women/index.html,0-2,"ALVOR - Alvor , Portugal"
women,2005,3,Friendly Women,2000010102,Sunday 13/03/2005,"",39631,20050313,swe,Sweden,/world-match-centre/teams/country=swe/women/index.html,nor,Norway,/world-match-centre/teams/country=nor/women/index.html,1-1,"LOULE - Loule , Portugal"
women,2005,3,Friendly Women,2000010102,Sunday 13/03/2005,"",39637,20050313,fin,Finland,/world-match-centre/teams/country=fin/women/index.html,fra,France,/world-match-centre/teams/country=fra/women/index.html,1-2,"LOULE - Loule , Portugal"
women,2005,3,Friendly Women,2000010102,Sunday 13/03/2005,"",39636,20050313,usa,USA,/world-match-centre/teams/country=usa/women/index.html,den,Denmark,/world-match-centre/teams/country=den/women/index.html,4-0,"VILA REAL ST. ANTONIO - Vila Real St. Antonio , Portugal"
women,2005,3,Friendly Women,2000010102,Sunday 13/03/2005,"",39645,20050313,eng,England,/world-match-centre/teams/country=eng/women/index.html,mex,Mexico,/world-match-centre/teams/country=mex/women/index.html,5-0,"LAGOS (POR) - Lagos , Portugal"
women,2005,3,Friendly Women,2000010102,Sunday 13/03/2005,"",39646,20050313,nir,Northern Ireland,/world-match-centre/teams/country=nir/women/index.html,por,Portugal,/world-match-centre/teams/country=por/women/index.html,2-1,"LAGOS (POR) - Lagos , Portugal"
women,2005,3,Friendly Women,2000010102,Tuesday 15/03/2005,"",39873,20050315,nir,Northern Ireland,/world-match-centre/teams/country=nir/women/index.html,por,Portugal,/world-match-centre/teams/country=por/women/index.html,1-3,"MONTECHORO - Montechoro , Portugal"
women,2005,3,Friendly Women,2000010102,Tuesday 15/03/2005,"",39874,20050315,mex,Mexico,/world-match-centre/teams/country=mex/women/index.html,fin,Finland,/world-match-centre/teams/country=fin/women/index.html,1-1 (5-4) Win on penalty,"QUARTEIRA - Quarteira , Portugal"
women,2005,3,Friendly Women,2000010102,Tuesday 15/03/2005,"",39875,20050315,eng,England,/world-match-centre/teams/country=eng/women/index.html,chn,China PR,/world-match-centre/teams/country=chn/women/index.html,0-0 (3-5) Win on penalty,"GUIA - Guia , Portugal"
women,2005,3,Friendly Women,2000010102,Tuesday 15/03/2005,"",39876,20050315,nor,Norway,/world-match-centre/teams/country=nor/women/index.html,den,Denmark,/world-match-centre/teams/country=den/women/index.html,2-1,"FARO - Faro , Portugal"
women,2005,3,Friendly Women,2000010102,Tuesday 15/03/2005,"",39877,20050315,swe,Sweden,/world-match-centre/teams/country=swe/women/index.html,fra,France,/world-match-centre/teams/country=fra/women/index.html,2-3,"Estadio Algarve - Faro , Portugal"
women,2005,3,Friendly Women,2000010102,Tuesday 15/03/2005,"",39878,20050315,ger,Germany,/world-match-centre/teams/country=ger/women/index.html,usa,USA,/world-match-centre/teams/country=usa/women/index.html,0-1,"Estadio Algarve - Faro , Portugal"
women,2005,3,Friendly Women,2000010102,Thursday 17/03/2005,"",40163,20050317,hun,Hungary,/world-match-centre/teams/country=hun/women/index.html,pol,Poland,/world-match-centre/teams/country=pol/women/index.html,0-3,"TAPOLCA - Tapolca , Hungary"
women,2005,3,Friendly Women,2000010102,Saturday 19/03/2005,"",40164,20050319,hun,Hungary,/world-match-centre/teams/country=hun/women/index.html,pol,Poland,/world-match-centre/teams/country=pol/women/index.html,0-4,"TAPOLCA - Tapolca , Hungary"
women,2005,3,Friendly Women,2000010102,Friday 25/03/2005,"",39668,20050325,bel,Belgium,/world-match-centre/teams/country=bel/women/index.html,sui,Switzerland,/world-match-centre/teams/country=sui/women/index.html,2-1,"ARLON - Arlon , Belgium"
women,2005,3,Friendly Women,2000010102,Saturday 26/03/2005,"",40160,20050326,aus,Australia,/world-match-centre/teams/country=aus/women/index.html,jpn,Japan,/world-match-centre/teams/country=jpn/women/index.html,0-2,"ANZ Stadium - Sydney , Australia"
women,2005,3,Friendly Women,2000010102,Sunday 27/03/2005,"",39669,20050327,bel,Belgium,/world-match-centre/teams/country=bel/women/index.html,sui,Switzerland,/world-match-centre/teams/country=sui/women/index.html,0-4,"ETHE - Ethe , Belgium"
women,2005,3,Friendly Women,2000010102,Tuesday 29/03/2005,"",40171,20050329,aus,Australia,/world-match-centre/teams/country=aus/women/index.html,jpn,Japan,/world-match-centre/teams/country=jpn/women/index.html,2-1,"MIRANDA - Miranda , Australia"
women,2005,3,Friendly Women Futsal,2000010106,Tuesday 01/03/2005,"",300225453,20050301,irn,Iran,/world-match-centre/teams/country=irn/women/index.html,aze,Azerbaijan,/world-match-centre/teams/country=aze/women/index.html,9-3,"TEHRAN - Tehran , Iran"
women,2005,4,FIFA U-20 Women's World Cup Qualifier,10298,Monday 25/04/2005,Group 3,42823,20050425,wal,Wales,/world-match-centre/teams/country=wal/women/index.html,gre,Greece,/world-match-centre/teams/country=gre/women/index.html,2-1,""
women,2005,4,FIFA U-20 Women's World Cup Qualifier,10298,Monday 25/04/2005,Group 3,42824,20050425,ned,Netherlands,/world-match-centre/teams/country=ned/women/index.html,fin,Finland,/world-match-centre/teams/country=fin/women/index.html,0-1,""
women,2005,4,FIFA U-20 Women's World Cup Qualifier,10298,Tuesday 26/04/2005,Group 1,42811,20050426,den,Denmark,/world-match-centre/teams/country=den/women/index.html,cze,Czech Republic,/world-match-centre/teams/country=cze/women/index.html,1-1,""
women,2005,4,FIFA U-20 Women's World Cup Qualifier,10298,Tuesday 26/04/2005,Group 1,42812,20050426,ger,Germany,/world-match-centre/teams/country=ger/women/index.html,swe,Sweden,/world-match-centre/teams/country=swe/women/index.html,1-0,""
women,2005,4,FIFA U-20 Women's World Cup Qualifier,10298,Tuesday 26/04/2005,Group 2,42817,20050426,nor,Norway,/world-match-centre/teams/country=nor/women/index.html,ita,Italy,/world-match-centre/teams/country=ita/women/index.html,3-1,""
women,2005,4,FIFA U-20 Women's World Cup Qualifier,10298,Tuesday 26/04/2005,Group 2,42818,20050426,eng,England,/world-match-centre/teams/country=eng/women/index.html,mda,Moldova,/world-match-centre/teams/country=mda/women/index.html,4-0,""
women,2005,4,FIFA U-20 Women's World Cup Qualifier,10298,Tuesday 26/04/2005,Group 4,42829,20050426,rus,Russia,/world-match-centre/teams/country=rus/women/index.html,rou,Romania,/world-match-centre/teams/country=rou/women/index.html,6-0,""
women,2005,4,FIFA U-20 Women's World Cup Qualifier,10298,Tuesday 26/04/2005,Group 4,42830,20050426,aut,Austria,/world-match-centre/teams/country=aut/women/index.html,scg,Serbia and Montenegro,/world-match-centre/teams/country=scg/women/index.html,3-2,""
women,2005,4,FIFA U-20 Women's World Cup Qualifier,10298,Tuesday 26/04/2005,Group 6,42842,20050426,ukr,Ukraine,/world-match-centre/teams/country=ukr/women/index.html,pol,Poland,/world-match-centre/teams/country=pol/women/index.html,0-1,""
women,2005,4,FIFA U-20 Women's World Cup Qualifier,10298,Tuesday 26/04/2005,Group 6,42843,20050426,sui,Switzerland,/world-match-centre/teams/country=sui/women/index.html,nir,Northern Ireland,/world-match-centre/teams/country=nir/women/index.html,4-2,""
women,2005,4,FIFA U-20 Women's World Cup Qualifier,10298,Tuesday 26/04/2005,Group 7,42848,20050426,irl,Republic of Ireland,/world-match-centre/teams/country=irl/women/index.html,cro,Croatia,/world-match-centre/teams/country=cro/women/index.html,4-1,""
women,2005,4,FIFA U-20 Women's World Cup Qualifier,10298,Tuesday 26/04/2005,Group 7,42849,20050426,fra,France,/world-match-centre/teams/country=fra/women/index.html,esp,Spain,/world-match-centre/teams/country=esp/women/index.html,1-0,""
women,2005,4,FIFA U-20 Women's World Cup Qualifier,10298,Wednesday 27/04/2005,Group 3,42825,20050427,fin,Finland,/world-match-centre/teams/country=fin/women/index.html,wal,Wales,/world-match-centre/teams/country=wal/women/index.html,1-1,""
women,2005,4,FIFA U-20 Women's World Cup Qualifier,10298,Wednesday 27/04/2005,Group 3,42826,20050427,ned,Netherlands,/world-match-centre/teams/country=ned/women/index.html,gre,Greece,/world-match-centre/teams/country=gre/women/index.html,2-0,""
women,2005,4,FIFA U-20 Women's World Cup Qualifier,10298,Wednesday 27/04/2005,Group 5,42836,20050427,isr,Israel,/world-match-centre/teams/country=isr/women/index.html,por,Portugal,/world-match-centre/teams/country=por/women/index.html,1-4,""
women,2005,4,FIFA U-20 Women's World Cup Qualifier,10298,Wednesday 27/04/2005,Group 5,42835,20050427,sco,Scotland,/world-match-centre/teams/country=sco/women/index.html,bel,Belgium,/world-match-centre/teams/country=bel/women/index.html,3-0,""
women,2005,4,FIFA U-20 Women's World Cup Qualifier,10298,Thursday 28/04/2005,Group 1,42813,20050428,swe,Sweden,/world-match-centre/teams/country=swe/women/index.html,den,Denmark,/world-match-centre/teams/country=den/women/index.html,3-1,""
women,2005,4,FIFA U-20 Women's World Cup Qualifier,10298,Thursday 28/04/2005,Group 1,42814,20050428,ger,Germany,/world-match-centre/teams/country=ger/women/index.html,cze,Czech Republic,/world-match-centre/teams/country=cze/women/index.html,4-1,""
women,2005,4,FIFA U-20 Women's World Cup Qualifier,10298,Thursday 28/04/2005,Group 2,42819,20050428,nor,Norway,/world-match-centre/teams/country=nor/women/index.html,mda,Moldova,/world-match-centre/teams/country=mda/women/index.html,7-1,""
women,2005,4,FIFA U-20 Women's World Cup Qualifier,10298,Thursday 28/04/2005,Group 2,42820,20050428,ita,Italy,/world-match-centre/teams/country=ita/women/index.html,eng,England,/world-match-centre/teams/country=eng/women/index.html,2-1,""
women,2005,4,FIFA U-20 Women's World Cup Qualifier,10298,Thursday 28/04/2005,Group 4,42831,20050428,scg,Serbia and Montenegro,/world-match-centre/teams/country=scg/women/index.html,rus,Russia,/world-match-centre/teams/country=rus/women/index.html,0-5,""
women,2005,4,FIFA U-20 Women's World Cup Qualifier,10298,Thursday 28/04/2005,Group 4,42832,20050428,aut,Austria,/world-match-centre/teams/country=aut/women/index.html,rou,Romania,/world-match-centre/teams/country=rou/women/index.html,4-0,""
women,2005,4,FIFA U-20 Women's World Cup Qualifier,10298,Thursday 28/04/2005,Group 6,42844,20050428,ukr,Ukraine,/world-match-centre/teams/country=ukr/women/index.html,nir,Northern Ireland,/world-match-centre/teams/country=nir/women/index.html,0-2,""
women,2005,4,FIFA U-20 Women's World Cup Qualifier,10298,Thursday 28/04/2005,Group 6,42845,20050428,pol,Poland,/world-match-centre/teams/country=pol/women/index.html,sui,Switzerland,/world-match-centre/teams/country=sui/women/index.html,1-4,""
women,2005,4,FIFA U-20 Women's World Cup Qualifier,10298,Thursday 28/04/2005,Group 7,42850,20050428,fra,France,/world-match-centre/teams/country=fra/women/index.html,cro,Croatia,/world-match-centre/teams/country=cro/women/index.html,7-1,""
women,2005,4,FIFA U-20 Women's World Cup Qualifier,10298,Thursday 28/04/2005,Group 7,42851,20050428,esp,Spain,/world-match-centre/teams/country=esp/women/index.html,irl,Republic of Ireland,/world-match-centre/teams/country=irl/women/index.html,5-0,""
women,2005,4,FIFA U-20 Women's World Cup Qualifier,10298,Friday 29/04/2005,Group 3,42827,20050429,wal,Wales,/world-match-centre/teams/country=wal/women/index.html,ned,Netherlands,/world-match-centre/teams/country=ned/women/index.html,1-3,""
women,2005,4,FIFA U-20 Women's World Cup Qualifier,10298,Friday 29/04/2005,Group 3,42828,20050429,gre,Greece,/world-match-centre/teams/country=gre/women/index.html,fin,Finland,/world-match-centre/teams/country=fin/women/index.html,0-1,""
women,2005,4,FIFA U-20 Women's World Cup Qualifier,10298,Friday 29/04/2005,Group 5,42837,20050429,sco,Scotland,/world-match-centre/teams/country=sco/women/index.html,por,Portugal,/world-match-centre/teams/country=por/women/index.html,2-0,""
women,2005,4,FIFA U-20 Women's World Cup Qualifier,10298,Friday 29/04/2005,Group 5,42838,20050429,bel,Belgium,/world-match-centre/teams/country=bel/women/index.html,isr,Israel,/world-match-centre/teams/country=isr/women/index.html,1-2,""
women,2005,4,FIFA U-20 Women's World Cup Qualifier,10298,Saturday 30/04/2005,Group 1,42815,20050430,den,Denmark,/world-match-centre/teams/country=den/women/index.html,ger,Germany,/world-match-centre/teams/country=ger/women/index.html,0-1,""
women,2005,4,FIFA U-20 Women's World Cup Qualifier,10298,Saturday 30/04/2005,Group 1,42816,20050430,cze,Czech Republic,/world-match-centre/teams/country=cze/women/index.html,swe,Sweden,/world-match-centre/teams/country=swe/women/index.html,0-6,""
women,2005,4,FIFA U-20 Women's World Cup Qualifier,10298,Saturday 30/04/2005,Group 2,42821,20050430,eng,England,/world-match-centre/teams/country=eng/women/index.html,nor,Norway,/world-match-centre/teams/country=nor/women/index.html,2-0,""
women,2005,4,FIFA U-20 Women's World Cup Qualifier,10298,Saturday 30/04/2005,Group 2,42822,20050430,mda,Moldova,/world-match-centre/teams/country=mda/women/index.html,ita,Italy,/world-match-centre/teams/country=ita/women/index.html,0-5,""
women,2005,4,FIFA U-20 Women's World Cup Qualifier,10298,Saturday 30/04/2005,Group 4,42833,20050430,rou,Romania,/world-match-centre/teams/country=rou/women/index.html,scg,Serbia and Montenegro,/world-match-centre/teams/country=scg/women/index.html,0-3,""
women,2005,4,FIFA U-20 Women's World Cup Qualifier,10298,Saturday 30/04/2005,Group 4,42834,20050430,rus,Russia,/world-match-centre/teams/country=rus/women/index.html,aut,Austria,/world-match-centre/teams/country=aut/women/index.html,3-1,""
women,2005,4,FIFA U-20 Women's World Cup Qualifier,10298,Saturday 30/04/2005,Group 6,42846,20050430,sui,Switzerland,/world-match-centre/teams/country=sui/women/index.html,ukr,Ukraine,/world-match-centre/teams/country=ukr/women/index.html,3-2,""
women,2005,4,FIFA U-20 Women's World Cup Qualifier,10298,Saturday 30/04/2005,Group 6,42847,20050430,nir,Northern Ireland,/world-match-centre/teams/country=nir/women/index.html,pol,Poland,/world-match-centre/teams/country=pol/women/index.html,1-3,""
women,2005,4,FIFA U-20 Women's World Cup Qualifier,10298,Saturday 30/04/2005,Group 7,42852,20050430,irl,Republic of Ireland,/world-match-centre/teams/country=irl/women/index.html,fra,France,/world-match-centre/teams/country=fra/women/index.html,0-1,""
women,2005,4,FIFA U-20 Women's World Cup Qualifier,10298,Saturday 30/04/2005,Group 7,42853,20050430,cro,Croatia,/world-match-centre/teams/country=cro/women/index.html,esp,Spain,/world-match-centre/teams/country=esp/women/index.html,0-4,""
women,2005,4,Friendly Women,2000010102,Sunday 03/04/2005,"",40551,20050403,bul,Bulgaria,/world-match-centre/teams/country=bul/women/index.html,kaz,Kazakhstan,/world-match-centre/teams/country=kaz/women/index.html,2-0,"ALBENA - Albena , Bulgaria"
women,2005,4,Friendly Women,2000010102,Tuesday 05/04/2005,"",43687,20050405,syr,Syria,/world-match-centre/teams/country=syr/women/index.html,ple,Palestine,/world-match-centre/teams/country=ple/women/index.html,2-0,"AMMAN - Amman , Jordan"
women,2005,4,Friendly Women,2000010102,Tuesday 05/04/2005,"",40332,20050405,prk,Korea DPR,/world-match-centre/teams/country=prk/women/index.html,rou,Romania,/world-match-centre/teams/country=rou/women/index.html,6-1,"VARNA - Varna , Bulgaria"
women,2005,4,Friendly Women,2000010102,Saturday 09/04/2005,"",40333,20050409,bul,Bulgaria,/world-match-centre/teams/country=bul/women/index.html,prk,Korea DPR,/world-match-centre/teams/country=prk/women/index.html,0-5,"VARNA - Varna , Bulgaria"
women,2005,4,Friendly Women,2000010102,Saturday 09/04/2005,"",40334,20050409,kaz,Kazakhstan,/world-match-centre/teams/country=kaz/women/index.html,rou,Romania,/world-match-centre/teams/country=rou/women/index.html,2-2,"VARNA - Varna , Bulgaria"
women,2005,4,Friendly Women,2000010102,Tuesday 12/04/2005,"",40614,20050412,svk,Slovakia,/world-match-centre/teams/country=svk/women/index.html,hun,Hungary,/world-match-centre/teams/country=hun/women/index.html,2-1,"MALE DVORNIKY - Male Dvorniky , Slovakia"
women,2005,4,Friendly Women,2000010102,Wednesday 13/04/2005,"",40613,20050413,hun,Hungary,/world-match-centre/teams/country=hun/women/index.html,svk,Slovakia,/world-match-centre/teams/country=svk/women/index.html,2-0,"GYOR - Gy旦R , Hungary"
women,2005,4,Friendly Women,2000010102,Wednesday 13/04/2005,"",39462,20050413,fra,France,/world-match-centre/teams/country=fra/women/index.html,ned,Netherlands,/world-match-centre/teams/country=ned/women/index.html,0-0,"Auguste Bonal - Sochaux , France"
women,2005,4,Friendly Women,2000010102,Wednesday 13/04/2005,"",39670,20050413,ita,Italy,/world-match-centre/teams/country=ita/women/index.html,den,Denmark,/world-match-centre/teams/country=den/women/index.html,1-0,"GENOA - Genoa , Italy"
women,2005,4,Friendly Women,2000010102,Tuesday 19/04/2005,"",40317,20050419,ned,Netherlands,/world-match-centre/teams/country=ned/women/index.html,can,Canada,/world-match-centre/teams/country=can/women/index.html,1-1,"APELDOORN - Apeldoorn , Netherlands"
women,2005,4,Friendly Women,2000010102,Thursday 21/04/2005,"",39902,20050421,eng,England,/world-match-centre/teams/country=eng/women/index.html,sco,Scotland,/world-match-centre/teams/country=sco/women/index.html,2-1,"Prenton Park - Birkenhead , England"
women,2005,4,Friendly Women,2000010102,Thursday 21/04/2005,"",38957,20050421,ger,Germany,/world-match-centre/teams/country=ger/women/index.html,can,Canada,/world-match-centre/teams/country=can/women/index.html,3-1,"OSNABRUECK - Osnabrueck , Germany"
women,2005,4,Friendly Women,2000010102,Sunday 24/04/2005,"",39128,20050424,ger,Germany,/world-match-centre/teams/country=ger/women/index.html,can,Canada,/world-match-centre/teams/country=can/women/index.html,3-2,"HILDESHEIM - Hildesheim , Germany"
women,2005,4,Friendly Women,2000010102,Wednesday 27/04/2005,"",40161,20050427,ita,Italy,/world-match-centre/teams/country=ita/women/index.html,fin,Finland,/world-match-centre/teams/country=fin/women/index.html,0-0,"FLUGGI - Fluggi , Italy"
women,2005,4,Friendly Women,2000010102,Wednesday 27/04/2005,"",39671,20050427,den,Denmark,/world-match-centre/teams/country=den/women/index.html,sui,Switzerland,/world-match-centre/teams/country=sui/women/index.html,7-2,"VILDBJERG - Vildbjerg , Denmark"
women,2005,4,Friendly Women,2000010102,Wednesday 27/04/2005,"",40318,20050427,fra,France,/world-match-centre/teams/country=fra/women/index.html,can,Canada,/world-match-centre/teams/country=can/women/index.html,0-2,"STRASBOURG - Strasbourg , France"
women,2005,4,Friendly Women,2000010102,Saturday 30/04/2005,"",39623,20050430,swe,Sweden,/world-match-centre/teams/country=swe/women/index.html,den,Denmark,/world-match-centre/teams/country=den/women/index.html,0-0,"Varendsvallen - Vaxjo , Sweden"
women,2005,5,FIFA U-20 Women's World Cup Qualifier,10298,Sunday 01/05/2005,Group 5,42839,20050501,isr,Israel,/world-match-centre/teams/country=isr/women/index.html,sco,Scotland,/world-match-centre/teams/country=sco/women/index.html,1-4,""
women,2005,5,FIFA U-20 Women's World Cup Qualifier,10298,Sunday 01/05/2005,Group 5,42840,20050501,por,Portugal,/world-match-centre/teams/country=por/women/index.html,bel,Belgium,/world-match-centre/teams/country=bel/women/index.html,1-0,""
women,2005,5,Friendly Women,2000010102,Tuesday 03/05/2005,"",39624,20050503,swe,Sweden,/world-match-centre/teams/country=swe/women/index.html,ned,Netherlands,/world-match-centre/teams/country=ned/women/index.html,2-0,"Vangavallen - Trelleborg , Sweden"
women,2005,5,Friendly Women,2000010102,Friday 06/05/2005,"",39857,20050506,eng,England,/world-match-centre/teams/country=eng/women/index.html,nor,Norway,/world-match-centre/teams/country=nor/women/index.html,1-0,"Oakwell Stadium - Barnsley , England"
women,2005,5,Friendly Women,2000010102,Saturday 07/05/2005,"",57916,20050507,cro,Croatia,/world-match-centre/teams/country=cro/women/index.html,mkd,FYR Macedonia,/world-match-centre/teams/country=mkd/women/index.html,4-0,"DAKOVO - Dakovo , Croatia"
women,2005,5,Friendly Women,2000010102,Monday 16/05/2005,"",55128,20050516,sen,Senegal,/world-match-centre/teams/country=sen/women/index.html,mli,Mali,/world-match-centre/teams/country=mli/women/index.html,4-1,"Iba Mar Diop - Dakar , Senegal"
women,2005,5,Friendly Women,2000010102,Wednesday 18/05/2005,"",55127,20050518,mli,Mali,/world-match-centre/teams/country=mli/women/index.html,civ,C担te d'Ivoire,/world-match-centre/teams/country=civ/women/index.html,6-1,"Iba Mar Diop - Dakar , Senegal"
women,2005,5,Friendly Women,2000010102,Wednesday 18/05/2005,"",40452,20050518,ita,Italy,/world-match-centre/teams/country=ita/women/index.html,irl,Republic of Ireland,/world-match-centre/teams/country=irl/women/index.html,2-0,"VENICE - Venice , Italy"
women,2005,5,Friendly Women,2000010102,Thursday 19/05/2005,"",58523,20050519,sin,Singapore,/world-match-centre/teams/country=sin/women/index.html,png,Papua New Guinea,/world-match-centre/teams/country=png/women/index.html,5-0,"Optus Park - Darwin , Australia"
women,2005,5,Friendly Women,2000010102,Friday 20/05/2005,"",55126,20050520,sen,Senegal,/world-match-centre/teams/country=sen/women/index.html,civ,C担te d'Ivoire,/world-match-centre/teams/country=civ/women/index.html,3-3,"Iba Mar Diop - Dakar , Senegal"
women,2005,5,Friendly Women,2000010102,Friday 20/05/2005,"",40162,20050520,fin,Finland,/world-match-centre/teams/country=fin/women/index.html,sco,Scotland,/world-match-centre/teams/country=sco/women/index.html,2-0,"Veritas Stadium - Turku , Finland"
women,2005,5,Friendly Women,2000010102,Saturday 21/05/2005,"",40391,20050521,jpn,Japan,/world-match-centre/teams/country=jpn/women/index.html,nzl,New Zealand,/world-match-centre/teams/country=nzl/women/index.html,6-0,"Nishigaoka Soccer Stadium - Tokyo , Japan"
women,2005,5,Friendly Women,2000010102,Saturday 21/05/2005,"",42733,20050521,svn,Slovenia,/world-match-centre/teams/country=svn/women/index.html,mkd,FYR Macedonia,/world-match-centre/teams/country=mkd/women/index.html,7-1,"Sportni Park - Beltinci , Slovenia"
women,2005,5,Friendly Women,2000010102,Saturday 21/05/2005,"",40539,20050521,mas,Malaysia,/world-match-centre/teams/country=mas/women/index.html,phi,Philippines,/world-match-centre/teams/country=phi/women/index.html,1-6,"National Stadium Bukit Jalil - Kuala Lumpur , Malaysia"
women,2005,5,Friendly Women,2000010102,Sunday 22/05/2005,"",55125,20050522,sen,Senegal,/world-match-centre/teams/country=sen/women/index.html,mli,Mali,/world-match-centre/teams/country=mli/women/index.html,0-1,"Iba Mar Diop - Dakar , Senegal"
women,2005,5,Friendly Women,2000010102,Monday 23/05/2005,"",40540,20050523,phi,Philippines,/world-match-centre/teams/country=phi/women/index.html,mya,Myanmar,/world-match-centre/teams/country=mya/women/index.html,0-5,"National Stadium Bukit Jalil - Kuala Lumpur , Malaysia"
women,2005,5,Friendly Women,2000010102,Tuesday 24/05/2005,"",40612,20050524,hun,Hungary,/world-match-centre/teams/country=hun/women/index.html,svn,Slovenia,/world-match-centre/teams/country=svn/women/index.html,2-0,"ZALAEGERSZEG - Zalaegerszeg , Hungary"
women,2005,5,Friendly Women,2000010102,Wednesday 25/05/2005,"",40466,20050525,sco,Scotland,/world-match-centre/teams/country=sco/women/index.html,isl,Iceland,/world-match-centre/teams/country=isl/women/index.html,0-2,"McDiarmid Park - Perth , Scotland"
women,2005,5,Friendly Women,2000010102,Wednesday 25/05/2005,"",39672,20050525,den,Denmark,/world-match-centre/teams/country=den/women/index.html,can,Canada,/world-match-centre/teams/country=can/women/index.html,3-4,"Brondby Stadium - Brondby , Denmark"
women,2005,5,Friendly Women,2000010102,Wednesday 25/05/2005,"",40541,20050525,mas,Malaysia,/world-match-centre/teams/country=mas/women/index.html,mya,Myanmar,/world-match-centre/teams/country=mya/women/index.html,0-16,"National Stadium Bukit Jalil - Kuala Lumpur , Malaysia"
women,2005,5,Friendly Women,2000010102,Thursday 26/05/2005,"",40571,20050526,rus,Russia,/world-match-centre/teams/country=rus/women/index.html,jpn,Japan,/world-match-centre/teams/country=jpn/women/index.html,2-4,"SHCHELKOVO - Shchelkovo , Russia"
women,2005,5,Friendly Women,2000010102,Thursday 26/05/2005,"",40461,20050526,eng,England,/world-match-centre/teams/country=eng/women/index.html,cze,Czech Republic,/world-match-centre/teams/country=cze/women/index.html,4-1,"WALSALL - Walsall , England"
women,2005,5,Friendly Women,2000010102,Thursday 26/05/2005,"",300301180,20050526,mya,Myanmar,/world-match-centre/teams/country=mya/women/index.html,phi,Philippines,/world-match-centre/teams/country=phi/women/index.html,5-0,"KUALA LUMPUR - Kuala Lumpur , Malaysia"
women,2005,5,Friendly Women,2000010102,Saturday 28/05/2005,"",39625,20050528,swe,Sweden,/world-match-centre/teams/country=swe/women/index.html,can,Canada,/world-match-centre/teams/country=can/women/index.html,3-1,"Rasunda Stadium - Solna , Sweden"
women,2005,5,Friendly Women,2000010102,Saturday 28/05/2005,"",40572,20050528,rus,Russia,/world-match-centre/teams/country=rus/women/index.html,jpn,Japan,/world-match-centre/teams/country=jpn/women/index.html,0-2,"Torpedo - Moscow , Russia"
women,2005,5,Friendly Women,2000010102,Monday 30/05/2005,"",40611,20050530,sin,Singapore,/world-match-centre/teams/country=sin/women/index.html,phi,Philippines,/world-match-centre/teams/country=phi/women/index.html,0-1,"Clementi - Singapore , Singapore"
women,2005,5,Friendly Women,2000010102,Tuesday 31/05/2005,"",40292,20050531,nor,Norway,/world-match-centre/teams/country=nor/women/index.html,can,Canada,/world-match-centre/teams/country=can/women/index.html,3-0,"SARPSBORG - Sarpsborg , Norway"
women,2005,6,Womens Continental Final,9767,Sunday 05/06/2005,Group A,39770,20050605,swe,Sweden,/world-match-centre/teams/country=swe/women/index.html,den,Denmark,/world-match-centre/teams/country=den/women/index.html,1-1,"Bloomfield Road - Blackpool , England"
women,2005,6,Womens Continental Final,9767,Sunday 05/06/2005,Group A,39771,20050605,eng,England,/world-match-centre/teams/country=eng/women/index.html,fin,Finland,/world-match-centre/teams/country=fin/women/index.html,3-2,"City of Manchester - Manchester , England"
women,2005,6,Womens Continental Final,9767,Monday 06/06/2005,Group B,39772,20050606,ger,Germany,/world-match-centre/teams/country=ger/women/index.html,nor,Norway,/world-match-centre/teams/country=nor/women/index.html,1-0,"Halliwell Jones - Warrington , England"
women,2005,6,Womens Continental Final,9767,Monday 06/06/2005,Group B,39773,20050606,fra,France,/world-match-centre/teams/country=fra/women/index.html,ita,Italy,/world-match-centre/teams/country=ita/women/index.html,3-1,"Deepdale Stadium - Preston , England"
women,2005,6,Womens Continental Final,9767,Wednesday 08/06/2005,Group A,39774,20050608,swe,Sweden,/world-match-centre/teams/country=swe/women/index.html,fin,Finland,/world-match-centre/teams/country=fin/women/index.html,0-0,"Bloomfield Road - Blackpool , England"
women,2005,6,Womens Continental Final,9767,Wednesday 08/06/2005,Group A,39775,20050608,den,Denmark,/world-match-centre/teams/country=den/women/index.html,eng,England,/world-match-centre/teams/country=eng/women/index.html,2-1,"Ewood Park - Blackburn , England"
women,2005,6,Womens Continental Final,9767,Thursday 09/06/2005,Group B,39776,20050609,ita,Italy,/world-match-centre/teams/country=ita/women/index.html,ger,Germany,/world-match-centre/teams/country=ger/women/index.html,0-4,"Deepdale Stadium - Preston , England"
women,2005,6,Womens Continental Final,9767,Thursday 09/06/2005,Group B,39777,20050609,fra,France,/world-match-centre/teams/country=fra/women/index.html,nor,Norway,/world-match-centre/teams/country=nor/women/index.html,1-1,"Halliwell Jones - Warrington , England"
women,2005,6,Womens Continental Final,9767,Saturday 11/06/2005,Group A,39778,20050611,eng,England,/world-match-centre/teams/country=eng/women/index.html,swe,Sweden,/world-match-centre/teams/country=swe/women/index.html,0-1,"Ewood Park - Blackburn , England"
women,2005,6,Womens Continental Final,9767,Saturday 11/06/2005,Group A,39779,20050611,fin,Finland,/world-match-centre/teams/country=fin/women/index.html,den,Denmark,/world-match-centre/teams/country=den/women/index.html,2-1,"Bloomfield Road - Blackpool , England"
women,2005,6,Womens Continental Final,9767,Sunday 12/06/2005,Group B,39780,20050612,ger,Germany,/world-match-centre/teams/country=ger/women/index.html,fra,France,/world-match-centre/teams/country=fra/women/index.html,3-0,"Halliwell Jones - Warrington , England"
women,2005,6,Womens Continental Final,9767,Sunday 12/06/2005,Group B,39781,20050612,nor,Norway,/world-match-centre/teams/country=nor/women/index.html,ita,Italy,/world-match-centre/teams/country=ita/women/index.html,5-3,"Deepdale Stadium - Preston , England"
women,2005,6,Womens Continental Final,9767,Wednesday 15/06/2005,,39782,20050615,ger,Germany,/world-match-centre/teams/country=ger/women/index.html,fin,Finland,/world-match-centre/teams/country=fin/women/index.html,4-1,"Deepdale Stadium - Preston , England"
women,2005,6,Womens Continental Final,9767,Thursday 16/06/2005,,39783,20050616,nor,Norway,/world-match-centre/teams/country=nor/women/index.html,swe,Sweden,/world-match-centre/teams/country=swe/women/index.html,3-2,"Halliwell Jones - Warrington , England"
women,2005,6,Womens Continental Final,9767,Sunday 19/06/2005,,39784,20050619,ger,Germany,/world-match-centre/teams/country=ger/women/index.html,nor,Norway,/world-match-centre/teams/country=nor/women/index.html,3-1,"Ewood Park - Blackburn , England"
women,2005,6,FIFA Women's World Cup Qualifier,10216,Sunday 12/06/2005,Group A,40673,20050612,vie,Vietnam,/world-match-centre/teams/country=vie/women/index.html,phi,Philippines,/world-match-centre/teams/country=phi/women/index.html,6-1,"My Dinh National Stadium - Hanoi , Vietnam"
women,2005,6,FIFA Women's World Cup Qualifier,10216,Sunday 12/06/2005,Group B,40674,20050612,gum,Guam,/world-match-centre/teams/country=gum/women/index.html,ind,India,/world-match-centre/teams/country=ind/women/index.html,0-10,"My Dinh National Stadium - Hanoi , Vietnam"
women,2005,6,FIFA Women's World Cup Qualifier,10216,Monday 13/06/2005,Group C,40675,20050613,mdv,Maldives,/world-match-centre/teams/country=mdv/women/index.html,uzb,Uzbekistan,/world-match-centre/teams/country=uzb/women/index.html,0-6,"My Dinh National Stadium - Hanoi , Vietnam"
women,2005,6,FIFA Women's World Cup Qualifier,10216,Monday 13/06/2005,Group D,40676,20050613,idn,Indonesia,/world-match-centre/teams/country=idn/women/index.html,sin,Singapore,/world-match-centre/teams/country=sin/women/index.html,0-0,"My Dinh National Stadium - Hanoi , Vietnam"
women,2005,6,FIFA Women's World Cup Qualifier,10216,Tuesday 14/06/2005,Group A,40677,20050614,phi,Philippines,/world-match-centre/teams/country=phi/women/index.html,mya,Myanmar,/world-match-centre/teams/country=mya/women/index.html,1-4,"My Dinh National Stadium - Hanoi , Vietnam"
women,2005,6,FIFA Women's World Cup Qualifier,10216,Tuesday 14/06/2005,Group B,40678,20050614,ind,India,/world-match-centre/teams/country=ind/women/index.html,tpe,Chinese Taipei,/world-match-centre/teams/country=tpe/women/index.html,1-2,"My Dinh National Stadium - Hanoi , Vietnam"
women,2005,6,FIFA Women's World Cup Qualifier,10216,Wednesday 15/06/2005,Group C,40679,20050615,uzb,Uzbekistan,/world-match-centre/teams/country=uzb/women/index.html,hkg,Hong Kong,/world-match-centre/teams/country=hkg/women/index.html,3-0,"My Dinh National Stadium - Hanoi , Vietnam"
women,2005,6,FIFA Women's World Cup Qualifier,10216,Wednesday 15/06/2005,Group D,40680,20050615,sin,Singapore,/world-match-centre/teams/country=sin/women/index.html,tha,Thailand,/world-match-centre/teams/country=tha/women/index.html,1-5,"My Dinh National Stadium - Hanoi , Vietnam"
women,2005,6,FIFA Women's World Cup Qualifier,10216,Thursday 16/06/2005,Group A,40681,20050616,mya,Myanmar,/world-match-centre/teams/country=mya/women/index.html,vie,Vietnam,/world-match-centre/teams/country=vie/women/index.html,0-1,"My Dinh National Stadium - Hanoi , Vietnam"
women,2005,6,FIFA Women's World Cup Qualifier,10216,Thursday 16/06/2005,Group B,40682,20050616,tpe,Chinese Taipei,/world-match-centre/teams/country=tpe/women/index.html,gum,Guam,/world-match-centre/teams/country=gum/women/index.html,11-0,"My Dinh National Stadium - Hanoi , Vietnam"
women,2005,6,FIFA Women's World Cup Qualifier,10216,Friday 17/06/2005,Group C,40683,20050617,hkg,Hong Kong,/world-match-centre/teams/country=hkg/women/index.html,mdv,Maldives,/world-match-centre/teams/country=mdv/women/index.html,4-0,"My Dinh National Stadium - Hanoi , Vietnam"
women,2005,6,FIFA Women's World Cup Qualifier,10216,Friday 17/06/2005,Group D,40684,20050617,tha,Thailand,/world-match-centre/teams/country=tha/women/index.html,idn,Indonesia,/world-match-centre/teams/country=idn/women/index.html,4-0,"My Dinh National Stadium - Hanoi , Vietnam"
women,2005,6,FIFA Women's World Cup Qualifier,10216,Sunday 19/06/2005,Quarter-final,40685,20050619,vie,Vietnam,/world-match-centre/teams/country=vie/women/index.html,hkg,Hong Kong,/world-match-centre/teams/country=hkg/women/index.html,4-1,"My Dinh National Stadium - Hanoi , Vietnam"
women,2005,6,FIFA Women's World Cup Qualifier,10216,Sunday 19/06/2005,Quarter-final,40686,20050619,tpe,Chinese Taipei,/world-match-centre/teams/country=tpe/women/index.html,sin,Singapore,/world-match-centre/teams/country=sin/women/index.html,3-0,"My Dinh National Stadium - Hanoi , Vietnam"
women,2005,6,FIFA Women's World Cup Qualifier,10216,Monday 20/06/2005,Quarter-final,40687,20050620,mya,Myanmar,/world-match-centre/teams/country=mya/women/index.html,uzb,Uzbekistan,/world-match-centre/teams/country=uzb/women/index.html,2-1,"My Dinh National Stadium - Hanoi , Vietnam"
women,2005,6,FIFA Women's World Cup Qualifier,10216,Monday 20/06/2005,Quarter-final,40688,20050620,ind,India,/world-match-centre/teams/country=ind/women/index.html,tha,Thailand,/world-match-centre/teams/country=tha/women/index.html,2-3,"My Dinh National Stadium - Hanoi , Vietnam"
women,2005,6,Friendly Women,2000010102,Monday 06/06/2005,"",40659,20050606,irl,Republic of Ireland,/world-match-centre/teams/country=irl/women/index.html,fro,Faroe Islands,/world-match-centre/teams/country=fro/women/index.html,2-1,"DUBLIN - Dublin , Republic of Ireland"
women,2005,6,Friendly Women,2000010102,Sunday 26/06/2005,"",40595,20050626,usa,USA,/world-match-centre/teams/country=usa/women/index.html,can,Canada,/world-match-centre/teams/country=can/women/index.html,2-0,"Virginia Beach Sportsplex - Virginia Beach , USA"
women,2005,7,FIFA Women's World Cup Qualifier,10233,Saturday 09/07/2005,Group 4,41551,20050709,rus,Russia,/world-match-centre/teams/country=rus/women/index.html,irl,Republic of Ireland,/world-match-centre/teams/country=irl/women/index.html,5-1,"Moskvich - Moscow , Russia"
women,2005,7,FIFA U-20 Women's World Cup Qualifier,10298,Wednesday 20/07/2005,Group A,42854,20050720,fin,Finland,/world-match-centre/teams/country=fin/women/index.html,sui,Switzerland,/world-match-centre/teams/country=sui/women/index.html,4-2,""
women,2005,7,FIFA U-20 Women's World Cup Qualifier,10298,Wednesday 20/07/2005,Group A,42855,20050720,hun,Hungary,/world-match-centre/teams/country=hun/women/index.html,fin,Finland,/world-match-centre/teams/country=fin/women/index.html,0-2,""
women,2005,7,FIFA U-20 Women's World Cup Qualifier,10298,Wednesday 20/07/2005,Group B,42860,20050720,fra,France,/world-match-centre/teams/country=fra/women/index.html,rus,Russia,/world-match-centre/teams/country=rus/women/index.html,4-0,""
women,2005,7,FIFA U-20 Women's World Cup Qualifier,10298,Wednesday 20/07/2005,Group B,42861,20050720,sco,Scotland,/world-match-centre/teams/country=sco/women/index.html,eng,England,/world-match-centre/teams/country=eng/women/index.html,1-3,""
women,2005,7,FIFA U-20 Women's World Cup Qualifier,10298,Friday 22/07/2005,Group A,42856,20050722,hun,Hungary,/world-match-centre/teams/country=hun/women/index.html,fin,Finland,/world-match-centre/teams/country=fin/women/index.html,0-2,""
women,2005,7,FIFA U-20 Women's World Cup Qualifier,10298,Friday 22/07/2005,Group A,42857,20050722,ger,Germany,/world-match-centre/teams/country=ger/women/index.html,sui,Switzerland,/world-match-centre/teams/country=sui/women/index.html,5-2,""
women,2005,7,FIFA U-20 Women's World Cup Qualifier,10298,Friday 22/07/2005,Group B,42862,20050722,fra,France,/world-match-centre/teams/country=fra/women/index.html,sco,Scotland,/world-match-centre/teams/country=sco/women/index.html,3-1,""
women,2005,7,FIFA U-20 Women's World Cup Qualifier,10298,Friday 22/07/2005,Group B,42863,20050722,rus,Russia,/world-match-centre/teams/country=rus/women/index.html,eng,England,/world-match-centre/teams/country=eng/women/index.html,2-1,""
women,2005,7,FIFA U-20 Women's World Cup Qualifier,10298,Monday 25/07/2005,Group A,42858,20050725,ger,Germany,/world-match-centre/teams/country=ger/women/index.html,fin,Finland,/world-match-centre/teams/country=fin/women/index.html,3-1,""
women,2005,7,FIFA U-20 Women's World Cup Qualifier,10298,Monday 25/07/2005,Group A,42859,20050725,sui,Switzerland,/world-match-centre/teams/country=sui/women/index.html,hun,Hungary,/world-match-centre/teams/country=hun/women/index.html,4-1,""
women,2005,7,FIFA U-20 Women's World Cup Qualifier,10298,Monday 25/07/2005,Group B,42864,20050725,eng,England,/world-match-centre/teams/country=eng/women/index.html,fra,France,/world-match-centre/teams/country=fra/women/index.html,1-1,""
women,2005,7,FIFA U-20 Women's World Cup Qualifier,10298,Monday 25/07/2005,Group B,42865,20050725,rus,Russia,/world-match-centre/teams/country=rus/women/index.html,sco,Scotland,/world-match-centre/teams/country=sco/women/index.html,5-0,""
women,2005,7,FIFA U-20 Women's World Cup Qualifier,10298,Wednesday 27/07/2005,Match for fifth place,42866,20050727,sui,Switzerland,/world-match-centre/teams/country=sui/women/index.html,eng,England,/world-match-centre/teams/country=eng/women/index.html,2-1,""
women,2005,7,FIFA U-20 Women's World Cup Qualifier,10298,Thursday 28/07/2005,Semi-final,42867,20050728,ger,Germany,/world-match-centre/teams/country=ger/women/index.html,rus,Russia,/world-match-centre/teams/country=rus/women/index.html,1-3,""
women,2005,7,FIFA U-20 Women's World Cup Qualifier,10298,Thursday 28/07/2005,Semi-final,42868,20050728,fra,France,/world-match-centre/teams/country=fra/women/index.html,fin,Finland,/world-match-centre/teams/country=fin/women/index.html,1-0,""
women,2005,7,FIFA U-20 Women's World Cup Qualifier,10298,Sunday 31/07/2005,Final,42869,20050731,rus,Russia,/world-match-centre/teams/country=rus/women/index.html,fra,France,/world-match-centre/teams/country=fra/women/index.html,2-2 (6-5) Win on penalty,""
women,2005,7,Friendly Women,2000010102,Sunday 10/07/2005,"",40693,20050710,usa,USA,/world-match-centre/teams/country=usa/women/index.html,ukr,Ukraine,/world-match-centre/teams/country=ukr/women/index.html,7-0,"Harry A. Merlo Field - Portland , USA"
women,2005,7,Friendly Women,2000010102,Tuesday 12/07/2005,"",42431,20050712,ber,Bermuda,/world-match-centre/teams/country=ber/women/index.html,fro,Faroe Islands,/world-match-centre/teams/country=fro/women/index.html,0-3,"CUNNINGSBURGH - Cunningsburgh , Scotland"
women,2005,7,Friendly Women,2000010102,Saturday 16/07/2005,"",40581,20050716,chn,China PR,/world-match-centre/teams/country=chn/women/index.html,aus,Australia,/world-match-centre/teams/country=aus/women/index.html,1-2,"TIANJIN - Tianjin , China PR"
women,2005,7,Friendly Women,2000010102,Sunday 17/07/2005,"",300307257,20050717,arg,Argentina,/world-match-centre/teams/country=arg/women/index.html,uru,Uruguay,/world-match-centre/teams/country=uru/women/index.html,4-1,"Complejo Deportivo Ezeiza - Ezeiza , Argentina"
women,2005,7,Friendly Women,2000010102,Tuesday 19/07/2005,"",40582,20050719,chn,China PR,/world-match-centre/teams/country=chn/women/index.html,aus,Australia,/world-match-centre/teams/country=aus/women/index.html,2-0,"TIANJIN - Tianjin , China PR"
women,2005,7,Friendly Women,2000010102,Friday 22/07/2005,"",42715,20050722,pol,Poland,/world-match-centre/teams/country=pol/women/index.html,ukr,Ukraine,/world-match-centre/teams/country=ukr/women/index.html,1-2,"Gornik Leczna - Leczna , Poland"
women,2005,7,Friendly Women,2000010102,Saturday 23/07/2005,"",42057,20050723,jpn,Japan,/world-match-centre/teams/country=jpn/women/index.html,aus,Australia,/world-match-centre/teams/country=aus/women/index.html,4-2,"TOKYO - Tokyo , Japan"
women,2005,7,Friendly Women,2000010102,Sunday 24/07/2005,"",42716,20050724,pol,Poland,/world-match-centre/teams/country=pol/women/index.html,ukr,Ukraine,/world-match-centre/teams/country=ukr/women/index.html,0-4,"STEZYCA - Stezyca , Poland"
women,2005,7,Friendly Women,2000010102,Sunday 24/07/2005,"",300307259,20050724,uru,Uruguay,/world-match-centre/teams/country=uru/women/index.html,arg,Argentina,/world-match-centre/teams/country=arg/women/index.html,0-4,"MONTEVIDEO - Montevideo , Uruguay"
women,2005,7,Friendly Women,2000010102,Sunday 24/07/2005,"",40694,20050724,usa,USA,/world-match-centre/teams/country=usa/women/index.html,isl,Iceland,/world-match-centre/teams/country=isl/women/index.html,3-0,"StubHub Center - Carson , USA"
women,2005,7,Friendly Women,2000010102,Tuesday 26/07/2005,"",42058,20050726,kor,Korea Republic,/world-match-centre/teams/country=kor/women/index.html,aus,Australia,/world-match-centre/teams/country=aus/women/index.html,0-0,"Jeonju World Cup Stadium - Jeonju , Korea Republic"
women,2005,7,Friendly Women,2000010102,Thursday 28/07/2005,"",42059,20050728,kor,Korea Republic,/world-match-centre/teams/country=kor/women/index.html,aus,Australia,/world-match-centre/teams/country=aus/women/index.html,3-0,"Jeonju World Cup Stadium - Jeonju , Korea Republic"
women,2005,7,Friendly Women,2000010102,Friday 29/07/2005,"",43677,20050729,lva,Latvia,/world-match-centre/teams/country=lva/women/index.html,ltu,Lithuania,/world-match-centre/teams/country=ltu/women/index.html,0-3,"Daugava - Ventspils , Latvia"
women,2005,7,Friendly Women,2000010102,Saturday 30/07/2005,"",43678,20050730,est,Estonia,/world-match-centre/teams/country=est/women/index.html,ltu,Lithuania,/world-match-centre/teams/country=ltu/women/index.html,4-1,"Daugava - Ventspils , Latvia"
women,2005,7,Friendly Women,2000010102,Sunday 31/07/2005,"",43679,20050731,lva,Latvia,/world-match-centre/teams/country=lva/women/index.html,est,Estonia,/world-match-centre/teams/country=est/women/index.html,2-1,"Daugava - Ventspils , Latvia"
women,2005,7,Friendly Women,2000010102,Sunday 31/07/2005,"",41941,20050731,sco,Scotland,/world-match-centre/teams/country=sco/women/index.html,nir,Northern Ireland,/world-match-centre/teams/country=nir/women/index.html,2-1,"McDiarmid Park - Perth , Scotland"
women,2005,7,Friendly Women,2000010102,Monday 01/08/2005,"",40533,20050801,kor,Korea Republic,/world-match-centre/teams/country=kor/women/index.html,chn,China PR,/world-match-centre/teams/country=chn/women/index.html,2-0,"Jeonju World Cup Stadium - Jeonju , Korea Republic"
women,2005,7,Friendly Women,2000010102,Monday 01/08/2005,"",40534,20050801,prk,Korea DPR,/world-match-centre/teams/country=prk/women/index.html,jpn,Japan,/world-match-centre/teams/country=jpn/women/index.html,1-0,"Jeonju World Cup Stadium - Jeonju , Korea Republic"
women,2005,8,FIFA Women's World Cup Qualifier,10233,Saturday 20/08/2005,Group 7,41607,20050820,svk,Slovakia,/world-match-centre/teams/country=svk/women/index.html,rou,Romania,/world-match-centre/teams/country=rou/women/index.html,2-1,"National Stadium - Senec , Slovakia"
women,2005,8,FIFA Women's World Cup Qualifier,10233,Sunday 21/08/2005,Group 2,41509,20050821,isl,Iceland,/world-match-centre/teams/country=isl/women/index.html,blr,Belarus,/world-match-centre/teams/country=blr/women/index.html,3-0,"Laugardalsvollur - Reykjavik , Iceland"
women,2005,8,FIFA Women's World Cup Qualifier,10233,Sunday 21/08/2005,Group 8,41619,20050821,est,Estonia,/world-match-centre/teams/country=est/women/index.html,isr,Israel,/world-match-centre/teams/country=isr/women/index.html,2-5,"PARNU - Parnu , Estonia"
women,2005,8,FIFA Women's World Cup Qualifier,10233,Friday 26/08/2005,Group 7,41608,20050826,rou,Romania,/world-match-centre/teams/country=rou/women/index.html,kaz,Kazakhstan,/world-match-centre/teams/country=kaz/women/index.html,4-1,"Poiana - Campina , Romania"
women,2005,8,FIFA Women's World Cup Qualifier,10233,Saturday 27/08/2005,Group 1,41471,20050827,nor,Norway,/world-match-centre/teams/country=nor/women/index.html,ukr,Ukraine,/world-match-centre/teams/country=ukr/women/index.html,4-1,"Arasen - Lillestr淡M , Norway"
women,2005,8,FIFA Women's World Cup Qualifier,10233,Saturday 27/08/2005,Group 2,41510,20050827,blr,Belarus,/world-match-centre/teams/country=blr/women/index.html,cze,Czech Republic,/world-match-centre/teams/country=cze/women/index.html,1-1,"Darida - Minsk , Belarus"
women,2005,8,FIFA Women's World Cup Qualifier,10233,Saturday 27/08/2005,Group 3,41531,20050827,pol,Poland,/world-match-centre/teams/country=pol/women/index.html,den,Denmark,/world-match-centre/teams/country=den/women/index.html,1-5,"Komunalny Stadion GRYF 95 - Slupsk , Poland"
women,2005,8,FIFA Women's World Cup Qualifier,10233,Sunday 28/08/2005,Group 2,41511,20050828,swe,Sweden,/world-match-centre/teams/country=swe/women/index.html,isl,Iceland,/world-match-centre/teams/country=isl/women/index.html,2-2,"Nobelstadion - Karlskoga , Sweden"
women,2005,8,FIFA Women's World Cup Qualifier,10233,Sunday 28/08/2005,Group 4,41552,20050828,rus,Russia,/world-match-centre/teams/country=rus/women/index.html,sco,Scotland,/world-match-centre/teams/country=sco/women/index.html,6-0,"Moskvich - Moscow , Russia"
women,2005,8,FIFA Women's World Cup Qualifier,10233,Sunday 28/08/2005,Group 6,41594,20050828,svn,Slovenia,/world-match-centre/teams/country=svn/women/index.html,bih,Bosnia and Herzegovina,/world-match-centre/teams/country=bih/women/index.html,2-0,"Matija Gubec - Krsko , Slovenia"
women,2005,8,FIFA Women's World Cup Qualifier,10233,Wednesday 31/08/2005,Group 3,41532,20050831,bel,Belgium,/world-match-centre/teams/country=bel/women/index.html,fin,Finland,/world-match-centre/teams/country=fin/women/index.html,0-3,"Sportcomplex De Singel - Strombeek-Bever , Belgium"
women,2005,8,FIFA Women's World Cup Qualifier,10233,Wednesday 31/08/2005,Group 7,41609,20050831,kaz,Kazakhstan,/world-match-centre/teams/country=kaz/women/index.html,svk,Slovakia,/world-match-centre/teams/country=svk/women/index.html,0-4,"Kazhimukana Munaytpasova - Astana , Kazakhstan"
women,2005,8,FIFA Women's World Cup Qualifier,10233,Thursday 01/09/2005,Group 4,41553,20050901,sui,Switzerland,/world-match-centre/teams/country=sui/women/index.html,rus,Russia,/world-match-centre/teams/country=rus/women/index.html,0-2,"Herti-Allmend - Zug , Switzerland"
women,2005,8,FIFA Women's World Cup Qualifier,10233,Thursday 01/09/2005,Group 5,41574,20050901,aut,Austria,/world-match-centre/teams/country=aut/women/index.html,eng,England,/world-match-centre/teams/country=eng/women/index.html,1-4,"Ertl Glas (SKU) - Amstetten , Austria"
women,2005,8,FIFA U-20 Women's World Cup Qualifier,10295,Wednesday 17/08/2005,Group A,44632,20050817,lca,St. Lucia,/world-match-centre/teams/country=lca/women/index.html,vin,St. Vincent / Grenadines,/world-match-centre/teams/country=vin/women/index.html,4-1,""
women,2005,8,FIFA U-20 Women's World Cup Qualifier,10295,Wednesday 17/08/2005,Group A,44633,20050817,grn,Grenada,/world-match-centre/teams/country=grn/women/index.html,tri,Trinidad and Tobago,/world-match-centre/teams/country=tri/women/index.html,0-11,""
women,2005,8,FIFA U-20 Women's World Cup Qualifier,10295,Friday 19/08/2005,Group A,44630,20050819,lca,St. Lucia,/world-match-centre/teams/country=lca/women/index.html,grn,Grenada,/world-match-centre/teams/country=grn/women/index.html,1-1,""
women,2005,8,FIFA U-20 Women's World Cup Qualifier,10295,Friday 19/08/2005,Group A,44631,20050819,tri,Trinidad and Tobago,/world-match-centre/teams/country=tri/women/index.html,vin,St. Vincent / Grenadines,/world-match-centre/teams/country=vin/women/index.html,18-0,""
women,2005,8,FIFA U-20 Women's World Cup Qualifier,10295,Sunday 21/08/2005,Group A,44628,20050821,lca,St. Lucia,/world-match-centre/teams/country=lca/women/index.html,tri,Trinidad and Tobago,/world-match-centre/teams/country=tri/women/index.html,0-18,""
women,2005,8,FIFA U-20 Women's World Cup Qualifier,10295,Sunday 21/08/2005,Group A,44629,20050821,vin,St. Vincent / Grenadines,/world-match-centre/teams/country=vin/women/index.html,grn,Grenada,/world-match-centre/teams/country=grn/women/index.html,0-10,""
women,2005,8,Friendly Women,2000010102,Monday 01/08/2005,"",40533,20050801,kor,Korea Republic,/world-match-centre/teams/country=kor/women/index.html,chn,China PR,/world-match-centre/teams/country=chn/women/index.html,2-0,"Jeonju World Cup Stadium - Jeonju , Korea Republic"
women,2005,8,Friendly Women,2000010102,Monday 01/08/2005,"",40534,20050801,prk,Korea DPR,/world-match-centre/teams/country=prk/women/index.html,jpn,Japan,/world-match-centre/teams/country=jpn/women/index.html,1-0,"Jeonju World Cup Stadium - Jeonju , Korea Republic"
women,2005,8,Friendly Women,2000010102,Wednesday 03/08/2005,"",40535,20050803,chn,China PR,/world-match-centre/teams/country=chn/women/index.html,jpn,Japan,/world-match-centre/teams/country=jpn/women/index.html,0-0,"DAEJEON - Daejeon , Korea Republic"
women,2005,8,Friendly Women,2000010102,Thursday 04/08/2005,"",40536,20050804,kor,Korea Republic,/world-match-centre/teams/country=kor/women/index.html,prk,Korea DPR,/world-match-centre/teams/country=prk/women/index.html,1-0,"Jeonju World Cup Stadium - Jeonju , Korea Republic"
women,2005,8,Friendly Women,2000010102,Saturday 06/08/2005,"",40537,20050806,chn,China PR,/world-match-centre/teams/country=chn/women/index.html,prk,Korea DPR,/world-match-centre/teams/country=prk/women/index.html,0-1,"DAEGU - Daegu , Korea Republic"
women,2005,8,Friendly Women,2000010102,Saturday 06/08/2005,"",40538,20050806,kor,Korea Republic,/world-match-centre/teams/country=kor/women/index.html,jpn,Japan,/world-match-centre/teams/country=jpn/women/index.html,0-0,"DAEGU - Daegu , Korea Republic"
women,2005,8,Friendly Women,2000010102,Sunday 07/08/2005,"",43011,20050807,rsa,South Africa,/world-match-centre/teams/country=rsa/women/index.html,moz,Mozambique,/world-match-centre/teams/country=moz/women/index.html,12-0,"Boipatong Stadium - Boipatong , South Africa"
women,2005,8,Friendly Women,2000010102,Tuesday 09/08/2005,"",43012,20050809,rsa,South Africa,/world-match-centre/teams/country=rsa/women/index.html,moz,Mozambique,/world-match-centre/teams/country=moz/women/index.html,4-0,"Boipatong Stadium - Boipatong , South Africa"
women,2005,8,Friendly Women,2000010102,Saturday 13/08/2005,"",42889,20050813,per,Peru,/world-match-centre/teams/country=per/women/index.html,ven,Venezuela,/world-match-centre/teams/country=ven/women/index.html,5-1,"PEREIRA - Pereira , Colombia"
women,2005,8,Friendly Women,2000010102,Saturday 13/08/2005,"",42890,20050813,col,Colombia,/world-match-centre/teams/country=col/women/index.html,bol,Bolivia,/world-match-centre/teams/country=bol/women/index.html,3-1,"PEREIRA - Pereira , Colombia"
women,2005,8,Friendly Women,2000010102,Sunday 14/08/2005,"",42891,20050814,col,Colombia,/world-match-centre/teams/country=col/women/index.html,ven,Venezuela,/world-match-centre/teams/country=ven/women/index.html,3-1,"ARMENIA - Armenia , Colombia"
women,2005,8,Friendly Women,2000010102,Sunday 14/08/2005,"",42892,20050814,per,Peru,/world-match-centre/teams/country=per/women/index.html,ecu,Ecuador,/world-match-centre/teams/country=ecu/women/index.html,4-0,"MONTENEGRO - Montenegro , Colombia"
women,2005,8,Friendly Women,2000010102,Monday 15/08/2005,"",42893,20050815,ecu,Ecuador,/world-match-centre/teams/country=ecu/women/index.html,bol,Bolivia,/world-match-centre/teams/country=bol/women/index.html,3-1,"PEREIRA - Pereira , Colombia"
women,2005,8,Friendly Women,2000010102,Monday 15/08/2005,"",42894,20050815,col,Colombia,/world-match-centre/teams/country=col/women/index.html,per,Peru,/world-match-centre/teams/country=per/women/index.html,0-2,"PEREIRA - Pereira , Colombia"
women,2005,8,Friendly Women,2000010102,Tuesday 16/08/2005,"",42895,20050816,ecu,Ecuador,/world-match-centre/teams/country=ecu/women/index.html,ven,Venezuela,/world-match-centre/teams/country=ven/women/index.html,0-0,"ARMENIA - Armenia , Colombia"
women,2005,8,Friendly Women,2000010102,Tuesday 16/08/2005,"",42896,20050816,per,Peru,/world-match-centre/teams/country=per/women/index.html,bol,Bolivia,/world-match-centre/teams/country=bol/women/index.html,2-0,"MONTENEGRO - Montenegro , Colombia"
women,2005,8,Friendly Women,2000010102,Tuesday 16/08/2005,"",42870,20050816,kor,Korea Republic,/world-match-centre/teams/country=kor/women/index.html,prk,Korea DPR,/world-match-centre/teams/country=prk/women/index.html,0-2,"Public Stadium - Goyang , Korea Republic"
women,2005,8,Friendly Women,2000010102,Wednesday 17/08/2005,"",42897,20050817,bol,Bolivia,/world-match-centre/teams/country=bol/women/index.html,ven,Venezuela,/world-match-centre/teams/country=ven/women/index.html,2-1,"ARMENIA - Armenia , Colombia"
women,2005,8,Friendly Women,2000010102,Wednesday 17/08/2005,"",42898,20050817,col,Colombia,/world-match-centre/teams/country=col/women/index.html,ecu,Ecuador,/world-match-centre/teams/country=ecu/women/index.html,5-0,"MONTENEGRO - Montenegro , Colombia"
women,2005,8,Friendly Women,2000010102,Friday 19/08/2005,"",42899,20050819,per,Peru,/world-match-centre/teams/country=per/women/index.html,bol,Bolivia,/world-match-centre/teams/country=bol/women/index.html,3-0,"ARMENIA - Armenia , Colombia"
women,2005,8,Friendly Women,2000010102,Friday 19/08/2005,"",42900,20050819,col,Colombia,/world-match-centre/teams/country=col/women/index.html,ecu,Ecuador,/world-match-centre/teams/country=ecu/women/index.html,1-0,"ARMENIA - Armenia , Colombia"
women,2005,8,Friendly Women,2000010102,Saturday 20/08/2005,"",42901,20050820,ecu,Ecuador,/world-match-centre/teams/country=ecu/women/index.html,bol,Bolivia,/world-match-centre/teams/country=bol/women/index.html,3-2,"PEREIRA - Pereira , Colombia"
women,2005,8,Friendly Women,2000010102,Saturday 20/08/2005,"",42902,20050820,col,Colombia,/world-match-centre/teams/country=col/women/index.html,per,Peru,/world-match-centre/teams/country=per/women/index.html,0-3,"PEREIRA - Pereira , Colombia"
women,2005,8,Friendly Women,2000010102,Saturday 20/08/2005,"",40596,20050820,fin,Finland,/world-match-centre/teams/country=fin/women/index.html,ned,Netherlands,/world-match-centre/teams/country=ned/women/index.html,4-0,"Raatti Stadium - Oulu , Finland"
women,2005,8,Friendly Women,2000010102,Saturday 20/08/2005,"",42717,20050820,pol,Poland,/world-match-centre/teams/country=pol/women/index.html,sui,Switzerland,/world-match-centre/teams/country=sui/women/index.html,0-3,"KOSZALIN - Koszalin , Poland"
women,2005,8,Friendly Women,2000010102,Thursday 01/09/2005,"",42718,20050901,can,Canada,/world-match-centre/teams/country=can/women/index.html,ger,Germany,/world-match-centre/teams/country=ger/women/index.html,1-3,"Swangard - Vancouver , Canada"
women,2005,9,FIFA Women's World Cup Qualifier,10233,Thursday 01/09/2005,Group 4,41553,20050901,sui,Switzerland,/world-match-centre/teams/country=sui/women/index.html,rus,Russia,/world-match-centre/teams/country=rus/women/index.html,0-2,"Herti-Allmend - Zug , Switzerland"
women,2005,9,FIFA Women's World Cup Qualifier,10233,Thursday 01/09/2005,Group 5,41574,20050901,aut,Austria,/world-match-centre/teams/country=aut/women/index.html,eng,England,/world-match-centre/teams/country=eng/women/index.html,1-4,"Ertl Glas (SKU) - Amstetten , Austria"
women,2005,9,FIFA Women's World Cup Qualifier,10233,Tuesday 06/09/2005,Group 6,41595,20050906,mlt,Malta,/world-match-centre/teams/country=mlt/women/index.html,cro,Croatia,/world-match-centre/teams/country=cro/women/index.html,1-4,"Ta'Qali National Stadium - Ta'Qali , Malta"
women,2005,9,FIFA Women's World Cup Qualifier,10233,Saturday 24/09/2005,Group 1,41490,20050924,scg,Serbia and Montenegro,/world-match-centre/teams/country=scg/women/index.html,nor,Norway,/world-match-centre/teams/country=nor/women/index.html,0-4,FK Kolubara - Lazarevac
women,2005,9,FIFA Women's World Cup Qualifier,10233,Saturday 24/09/2005,Group 1,41491,20050924,ita,Italy,/world-match-centre/teams/country=ita/women/index.html,ukr,Ukraine,/world-match-centre/teams/country=ukr/women/index.html,3-1,"Brianteo - Monza , Italy"
women,2005,9,FIFA Women's World Cup Qualifier,10233,Saturday 24/09/2005,Group 2,41512,20050924,cze,Czech Republic,/world-match-centre/teams/country=cze/women/index.html,isl,Iceland,/world-match-centre/teams/country=isl/women/index.html,1-0,"TJ SK Kravare - Kravare , Czech Republic"
women,2005,9,FIFA Women's World Cup Qualifier,10233,Saturday 24/09/2005,Group 2,41513,20050924,swe,Sweden,/world-match-centre/teams/country=swe/women/index.html,blr,Belarus,/world-match-centre/teams/country=blr/women/index.html,6-0,"Norrvalla - Skelleftea , Sweden"
women,2005,9,FIFA Women's World Cup Qualifier,10233,Saturday 24/09/2005,Group 3,41533,20050924,fin,Finland,/world-match-centre/teams/country=fin/women/index.html,pol,Poland,/world-match-centre/teams/country=pol/women/index.html,3-1,"Hietalahti - Vaasa , Finland"
women,2005,9,FIFA Women's World Cup Qualifier,10233,Saturday 24/09/2005,Group 5,41576,20050924,hun,Hungary,/world-match-centre/teams/country=hun/women/index.html,aut,Austria,/world-match-centre/teams/country=aut/women/index.html,0-3,"Buk Stadium - Buk , Hungary"
women,2005,9,FIFA Women's World Cup Qualifier,10233,Saturday 24/09/2005,Group 5,41575,20050924,fra,France,/world-match-centre/teams/country=fra/women/index.html,ned,Netherlands,/world-match-centre/teams/country=ned/women/index.html,0-1,"Jean-Bouin - Angers , France"
women,2005,9,FIFA Women's World Cup Qualifier,10233,Saturday 24/09/2005,Group 6,41596,20050924,cro,Croatia,/world-match-centre/teams/country=cro/women/index.html,svn,Slovenia,/world-match-centre/teams/country=svn/women/index.html,3-5,"By Sava - Slavonski Brod , Croatia"
women,2005,9,FIFA Women's World Cup Qualifier,10233,Saturday 24/09/2005,Group 8,41620,20050924,mda,Moldova,/world-match-centre/teams/country=mda/women/index.html,est,Estonia,/world-match-centre/teams/country=est/women/index.html,3-1,"Republican Stadium - Chisinau , Moldova"
women,2005,9,FIFA Women's World Cup Qualifier,10233,Sunday 25/09/2005,Group 3,41534,20050925,den,Denmark,/world-match-centre/teams/country=den/women/index.html,bel,Belgium,/world-match-centre/teams/country=bel/women/index.html,3-0,"Farum Park - Farum , Denmark"
women,2005,9,FIFA Women's World Cup Qualifier,10233,Sunday 25/09/2005,Group 4,41554,20050925,ger,Germany,/world-match-centre/teams/country=ger/women/index.html,rus,Russia,/world-match-centre/teams/country=rus/women/index.html,5-1,"Leimbach - Siegen , Germany"
women,2005,9,FIFA Women's World Cup Qualifier,10233,Sunday 25/09/2005,Group 4,41555,20050925,sco,Scotland,/world-match-centre/teams/country=sco/women/index.html,irl,Republic of Ireland,/world-match-centre/teams/country=irl/women/index.html,0-0,"McDiarmid Park - Perth , Scotland"
women,2005,9,FIFA Women's World Cup Qualifier,10233,Thursday 29/09/2005,Group 3,41535,20050929,pol,Poland,/world-match-centre/teams/country=pol/women/index.html,esp,Spain,/world-match-centre/teams/country=esp/women/index.html,3-2,"City Stadium - Kutno , Poland"
women,2005,9,FIFA U-20 Women's World Cup Qualifier,10295,Tuesday 20/09/2005,Group B,44638,20050920,sur,Suriname,/world-match-centre/teams/country=sur/women/index.html,dma,Dominica,/world-match-centre/teams/country=dma/women/index.html,4-1,""
women,2005,9,FIFA U-20 Women's World Cup Qualifier,10295,Tuesday 20/09/2005,Group B,44639,20050920,aia,Anguilla,/world-match-centre/teams/country=aia/women/index.html,ant,Netherlands Antilles,/world-match-centre/teams/country=ant/women/index.html,5-2,""
women,2005,9,FIFA U-20 Women's World Cup Qualifier,10295,Wednesday 21/09/2005,Group D,44650,20050921,dom,Dominican Republic,/world-match-centre/teams/country=dom/women/index.html,vir,US Virgin Islands,/world-match-centre/teams/country=vir/women/index.html,8-0,""
women,2005,9,FIFA U-20 Women's World Cup Qualifier,10295,Wednesday 21/09/2005,Group D,44651,20050921,vgb,British Virgin Islands,/world-match-centre/teams/country=vgb/women/index.html,hai,Haiti,/world-match-centre/teams/country=hai/women/index.html,0-11,""
women,2005,9,FIFA U-20 Women's World Cup Qualifier,10295,Thursday 22/09/2005,Group B,44636,20050922,aia,Anguilla,/world-match-centre/teams/country=aia/women/index.html,sur,Suriname,/world-match-centre/teams/country=sur/women/index.html,1-1,""
women,2005,9,FIFA U-20 Women's World Cup Qualifier,10295,Thursday 22/09/2005,Group B,44637,20050922,ant,Netherlands Antilles,/world-match-centre/teams/country=ant/women/index.html,dma,Dominica,/world-match-centre/teams/country=dma/women/index.html,0-0,""
women,2005,9,FIFA U-20 Women's World Cup Qualifier,10295,Friday 23/09/2005,Group D,44648,20050923,vgb,British Virgin Islands,/world-match-centre/teams/country=vgb/women/index.html,dom,Dominican Republic,/world-match-centre/teams/country=dom/women/index.html,0-25,""
women,2005,9,FIFA U-20 Women's World Cup Qualifier,10295,Friday 23/09/2005,Group D,44649,20050923,hai,Haiti,/world-match-centre/teams/country=hai/women/index.html,vir,US Virgin Islands,/world-match-centre/teams/country=vir/women/index.html,14-0,""
women,2005,9,FIFA U-20 Women's World Cup Qualifier,10295,Saturday 24/09/2005,Group B,44634,20050924,sur,Suriname,/world-match-centre/teams/country=sur/women/index.html,ant,Netherlands Antilles,/world-match-centre/teams/country=ant/women/index.html,6-0,""
women,2005,9,FIFA U-20 Women's World Cup Qualifier,10295,Saturday 24/09/2005,Group B,44635,20050924,dma,Dominica,/world-match-centre/teams/country=dma/women/index.html,aia,Anguilla,/world-match-centre/teams/country=aia/women/index.html,1-0,""
women,2005,9,FIFA U-20 Women's World Cup Qualifier,10295,Sunday 25/09/2005,Group D,44646,20050925,dom,Dominican Republic,/world-match-centre/teams/country=dom/women/index.html,hai,Haiti,/world-match-centre/teams/country=hai/women/index.html,1-2,""
women,2005,9,FIFA U-20 Women's World Cup Qualifier,10295,Sunday 25/09/2005,Group D,44647,20050925,vir,US Virgin Islands,/world-match-centre/teams/country=vir/women/index.html,vgb,British Virgin Islands,/world-match-centre/teams/country=vgb/women/index.html,12-0,""
women,2005,9,FIFA U-20 Women's World Cup Qualifier,10295,Monday 26/09/2005,Group C,44645,20050926,skn,St. Kitts and Nevis,/world-match-centre/teams/country=skn/women/index.html,bah,Bahamas,/world-match-centre/teams/country=bah/women/index.html,0-5,""
women,2005,9,FIFA U-20 Women's World Cup Qualifier,10295,Wednesday 28/09/2005,Group C,44643,20050928,skn,St. Kitts and Nevis,/world-match-centre/teams/country=skn/women/index.html,jam,Jamaica,/world-match-centre/teams/country=jam/women/index.html,0-7,""
women,2005,9,FIFA U-20 Women's World Cup Qualifier,10295,Wednesday 28/09/2005,Group C,44644,20050928,bah,Bahamas,/world-match-centre/teams/country=bah/women/index.html,atg,Antigua and Barbuda,/world-match-centre/teams/country=atg/women/index.html,1-4,""
women,2005,9,FIFA U-20 Women's World Cup Qualifier,10295,Friday 30/09/2005,Group C,44641,20050930,jam,Jamaica,/world-match-centre/teams/country=jam/women/index.html,bah,Bahamas,/world-match-centre/teams/country=bah/women/index.html,12-0,""
women,2005,9,FIFA U-20 Women's World Cup Qualifier,10295,Friday 30/09/2005,Group C,44642,20050930,atg,Antigua and Barbuda,/world-match-centre/teams/country=atg/women/index.html,skn,St. Kitts and Nevis,/world-match-centre/teams/country=skn/women/index.html,3-0,""
women,2005,9,Friendly Women,2000010102,Thursday 01/09/2005,"",42718,20050901,can,Canada,/world-match-centre/teams/country=can/women/index.html,ger,Germany,/world-match-centre/teams/country=ger/women/index.html,1-3,"Swangard - Vancouver , Canada"
women,2005,9,Friendly Women,2000010102,Sunday 04/09/2005,"",42719,20050904,can,Canada,/world-match-centre/teams/country=can/women/index.html,ger,Germany,/world-match-centre/teams/country=ger/women/index.html,3-4,"Commonwealth Stadium - Edmonton , Canada"
women,2005,9,Friendly Women,2000010102,Wednesday 07/09/2005,"",40597,20050907,ned,Netherlands,/world-match-centre/teams/country=ned/women/index.html,ita,Italy,/world-match-centre/teams/country=ita/women/index.html,0-2,"IJsseldelta Stadion - Zwolle , Netherlands"
women,2005,9,Friendly Women,2000010102,Wednesday 07/09/2005,"",42714,20050907,fra,France,/world-match-centre/teams/country=fra/women/index.html,irl,Republic of Ireland,/world-match-centre/teams/country=irl/women/index.html,6-0,"SENS - Sens , France"
women,2005,9,Friendly Women,2000010102,Wednesday 14/09/2005,"",42906,20050914,sin,Singapore,/world-match-centre/teams/country=sin/women/index.html,mas,Malaysia,/world-match-centre/teams/country=mas/women/index.html,2-0,"SINGAPORE - Singapore , Singapore"
women,2005,9,Friendly Women,2000010102,Sunday 18/09/2005,"",46676,20050918,jor,Jordan,/world-match-centre/teams/country=jor/women/index.html,bhr,Bahrain,/world-match-centre/teams/country=bhr/women/index.html,6-1,"AMMAN - Amman , Jordan"
women,2005,9,Friendly Women,2000010102,Friday 23/09/2005,"",43533,20050923,irn,Iran,/world-match-centre/teams/country=irn/women/index.html,syr,Syria,/world-match-centre/teams/country=syr/women/index.html,5-0,"International Stadium - Amman , Jordan"
women,2005,9,Friendly Women,2000010102,Friday 23/09/2005,"",43534,20050923,jor,Jordan,/world-match-centre/teams/country=jor/women/index.html,ple,Palestine,/world-match-centre/teams/country=ple/women/index.html,9-0,"International Stadium - Amman , Jordan"
women,2005,9,Friendly Women,2000010102,Sunday 25/09/2005,"",42929,20050925,nga,Nigeria,/world-match-centre/teams/country=nga/women/index.html,cmr,Cameroon,/world-match-centre/teams/country=cmr/women/index.html,1-0,"LAGOS - Lagos , Nigeria"
women,2005,9,Friendly Women,2000010102,Sunday 25/09/2005,"",43535,20050925,ple,Palestine,/world-match-centre/teams/country=ple/women/index.html,syr,Syria,/world-match-centre/teams/country=syr/women/index.html,0-4,"International Stadium - Amman , Jordan"
women,2005,9,Friendly Women,2000010102,Sunday 25/09/2005,"",43536,20050925,jor,Jordan,/world-match-centre/teams/country=jor/women/index.html,bhr,Bahrain,/world-match-centre/teams/country=bhr/women/index.html,9-0,"International Stadium - Amman , Jordan"
women,2005,9,Friendly Women,2000010102,Tuesday 27/09/2005,"",43537,20050927,bhr,Bahrain,/world-match-centre/teams/country=bhr/women/index.html,irn,Iran,/world-match-centre/teams/country=irn/women/index.html,0-7,"International Stadium - Amman , Jordan"
women,2005,9,Friendly Women,2000010102,Tuesday 27/09/2005,"",43538,20050927,syr,Syria,/world-match-centre/teams/country=syr/women/index.html,jor,Jordan,/world-match-centre/teams/country=jor/women/index.html,0-6,"International Stadium - Amman , Jordan"
women,2005,9,Friendly Women,2000010102,Thursday 29/09/2005,"",43539,20050929,syr,Syria,/world-match-centre/teams/country=syr/women/index.html,bhr,Bahrain,/world-match-centre/teams/country=bhr/women/index.html,2-1,"International Stadium - Amman , Jordan"
women,2005,9,Friendly Women,2000010102,Thursday 29/09/2005,"",43540,20050929,ple,Palestine,/world-match-centre/teams/country=ple/women/index.html,irn,Iran,/world-match-centre/teams/country=irn/women/index.html,0-7,"International Stadium - Amman , Jordan"
women,2005,9,Friendly Women,2000010102,Saturday 01/10/2005,"",43541,20051001,bhr,Bahrain,/world-match-centre/teams/country=bhr/women/index.html,ple,Palestine,/world-match-centre/teams/country=ple/women/index.html,1-1,"International Stadium - Amman , Jordan"
women,2005,9,Friendly Women,2000010102,Saturday 01/10/2005,"",43542,20051001,irn,Iran,/world-match-centre/teams/country=irn/women/index.html,jor,Jordan,/world-match-centre/teams/country=jor/women/index.html,1-2,"International Stadium - Amman , Jordan"
women,2005,9,Friendly Women Futsal,2000010106,Saturday 24/09/2005,"",300225472,20050924,irn,Iran,/world-match-centre/teams/country=irn/women/index.html,tkm,Turkmenistan,/world-match-centre/teams/country=tkm/women/index.html,32-1,"TEHRAN - Tehran , Iran"
women,2005,9,Friendly Women Futsal,2000010106,Monday 26/09/2005,"",300225471,20050926,irn,Iran,/world-match-centre/teams/country=irn/women/index.html,irq,Iraq,/world-match-centre/teams/country=irq/women/index.html,26-1,"TEHRAN - Tehran , Iran"
women,2005,9,Friendly Women Futsal,2000010106,Tuesday 27/09/2005,"",300225468,20050927,irq,Iraq,/world-match-centre/teams/country=irq/women/index.html,tkm,Turkmenistan,/world-match-centre/teams/country=tkm/women/index.html,15-1,"TEHRAN - Tehran , Iran"
women,2005,10,FIFA Women's World Cup Qualifier,10233,Thursday 20/10/2005,Group 4,41556,20051020,ger,Germany,/world-match-centre/teams/country=ger/women/index.html,sco,Scotland,/world-match-centre/teams/country=sco/women/index.html,4-0,"Hans-Walter-Wild - Bayreuth , Germany"
women,2005,10,FIFA Women's World Cup Qualifier,10233,Thursday 27/10/2005,Group 5,41592,20051027,hun,Hungary,/world-match-centre/teams/country=hun/women/index.html,eng,England,/world-match-centre/teams/country=eng/women/index.html,0-13,"Tapolcia - Tapolca , Hungary"
women,2005,10,FIFA Women's World Cup Qualifier,10233,Saturday 29/10/2005,Group 1,41492,20051029,gre,Greece,/world-match-centre/teams/country=gre/women/index.html,scg,Serbia and Montenegro,/world-match-centre/teams/country=scg/women/index.html,0-2,"Doxas Stadium - Drama , Greece"
women,2005,10,FIFA Women's World Cup Qualifier,10233,Saturday 29/10/2005,Group 1,41493,20051029,nor,Norway,/world-match-centre/teams/country=nor/women/index.html,ita,Italy,/world-match-centre/teams/country=ita/women/index.html,1-0,"Brann - Bergen , Norway"
women,2005,10,FIFA Women's World Cup Qualifier,10233,Saturday 29/10/2005,Group 5,41577,20051029,aut,Austria,/world-match-centre/teams/country=aut/women/index.html,ned,Netherlands,/world-match-centre/teams/country=ned/women/index.html,0-1,"Franz Fekete Stadion - Kapfenberg , Austria"
women,2005,10,FIFA Women's World Cup Qualifier,10233,Saturday 29/10/2005,Group 6,41597,20051029,cro,Croatia,/world-match-centre/teams/country=cro/women/index.html,bih,Bosnia and Herzegovina,/world-match-centre/teams/country=bih/women/index.html,2-0,"By Sava - Slavonski Brod , Croatia"
women,2005,10,FIFA Women's World Cup Qualifier,10233,Saturday 29/10/2005,Group 7,41610,20051029,rou,Romania,/world-match-centre/teams/country=rou/women/index.html,nir,Northern Ireland,/world-match-centre/teams/country=nir/women/index.html,3-2,"Football Centre FRF - Mogosoaia , Romania"
women,2005,10,FIFA Women's World Cup Qualifier,10233,Sunday 30/10/2005,Group 3,41536,20051030,bel,Belgium,/world-match-centre/teams/country=bel/women/index.html,pol,Poland,/world-match-centre/teams/country=pol/women/index.html,2-3,"Gemeentelijk - Heverlee , Belgium"
women,2005,10,FIFA Women's World Cup Qualifier,10233,Sunday 30/10/2005,Group 3,41537,20051030,fin,Finland,/world-match-centre/teams/country=fin/women/index.html,esp,Spain,/world-match-centre/teams/country=esp/women/index.html,0-1,"Olympic Stadium - Helsinki , Finland"
women,2005,10,FIFA Women's World Cup Qualifier,10233,Tuesday 01/11/2005,Group 2,41514,20051101,por,Portugal,/world-match-centre/teams/country=por/women/index.html,swe,Sweden,/world-match-centre/teams/country=swe/women/index.html,1-4,"GD Alcochentense - Alcochete , Portugal"
women,2005,10,FIFA U-20 Women's World Cup Qualifier,10295,Sunday 02/10/2005,Group C,44640,20051002,atg,Antigua and Barbuda,/world-match-centre/teams/country=atg/women/index.html,jam,Jamaica,/world-match-centre/teams/country=jam/women/index.html,0-10,""
women,2005,10,Friendly Women,2000010102,Saturday 01/10/2005,"",43541,20051001,bhr,Bahrain,/world-match-centre/teams/country=bhr/women/index.html,ple,Palestine,/world-match-centre/teams/country=ple/women/index.html,1-1,"International Stadium - Amman , Jordan"
women,2005,10,Friendly Women,2000010102,Saturday 01/10/2005,"",43542,20051001,irn,Iran,/world-match-centre/teams/country=irn/women/index.html,jor,Jordan,/world-match-centre/teams/country=jor/women/index.html,1-2,"International Stadium - Amman , Jordan"
women,2005,10,Friendly Women,2000010102,Wednesday 05/10/2005,"",43712,20051005,tpe,Chinese Taipei,/world-match-centre/teams/country=tpe/women/index.html,ind,India,/world-match-centre/teams/country=ind/women/index.html,1-0,"Cua Ong Stadium - Cam Pha , Vietnam"
women,2005,10,Friendly Women,2000010102,Friday 07/10/2005,"",43723,20051007,vie,Vietnam,/world-match-centre/teams/country=vie/women/index.html,ind,India,/world-match-centre/teams/country=ind/women/index.html,2-1,"Cua Ong Stadium - Cam Pha , Vietnam"
women,2005,10,Friendly Women,2000010102,Monday 10/10/2005,"",43724,20051010,vie,Vietnam,/world-match-centre/teams/country=vie/women/index.html,tpe,Chinese Taipei,/world-match-centre/teams/country=tpe/women/index.html,2-0,"Cua Ong Stadium - Cam Pha , Vietnam"
women,2005,10,Friendly Women,2000010102,Wednesday 12/10/2005,"",42912,20051012,ned,Netherlands,/world-match-centre/teams/country=ned/women/index.html,sui,Switzerland,/world-match-centre/teams/country=sui/women/index.html,6-0,"IJsseldelta Stadion - Zwolle , Netherlands"
women,2005,10,Friendly Women,2000010102,Sunday 16/10/2005,"",42927,20051016,usa,USA,/world-match-centre/teams/country=usa/women/index.html,aus,Australia,/world-match-centre/teams/country=aus/women/index.html,0-0,"Titan Stadium - Fullerton , USA"
women,2005,10,Friendly Women,2000010102,Wednesday 19/10/2005,"",42925,20051019,mex,Mexico,/world-match-centre/teams/country=mex/women/index.html,aus,Australia,/world-match-centre/teams/country=aus/women/index.html,0-2,"Patriot - El Paso , USA"
women,2005,10,Friendly Women,2000010102,Sunday 23/10/2005,"",42928,20051023,usa,USA,/world-match-centre/teams/country=usa/women/index.html,mex,Mexico,/world-match-centre/teams/country=mex/women/index.html,3-0,"Blackbaud Stadium - Charleston , USA"
women,2005,11,FIFA Women's World Cup Qualifier,10233,Tuesday 01/11/2005,Group 2,41514,20051101,por,Portugal,/world-match-centre/teams/country=por/women/index.html,swe,Sweden,/world-match-centre/teams/country=swe/women/index.html,1-4,"GD Alcochentense - Alcochete , Portugal"
women,2005,11,FIFA Women's World Cup Qualifier,10233,Wednesday 02/11/2005,Group 1,41494,20051102,ita,Italy,/world-match-centre/teams/country=ita/women/index.html,scg,Serbia and Montenegro,/world-match-centre/teams/country=scg/women/index.html,6-0,"Sesto al Reghena - Bagnarola , Italy"
women,2005,11,FIFA Women's World Cup Qualifier,10233,Saturday 05/11/2005,Group 1,41495,20051105,scg,Serbia and Montenegro,/world-match-centre/teams/country=scg/women/index.html,ukr,Ukraine,/world-match-centre/teams/country=ukr/women/index.html,0-4,SABAC - Sabac
women,2005,11,FIFA Women's World Cup Qualifier,10233,Saturday 05/11/2005,Group 2,41515,20051105,por,Portugal,/world-match-centre/teams/country=por/women/index.html,cze,Czech Republic,/world-match-centre/teams/country=cze/women/index.html,0-3,"1 de Maio - Lisbon , Portugal"
women,2005,11,FIFA Women's World Cup Qualifier,10233,Saturday 05/11/2005,Group 3,41538,20051105,esp,Spain,/world-match-centre/teams/country=esp/women/index.html,bel,Belgium,/world-match-centre/teams/country=bel/women/index.html,3-2,"Pabellon de la Ciudad del Futbol 1 - Madrid , Spain"
women,2005,11,FIFA Women's World Cup Qualifier,10233,Saturday 05/11/2005,Group 5,41578,20051105,aut,Austria,/world-match-centre/teams/country=aut/women/index.html,fra,France,/world-match-centre/teams/country=fra/women/index.html,1-3,"Neue Sportanlage Langenrohr - Langenrohr , Austria"
women,2005,11,FIFA Women's World Cup Qualifier,10233,Sunday 06/11/2005,Group 6,41598,20051106,svn,Slovenia,/world-match-centre/teams/country=svn/women/index.html,mlt,Malta,/world-match-centre/teams/country=mlt/women/index.html,4-1,"Matija Gubec - Krsko , Slovenia"
women,2005,11,FIFA Women's World Cup Qualifier,10233,Wednesday 09/11/2005,Group 1,41496,20051109,gre,Greece,/world-match-centre/teams/country=gre/women/index.html,ukr,Ukraine,/world-match-centre/teams/country=ukr/women/index.html,1-3,"Anthi Karagianni - Kavala , Greece"
women,2005,11,FIFA Women's World Cup Qualifier,10233,Wednesday 09/11/2005,Group 5,41579,20051109,fra,France,/world-match-centre/teams/country=fra/women/index.html,hun,Hungary,/world-match-centre/teams/country=hun/women/index.html,2-0,"Stade des All辿es Jean Leroi - Blois , France"
women,2005,11,FIFA Women's World Cup Qualifier,10233,Thursday 10/11/2005,Group 3,41539,20051110,esp,Spain,/world-match-centre/teams/country=esp/women/index.html,den,Denmark,/world-match-centre/teams/country=den/women/index.html,2-2,"Pabellon de la Ciudad del Futbol 1 - Madrid , Spain"
women,2005,11,FIFA Women's World Cup Qualifier,10233,Thursday 10/11/2005,Group 7,41611,20051110,nir,Northern Ireland,/world-match-centre/teams/country=nir/women/index.html,svk,Slovakia,/world-match-centre/teams/country=svk/women/index.html,2-1,"The Showgrounds - Ballymena , Northern Ireland"
women,2005,11,FIFA Women's World Cup Qualifier,10233,Thursday 10/11/2005,Group 8,41623,20051110,isr,Israel,/world-match-centre/teams/country=isr/women/index.html,mda,Moldova,/world-match-centre/teams/country=mda/women/index.html,2-0,"New Municipal - Rishon Lezion , Israel"
women,2005,11,FIFA Women's World Cup Qualifier,10233,Saturday 12/11/2005,Group 4,41557,20051112,ger,Germany,/world-match-centre/teams/country=ger/women/index.html,sui,Switzerland,/world-match-centre/teams/country=sui/women/index.html,4-0,"Donaustadion - Ulm , Germany"
women,2005,11,FIFA Women's World Cup Qualifier,10233,Thursday 17/11/2005,Group 5,41580,20051117,ned,Netherlands,/world-match-centre/teams/country=ned/women/index.html,eng,England,/world-match-centre/teams/country=eng/women/index.html,0-1,"IJsseldelta Stadion - Zwolle , Netherlands"
women,2005,11,FIFA U-20 Women's World Cup Qualifier,10295,Wednesday 09/11/2005,Group 1,44663,20051109,pan,Panama,/world-match-centre/teams/country=pan/women/index.html,nca,Nicaragua,/world-match-centre/teams/country=nca/women/index.html,5-0,""
women,2005,11,FIFA U-20 Women's World Cup Qualifier,10295,Friday 11/11/2005,Group 1,44662,20051111,nca,Nicaragua,/world-match-centre/teams/country=nca/women/index.html,hon,Honduras,/world-match-centre/teams/country=hon/women/index.html,1-2,""
women,2005,11,FIFA U-20 Women's World Cup Qualifier,10295,Sunday 13/11/2005,Matches,44656,20051113,tri,Trinidad and Tobago,/world-match-centre/teams/country=tri/women/index.html,jam,Jamaica,/world-match-centre/teams/country=jam/women/index.html,0-1,""
women,2005,11,FIFA U-20 Women's World Cup Qualifier,10295,Sunday 13/11/2005,Matches,44657,20051113,sur,Suriname,/world-match-centre/teams/country=sur/women/index.html,hai,Haiti,/world-match-centre/teams/country=hai/women/index.html,2-1,""
women,2005,11,FIFA U-20 Women's World Cup Qualifier,10295,Sunday 13/11/2005,Group 1,44661,20051113,pan,Panama,/world-match-centre/teams/country=pan/women/index.html,hon,Honduras,/world-match-centre/teams/country=hon/women/index.html,2-1,""
women,2005,11,FIFA U-20 Women's World Cup Qualifier,10295,Tuesday 15/11/2005,Matches,44654,20051115,hai,Haiti,/world-match-centre/teams/country=hai/women/index.html,tri,Trinidad and Tobago,/world-match-centre/teams/country=tri/women/index.html,1-3,""
women,2005,11,FIFA U-20 Women's World Cup Qualifier,10295,Tuesday 15/11/2005,Matches,44655,20051115,jam,Jamaica,/world-match-centre/teams/country=jam/women/index.html,sur,Suriname,/world-match-centre/teams/country=sur/women/index.html,2-0,""
women,2005,11,FIFA U-20 Women's World Cup Qualifier,10295,Thursday 17/11/2005,Matches,44652,20051117,tri,Trinidad and Tobago,/world-match-centre/teams/country=tri/women/index.html,sur,Suriname,/world-match-centre/teams/country=sur/women/index.html,4-0,""
women,2005,11,FIFA U-20 Women's World Cup Qualifier,10295,Thursday 17/11/2005,Matches,44653,20051117,jam,Jamaica,/world-match-centre/teams/country=jam/women/index.html,hai,Haiti,/world-match-centre/teams/country=hai/women/index.html,1-0,""
women,2005,11,FIFA U-20 Women's World Cup Qualifier,10295,Tuesday 22/11/2005,Group 2,44660,20051122,gua,Guatemala,/world-match-centre/teams/country=gua/women/index.html,slv,El Salvador,/world-match-centre/teams/country=slv/women/index.html,0-0,""
women,2005,11,FIFA U-20 Women's World Cup Qualifier,10295,Thursday 24/11/2005,Group 2,44659,20051124,crc,Costa Rica,/world-match-centre/teams/country=crc/women/index.html,slv,El Salvador,/world-match-centre/teams/country=slv/women/index.html,0-1,""
women,2005,11,FIFA U-20 Women's World Cup Qualifier,10295,Saturday 26/11/2005,Group 2,44658,20051126,gua,Guatemala,/world-match-centre/teams/country=gua/women/index.html,crc,Costa Rica,/world-match-centre/teams/country=crc/women/index.html,0-6,""
women,2005,11,Womens Continental Final Futsal,265477,Tuesday 08/11/2005,Group A,300225452,20051108,bra,Brazil,/world-match-centre/teams/country=bra/women/index.html,per,Peru,/world-match-centre/teams/country=per/women/index.html,5-2,"BARUERI - Barueri , Brazil"
women,2005,11,Womens Continental Final Futsal,265477,Tuesday 08/11/2005,Group B,300225462,20051108,ecu,Ecuador,/world-match-centre/teams/country=ecu/women/index.html,arg,Argentina,/world-match-centre/teams/country=arg/women/index.html,1-0,"BARUERI - Barueri , Brazil"
women,2005,11,Womens Continental Final Futsal,265477,Wednesday 09/11/2005,Group B,300225458,20051109,ecu,Ecuador,/world-match-centre/teams/country=ecu/women/index.html,par,Paraguay,/world-match-centre/teams/country=par/women/index.html,7-1,"BARUERI - Barueri , Brazil"
women,2005,11,Womens Continental Final Futsal,265477,Wednesday 09/11/2005,Group A,300225451,20051109,uru,Uruguay,/world-match-centre/teams/country=uru/women/index.html,per,Peru,/world-match-centre/teams/country=per/women/index.html,4-2,"BARUERI - Barueri , Brazil"
women,2005,11,Womens Continental Final Futsal,265477,Thursday 10/11/2005,Group A,300225450,20051110,bra,Brazil,/world-match-centre/teams/country=bra/women/index.html,uru,Uruguay,/world-match-centre/teams/country=uru/women/index.html,7-0,"BARUERI - Barueri , Brazil"
women,2005,11,Womens Continental Final Futsal,265477,Thursday 10/11/2005,Group B,300225457,20051110,arg,Argentina,/world-match-centre/teams/country=arg/women/index.html,par,Paraguay,/world-match-centre/teams/country=par/women/index.html,3-3,"BARUERI - Barueri , Brazil"
women,2005,11,Womens Continental Final Futsal,265477,Saturday 12/11/2005,Match for fifth place,300225467,20051112,per,Peru,/world-match-centre/teams/country=per/women/index.html,par,Paraguay,/world-match-centre/teams/country=par/women/index.html,9-4,"BARUERI - Barueri , Brazil"
women,2005,11,Womens Continental Final Futsal,265477,Saturday 12/11/2005,Semi-final,300225461,20051112,bra,Brazil,/world-match-centre/teams/country=bra/women/index.html,arg,Argentina,/world-match-centre/teams/country=arg/women/index.html,8-0,"BARUERI - Barueri , Brazil"
women,2005,11,Womens Continental Final Futsal,265477,Saturday 12/11/2005,Semi-final,300225465,20051112,ecu,Ecuador,/world-match-centre/teams/country=ecu/women/index.html,uru,Uruguay,/world-match-centre/teams/country=uru/women/index.html,5-3 AET,"BARUERI - Barueri , Brazil"
women,2005,11,Womens Continental Final Futsal,265477,Sunday 13/11/2005,Match for third place,300225466,20051113,arg,Argentina,/world-match-centre/teams/country=arg/women/index.html,uru,Uruguay,/world-match-centre/teams/country=uru/women/index.html,1-0,"BARUERI - Barueri , Brazil"
women,2005,11,Womens Continental Final Futsal,265477,Sunday 13/11/2005,Final,300225454,20051113,bra,Brazil,/world-match-centre/teams/country=bra/women/index.html,ecu,Ecuador,/world-match-centre/teams/country=ecu/women/index.html,13-0,"BARUERI - Barueri , Brazil"
women,2005,11,Friendly Women,2000010102,Tuesday 22/11/2005,"",44172,20051122,idn,Indonesia,/world-match-centre/teams/country=idn/women/index.html,tha,Thailand,/world-match-centre/teams/country=tha/women/index.html,1-2,"MARIKINA CITY - Marikina City , Philippines"
women,2005,11,Friendly Women,2000010102,Tuesday 22/11/2005,"",44173,20051122,mya,Myanmar,/world-match-centre/teams/country=mya/women/index.html,vie,Vietnam,/world-match-centre/teams/country=vie/women/index.html,1-0,"MARIKINA CITY - Marikina City , Philippines"
women,2005,11,Friendly Women,2000010102,Thursday 24/11/2005,"",44174,20051124,idn,Indonesia,/world-match-centre/teams/country=idn/women/index.html,mya,Myanmar,/world-match-centre/teams/country=mya/women/index.html,0-5,"MARIKINA CITY - Marikina City , Philippines"
women,2005,11,Friendly Women,2000010102,Thursday 24/11/2005,"",44175,20051124,phi,Philippines,/world-match-centre/teams/country=phi/women/index.html,tha,Thailand,/world-match-centre/teams/country=tha/women/index.html,0-1,"MARIKINA CITY - Marikina City , Philippines"
women,2005,11,Friendly Women,2000010102,Friday 25/11/2005,"",44379,20051125,aus,Australia,/world-match-centre/teams/country=aus/women/index.html,chn,China PR,/world-match-centre/teams/country=chn/women/index.html,0-0,"Bluetongue Central Coast Stadium - Gosford , Australia"
women,2005,11,Friendly Women,2000010102,Saturday 26/11/2005,"",44176,20051126,phi,Philippines,/world-match-centre/teams/country=phi/women/index.html,idn,Indonesia,/world-match-centre/teams/country=idn/women/index.html,2-0,"MARIKINA CITY - Marikina City , Philippines"
women,2005,11,Friendly Women,2000010102,Saturday 26/11/2005,"",44177,20051126,tha,Thailand,/world-match-centre/teams/country=tha/women/index.html,vie,Vietnam,/world-match-centre/teams/country=vie/women/index.html,0-1,"MARIKINA CITY - Marikina City , Philippines"
women,2005,11,Friendly Women,2000010102,Monday 28/11/2005,"",44178,20051128,phi,Philippines,/world-match-centre/teams/country=phi/women/index.html,vie,Vietnam,/world-match-centre/teams/country=vie/women/index.html,1-5,"MARIKINA CITY - Marikina City , Philippines"
women,2005,11,Friendly Women,2000010102,Monday 28/11/2005,"",44179,20051128,mya,Myanmar,/world-match-centre/teams/country=mya/women/index.html,tha,Thailand,/world-match-centre/teams/country=tha/women/index.html,2-1,"MARIKINA CITY - Marikina City , Philippines"
women,2005,11,Friendly Women,2000010102,Monday 28/11/2005,"",44625,20051128,aus,Australia,/world-match-centre/teams/country=aus/women/index.html,chn,China PR,/world-match-centre/teams/country=chn/women/index.html,3-1,"TUMBI UMBI - Tumbi Umbi , Australia"
women,2005,11,Friendly Women,2000010102,Wednesday 30/11/2005,"",44304,20051130,phi,Philippines,/world-match-centre/teams/country=phi/women/index.html,mya,Myanmar,/world-match-centre/teams/country=mya/women/index.html,1-3,"MARIKINA CITY - Marikina City , Philippines"
women,2005,11,Friendly Women,2000010102,Wednesday 30/11/2005,"",44305,20051130,vie,Vietnam,/world-match-centre/teams/country=vie/women/index.html,idn,Indonesia,/world-match-centre/teams/country=idn/women/index.html,8-0,"MARIKINA CITY - Marikina City , Philippines"
women,2005,11,Friendly Women Futsal,2000010106,Tuesday 01/11/2005,"",300225464,20051101,bra,Brazil,/world-match-centre/teams/country=bra/women/index.html,esp,Spain,/world-match-centre/teams/country=esp/women/index.html,1-3,"LONDRINA - Londrina , Brazil"
women,2005,11,Friendly Women Futsal,2000010106,Thursday 03/11/2005,"",300225455,20051103,bra,Brazil,/world-match-centre/teams/country=bra/women/index.html,esp,Spain,/world-match-centre/teams/country=esp/women/index.html,3-2,"MARINGA - Maringa , Brazil"
women,2005,11,Friendly Women Futsal,2000010106,Sunday 06/11/2005,"",300225460,20051106,bra,Brazil,/world-match-centre/teams/country=bra/women/index.html,esp,Spain,/world-match-centre/teams/country=esp/women/index.html,0-6,"BARUERI - Barueri , Brazil"
women,2005,11,Friendly Women Futsal,2000010106,Wednesday 09/11/2005,"",300225463,20051109,bra,Brazil,/world-match-centre/teams/country=bra/women/index.html,arg,Argentina,/world-match-centre/teams/country=arg/women/index.html,5-0,"BARUERI - Barueri , Brazil"
women,2005,11,Friendly Women Futsal,2000010106,Thursday 10/11/2005,"",300225456,20051110,per,Peru,/world-match-centre/teams/country=per/women/index.html,ecu,Ecuador,/world-match-centre/teams/country=ecu/women/index.html,4-3,"BARUERI - Barueri , Brazil"
women,2005,11,Friendly Women Futsal,2000010106,Friday 11/11/2005,"",300225459,20051111,par,Paraguay,/world-match-centre/teams/country=par/women/index.html,uru,Uruguay,/world-match-centre/teams/country=uru/women/index.html,5-4,"BARUERI - Barueri , Brazil"
women,2005,11,Friendly Women Futsal,2000010106,Sunday 13/11/2005,"",300225436,20051113,uzb,Uzbekistan,/world-match-centre/teams/country=uzb/women/index.html,jor,Jordan,/world-match-centre/teams/country=jor/women/index.html,5-1,"BANGKOK - Bangkok , Thailand"
women,2005,11,Friendly Women Futsal,2000010106,Sunday 13/11/2005,"",300225437,20051113,tha,Thailand,/world-match-centre/teams/country=tha/women/index.html,phi,Philippines,/world-match-centre/teams/country=phi/women/index.html,8-1,"BANGKOK - Bangkok , Thailand"
women,2005,11,Friendly Women Futsal,2000010106,Monday 14/11/2005,"",300225438,20051114,uzb,Uzbekistan,/world-match-centre/teams/country=uzb/women/index.html,phi,Philippines,/world-match-centre/teams/country=phi/women/index.html,6-2,"BANGKOK - Bangkok , Thailand"
women,2005,11,Friendly Women Futsal,2000010106,Monday 14/11/2005,"",300225435,20051114,tha,Thailand,/world-match-centre/teams/country=tha/women/index.html,jor,Jordan,/world-match-centre/teams/country=jor/women/index.html,7-6,"BANGKOK - Bangkok , Thailand"
women,2005,11,Friendly Women Futsal,2000010106,Tuesday 15/11/2005,"",300225440,20051115,jor,Jordan,/world-match-centre/teams/country=jor/women/index.html,phi,Philippines,/world-match-centre/teams/country=phi/women/index.html,11-0,"BANGKOK - Bangkok , Thailand"
women,2005,11,Friendly Women Futsal,2000010106,Tuesday 15/11/2005,"",300225441,20051115,tha,Thailand,/world-match-centre/teams/country=tha/women/index.html,uzb,Uzbekistan,/world-match-centre/teams/country=uzb/women/index.html,2-3,"BANGKOK - Bangkok , Thailand"
women,2005,11,Friendly Women Futsal,2000010106,Wednesday 16/11/2005,"",300225434,20051116,tha,Thailand,/world-match-centre/teams/country=tha/women/index.html,uzb,Uzbekistan,/world-match-centre/teams/country=uzb/women/index.html,4-5,"BANGKOK - Bangkok , Thailand"
women,2005,11,Friendly Women Futsal,2000010106,Wednesday 16/11/2005,"",300225439,20051116,jor,Jordan,/world-match-centre/teams/country=jor/women/index.html,phi,Philippines,/world-match-centre/teams/country=phi/women/index.html,9-3,"BANGKOK - Bangkok , Thailand"
women,2005,12,Friendly Women,2000010102,Saturday 03/12/2005,"",44307,20051203,mya,Myanmar,/world-match-centre/teams/country=mya/women/index.html,vie,Vietnam,/world-match-centre/teams/country=vie/women/index.html,0-1,"MARIKINA CITY - Marikina City , Philippines"
women,2005,12,Friendly Women,2000010102,Saturday 03/12/2005,"",44378,20051203,aus,Australia,/world-match-centre/teams/country=aus/women/index.html,chn,China PR,/world-match-centre/teams/country=chn/women/index.html,0-0,"Sydney Football Stadium - Sydney , Australia"
women,2005,12,Friendly Women,2000010102,Saturday 03/12/2005,"",44626,20051203,nga,Nigeria,/world-match-centre/teams/country=nga/women/index.html,rsa,South Africa,/world-match-centre/teams/country=rsa/women/index.html,1-0,"OGHARA - Oghara , Nigeria"
women,2005,12,Friendly Women,2000010102,Friday 30/12/2005,"",45188,20051230,tha,Thailand,/world-match-centre/teams/country=tha/women/index.html,vie,Vietnam,/world-match-centre/teams/country=vie/women/index.html,1-0,"PHUKET - Phuket , Thailand"
