men,1972,1,Friendly,2000010101,Saturday 01/01/1972,"",42959,19720101,dahomey-1895294,Dahomey,/world-match-centre/clubs/club=dahomey-1895294/index.html,nig,Niger,/world-match-centre/teams/country=nig/index.html,2-1,""
men,1972,1,Friendly,2000010101,Saturday 01/01/1972,"",42964,19720101,gui,Guinea,/world-match-centre/teams/country=gui/index.html,gam,Gambia,/world-match-centre/teams/country=gam/index.html,8-0,""
men,1972,1,Friendly,2000010101,Saturday 01/01/1972,"",42965,19720101,gui,Guinea,/world-match-centre/teams/country=gui/index.html,mli,Mali,/world-match-centre/teams/country=mli/index.html,4-3,""
men,1972,1,Friendly,2000010101,Saturday 01/01/1972,"",42966,19720101,gui,Guinea,/world-match-centre/teams/country=gui/index.html,mtn,Mauritania,/world-match-centre/teams/country=mtn/index.html,14-0,""
men,1972,1,Friendly,2000010101,Saturday 01/01/1972,"",42968,19720101,nig,Niger,/world-match-centre/teams/country=nig/index.html,dahomey-1895294,Dahomey,/world-match-centre/clubs/club=dahomey-1895294/index.html,2-2,""
men,1972,1,Friendly,2000010101,Saturday 01/01/1972,"",42969,19720101,nig,Niger,/world-match-centre/teams/country=nig/index.html,upper-volta-1895300,Upper Volta,/world-match-centre/clubs/club=upper-volta-1895300/index.html,0-2,""
men,1972,1,Friendly,2000010101,Saturday 01/01/1972,"",42971,19720101,tan,Tanzania,/world-match-centre/teams/country=tan/index.html,mri,Mauritius,/world-match-centre/teams/country=mri/index.html,4-1,""
men,1972,1,Friendly,2000010101,Saturday 01/01/1972,"",42973,19720101,upper-volta-1895300,Upper Volta,/world-match-centre/clubs/club=upper-volta-1895300/index.html,nig,Niger,/world-match-centre/teams/country=nig/index.html,3-3,""
men,1972,1,Friendly,2000010101,Saturday 01/01/1972,"",300112963,19720101,kuw,Kuwait,/world-match-centre/teams/country=kuw/index.html,lby,Libya,/world-match-centre/teams/country=lby/index.html,3-2,"BAGHDAD - Baghdad , Iraq"
men,1972,1,Friendly,2000010101,Saturday 01/01/1972,"",300112964,19720101,irq,Iraq,/world-match-centre/teams/country=irq/index.html,egy,Egypt,/world-match-centre/teams/country=egy/index.html,0-0,"BAGHDAD - Baghdad , Iraq"
men,1972,1,Friendly,2000010101,Tuesday 04/01/1972,"",300112967,19720104,alg,Algeria,/world-match-centre/teams/country=alg/index.html,qat,Qatar,/world-match-centre/teams/country=qat/index.html,3-0,"BAGHDAD - Baghdad , Iraq"
men,1972,1,Friendly,2000010101,Tuesday 04/01/1972,"",52380,19720104,alg,Algeria,/world-match-centre/teams/country=alg/index.html,qat,Qatar,/world-match-centre/teams/country=qat/index.html,3-0,"BAGHDAD - Baghdad , Iraq"
men,1972,1,Friendly,2000010101,Wednesday 05/01/1972,"",300112961,19720105,egy,Egypt,/world-match-centre/teams/country=egy/index.html,kuw,Kuwait,/world-match-centre/teams/country=kuw/index.html,2-0,"BAGHDAD - Baghdad , Iraq"
men,1972,1,Friendly,2000010101,Wednesday 05/01/1972,"",300112962,19720105,irq,Iraq,/world-match-centre/teams/country=irq/index.html,lby,Libya,/world-match-centre/teams/country=lby/index.html,3-0,"BAGHDAD - Baghdad , Iraq"
men,1972,1,Friendly,2000010101,Thursday 06/01/1972,"",300112966,19720106,syr,Syria,/world-match-centre/teams/country=syr/index.html,qat,Qatar,/world-match-centre/teams/country=qat/index.html,3-2,"BAGHDAD - Baghdad , Iraq"
men,1972,1,Friendly,2000010101,Friday 07/01/1972,"",300112749,19720107,egy,Egypt,/world-match-centre/teams/country=egy/index.html,lby,Libya,/world-match-centre/teams/country=lby/index.html,1-1,"BAGHDAD - Baghdad , Iraq"
men,1972,1,Friendly,2000010101,Friday 07/01/1972,"",300112960,19720107,irq,Iraq,/world-match-centre/teams/country=irq/index.html,kuw,Kuwait,/world-match-centre/teams/country=kuw/index.html,3-1,"BAGHDAD - Baghdad , Iraq"
men,1972,1,Friendly,2000010101,Saturday 08/01/1972,"",300112965,19720108,alg,Algeria,/world-match-centre/teams/country=alg/index.html,syr,Syria,/world-match-centre/teams/country=syr/index.html,0-1,"BAGHDAD - Baghdad , Iraq"
men,1972,1,Friendly,2000010101,Saturday 08/01/1972,"",52379,19720108,alg,Algeria,/world-match-centre/teams/country=alg/index.html,syr,Syria,/world-match-centre/teams/country=syr/index.html,0-1,"BAGHDAD - Baghdad , Iraq"
men,1972,1,Friendly,2000010101,Sunday 09/01/1972,"",48448,19720109,sen,Senegal,/world-match-centre/teams/country=sen/index.html,cgo,Congo,/world-match-centre/teams/country=cgo/index.html,0-2,"DAKAR - Dakar , Senegal"
men,1972,1,Friendly,2000010101,Monday 10/01/1972,"",52378,19720110,alg,Algeria,/world-match-centre/teams/country=alg/index.html,ymd,Yemen PDR,/world-match-centre/teams/country=ymd/index.html,4-1,"BAGHDAD - Baghdad , Iraq"
men,1972,1,Friendly,2000010101,Wednesday 12/01/1972,"",48447,19720112,esp,Spain,/world-match-centre/teams/country=esp/index.html,hun,Hungary,/world-match-centre/teams/country=hun/index.html,1-0,"MADRID - Madrid , Spain"
men,1972,1,Friendly,2000010101,Wednesday 12/01/1972,"",300112969,19720112,egy,Egypt,/world-match-centre/teams/country=egy/index.html,syr,Syria,/world-match-centre/teams/country=syr/index.html,4-2,"BAGHDAD - Baghdad , Iraq"
men,1972,1,Friendly,2000010101,Wednesday 12/01/1972,"",300112970,19720112,irq,Iraq,/world-match-centre/teams/country=irq/index.html,alg,Algeria,/world-match-centre/teams/country=alg/index.html,3-1,"Al-Shaab - Baghdad , Iraq"
men,1972,1,Friendly,2000010101,Wednesday 12/01/1972,"",52377,19720112,irq,Iraq,/world-match-centre/teams/country=irq/index.html,alg,Algeria,/world-match-centre/teams/country=alg/index.html,3-1,"BAGHDAD - Baghdad , Iraq"
men,1972,1,Friendly,2000010101,Thursday 13/01/1972,"",300112968,19720113,alg,Algeria,/world-match-centre/teams/country=alg/index.html,syr,Syria,/world-match-centre/teams/country=syr/index.html,3-1,"BAGHDAD - Baghdad , Iraq"
men,1972,1,Friendly,2000010101,Thursday 13/01/1972,"",52376,19720113,alg,Algeria,/world-match-centre/teams/country=alg/index.html,syr,Syria,/world-match-centre/teams/country=syr/index.html,3-1,"BAGHDAD - Baghdad , Iraq"
men,1972,1,Friendly,2000010101,Friday 14/01/1972,"",300112750,19720114,irq,Iraq,/world-match-centre/teams/country=irq/index.html,egy,Egypt,/world-match-centre/teams/country=egy/index.html,1-3,"BAGHDAD - Baghdad , Iraq"
men,1972,1,Friendly,2000010101,Thursday 20/01/1972,"",48445,19720120,tog,Togo,/world-match-centre/teams/country=tog/index.html,dahomey-1895294,Dahomey,/world-match-centre/clubs/club=dahomey-1895294/index.html,4-0,"LOME - Lome , Togo"
men,1972,1,Friendly,2000010101,Thursday 20/01/1972,"",48446,19720120,cyp,Cyprus,/world-match-centre/teams/country=cyp/index.html,gre,Greece,/world-match-centre/teams/country=gre/index.html,1-2,"NICOSIA - Nicosia , Cyprus"
men,1972,1,Friendly,2000010101,Thursday 27/01/1972,"",48444,19720127,mex,Mexico,/world-match-centre/teams/country=mex/index.html,chi,Chile,/world-match-centre/teams/country=chi/index.html,2-0,"GUADALAJARA - Guadalajara , Mexico"
men,1972,1,Friendly,2000010101,Sunday 30/01/1972,"",48443,19720130,nga,Nigeria,/world-match-centre/teams/country=nga/index.html,gui,Guinea,/world-match-centre/teams/country=gui/index.html,1-1,"FREETOWN - Freetown , Sierra Leone"
men,1972,2,Continental Qualifier,3129,Wednesday 16/02/1972,Group 4,9460,19720216,nir,Northern Ireland,/world-match-centre/teams/country=nir/index.html,esp,Spain,/world-match-centre/teams/country=esp/index.html,1-1,"Boothferry Park - Hull , Canada"
men,1972,2,Continental Final,236085,Wednesday 23/02/1972,Group 1,41282,19720223,cmr,Cameroon,/world-match-centre/teams/country=cmr/index.html,ken,Kenya,/world-match-centre/teams/country=ken/index.html,2-1,"YAOUNDE - Yaounde , Cameroon"
men,1972,2,Continental Final,236085,Thursday 24/02/1972,Group 1,41283,19720224,mli,Mali,/world-match-centre/teams/country=mli/index.html,tog,Togo,/world-match-centre/teams/country=tog/index.html,3-3,"YAOUNDE - Yaounde , Cameroon"
men,1972,2,Continental Final,236085,Friday 25/02/1972,Group 2,41288,19720225,cgo,Congo,/world-match-centre/teams/country=cgo/index.html,mar,Morocco,/world-match-centre/teams/country=mar/index.html,1-1,"DOUALA - Douala , Cameroon"
men,1972,2,Continental Final,236085,Friday 25/02/1972,Group 2,41289,19720225,zai,Zaire,/world-match-centre/teams/country=zai/index.html,sdn,Sudan,/world-match-centre/teams/country=sdn/index.html,1-1,"DOUALA - Douala , Cameroon"
men,1972,2,Continental Final,236085,Saturday 26/02/1972,Group 1,41284,19720226,cmr,Cameroon,/world-match-centre/teams/country=cmr/index.html,tog,Togo,/world-match-centre/teams/country=tog/index.html,2-0,"YAOUNDE - Yaounde , Cameroon"
men,1972,2,Continental Final,236085,Saturday 26/02/1972,Group 1,41285,19720226,mli,Mali,/world-match-centre/teams/country=mli/index.html,ken,Kenya,/world-match-centre/teams/country=ken/index.html,1-1,"YAOUNDE - Yaounde , Cameroon"
men,1972,2,Continental Final,236085,Sunday 27/02/1972,Group 2,41290,19720227,mar,Morocco,/world-match-centre/teams/country=mar/index.html,sdn,Sudan,/world-match-centre/teams/country=sdn/index.html,1-1,"DOUALA - Douala , Cameroon"
men,1972,2,Continental Final,236085,Sunday 27/02/1972,Group 2,41291,19720227,zai,Zaire,/world-match-centre/teams/country=zai/index.html,cgo,Congo,/world-match-centre/teams/country=cgo/index.html,2-0,"DOUALA - Douala , Cameroon"
men,1972,2,Continental Final,236085,Monday 28/02/1972,Group 1,41286,19720228,cmr,Cameroon,/world-match-centre/teams/country=cmr/index.html,mli,Mali,/world-match-centre/teams/country=mli/index.html,1-1,"YAOUNDE - Yaounde , Cameroon"
men,1972,2,Continental Final,236085,Monday 28/02/1972,Group 1,41287,19720228,tog,Togo,/world-match-centre/teams/country=tog/index.html,ken,Kenya,/world-match-centre/teams/country=ken/index.html,1-1,"YAOUNDE - Yaounde , Cameroon"
men,1972,2,Continental Final,236085,Tuesday 29/02/1972,Group 2,41292,19720229,cgo,Congo,/world-match-centre/teams/country=cgo/index.html,sdn,Sudan,/world-match-centre/teams/country=sdn/index.html,4-2,"DOUALA - Douala , Cameroon"
men,1972,2,Continental Final,236085,Tuesday 29/02/1972,Group 2,41293,19720229,zai,Zaire,/world-match-centre/teams/country=zai/index.html,mar,Morocco,/world-match-centre/teams/country=mar/index.html,1-1,"DOUALA - Douala , Cameroon"
men,1972,2,Friendly,2000010101,Sunday 06/02/1972,"",48441,19720206,cgo,Congo,/world-match-centre/teams/country=cgo/index.html,dahomey-1895294,Dahomey,/world-match-centre/clubs/club=dahomey-1895294/index.html,2-2,""
men,1972,2,Friendly,2000010101,Wednesday 09/02/1972,"",48440,19720209,hai,Haiti,/world-match-centre/teams/country=hai/index.html,chi,Chile,/world-match-centre/teams/country=chi/index.html,1-0,"PORT-AU-PRINCE - Port-Au-Prince , Haiti"
men,1972,2,Friendly,2000010101,Thursday 17/02/1972,"",48438,19720217,sen,Senegal,/world-match-centre/teams/country=sen/index.html,mar,Morocco,/world-match-centre/teams/country=mar/index.html,1-3,"DAKAR - Dakar , Senegal"
men,1972,2,Friendly,2000010101,Sunday 20/02/1972,"",48437,19720220,nga,Nigeria,/world-match-centre/teams/country=nga/index.html,mar,Morocco,/world-match-centre/teams/country=mar/index.html,3-0,"LAGOS - Lagos , Nigeria"
men,1972,2,Friendly,2000010101,Wednesday 23/02/1972,"",48435,19720223,isr,Israel,/world-match-centre/teams/country=isr/index.html,nor,Norway,/world-match-centre/teams/country=nor/index.html,2-1,"TEL AVIV - Tel Aviv , Israel"
men,1972,3,FIFA World Cup™ Qualifier,33,Wednesday 29/03/1972,Group 6,2026,19720329,por,Portugal,/world-match-centre/teams/country=por/index.html,cyp,Cyprus,/world-match-centre/teams/country=cyp/index.html,4-0,"LISBON - Lisbon , Portugal"
men,1972,3,FIFA World Cup™ Qualifier,38,Thursday 02/03/1972,Group 2,1937,19720302,alg,Algeria,/world-match-centre/teams/country=alg/index.html,gui,Guinea,/world-match-centre/teams/country=gui/index.html,1-0,"Stade 5 Juillet 1962 (National Stadium) - Algiers , Algeria"
men,1972,3,FIFA World Cup™ Qualifier,38,Sunday 12/03/1972,Group 2,1938,19720312,gui,Guinea,/world-match-centre/teams/country=gui/index.html,alg,Algeria,/world-match-centre/teams/country=alg/index.html,5-1,"Stade du 28 septembre - Conakry , Guinea"
men,1972,3,Continental Final,236085,Thursday 02/03/1972,Semi-final,41294,19720302,cmr,Cameroon,/world-match-centre/teams/country=cmr/index.html,cgo,Congo,/world-match-centre/teams/country=cgo/index.html,0-1,"YAOUNDE - Yaounde , Cameroon"
men,1972,3,Continental Final,236085,Thursday 02/03/1972,Semi-final,41295,19720302,mli,Mali,/world-match-centre/teams/country=mli/index.html,zai,Zaire,/world-match-centre/teams/country=zai/index.html,4-3 AET,"DOUALA - Douala , Cameroon"
men,1972,3,Continental Final,236085,Sunday 05/03/1972,Match for third place,41296,19720305,cmr,Cameroon,/world-match-centre/teams/country=cmr/index.html,zai,Zaire,/world-match-centre/teams/country=zai/index.html,5-2,"YAOUNDE - Yaounde , Cameroon"
men,1972,3,Continental Final,236085,Sunday 05/03/1972,Final,41297,19720305,cgo,Congo,/world-match-centre/teams/country=cgo/index.html,mli,Mali,/world-match-centre/teams/country=mli/index.html,3-2,"YAOUNDE - Yaounde , Cameroon"
men,1972,3,Friendly,2000010101,Wednesday 01/03/1972,"",42967,19720301,gui,Guinea,/world-match-centre/teams/country=gui/index.html,sen,Senegal,/world-match-centre/teams/country=sen/index.html,2-3,""
men,1972,3,Friendly,2000010101,Saturday 04/03/1972,"",48433,19720304,gre,Greece,/world-match-centre/teams/country=gre/index.html,ita,Italy,/world-match-centre/teams/country=ita/index.html,2-1,"Karaiskaki Stadium - Piraeus , Greece"
men,1972,3,Friendly,2000010101,Wednesday 15/03/1972,"",48432,19720315,alg,Algeria,/world-match-centre/teams/country=alg/index.html,mlt,Malta,/world-match-centre/teams/country=mlt/index.html,1-0,"ALGIERS - Algiers , Algeria"
men,1972,3,Friendly,2000010101,Thursday 16/03/1972,"",50101,19720316,ksa,Saudi Arabia,/world-match-centre/teams/country=ksa/index.html,kuw,Kuwait,/world-match-centre/teams/country=kuw/index.html,2-2,"RIYADH - Riyadh , Saudi Arabia"
men,1972,3,Friendly,2000010101,Saturday 18/03/1972,"",50099,19720318,kuw,Kuwait,/world-match-centre/teams/country=kuw/index.html,bhr,Bahrain,/world-match-centre/teams/country=bhr/index.html,2-0,"RIYADH - Riyadh , Saudi Arabia"
men,1972,3,Friendly,2000010101,Tuesday 21/03/1972,"",50107,19720321,bhr,Bahrain,/world-match-centre/teams/country=bhr/index.html,qat,Qatar,/world-match-centre/teams/country=qat/index.html,6-2,"RIYADH - Riyadh , Saudi Arabia"
men,1972,3,Friendly,2000010101,Friday 24/03/1972,"",50105,19720324,ksa,Saudi Arabia,/world-match-centre/teams/country=ksa/index.html,qat,Qatar,/world-match-centre/teams/country=qat/index.html,4-0,"RIYADH - Riyadh , Saudi Arabia"
men,1972,3,Friendly,2000010101,Sunday 26/03/1972,"",50103,19720326,kuw,Kuwait,/world-match-centre/teams/country=kuw/index.html,qat,Qatar,/world-match-centre/teams/country=qat/index.html,5-0,"RIYADH - Riyadh , Saudi Arabia"
men,1972,3,Friendly,2000010101,Tuesday 28/03/1972,"",50102,19720328,ksa,Saudi Arabia,/world-match-centre/teams/country=ksa/index.html,bhr,Bahrain,/world-match-centre/teams/country=bhr/index.html,2-1,"RIYADH - Riyadh , Saudi Arabia"
men,1972,3,Friendly,2000010101,Wednesday 29/03/1972,"",48430,19720329,hun,Hungary,/world-match-centre/teams/country=hun/index.html,frg,Germany FR,/world-match-centre/teams/country=frg/index.html,0-2,"BUDAPEST - Budapest , Bulgaria"
men,1972,3,Friendly,2000010101,Wednesday 29/03/1972,"",48431,19720329,col,Colombia,/world-match-centre/teams/country=col/index.html,per,Peru,/world-match-centre/teams/country=per/index.html,1-1,"BOGOTA - Bogota , Colombia"
men,1972,4,FIFA World Cup™ Qualifier,33,Sunday 30/04/1972,Group 1,1969,19720430,aut,Austria,/world-match-centre/teams/country=aut/index.html,mlt,Malta,/world-match-centre/teams/country=mlt/index.html,4-0,"VIENNA - Vienna , Austria"
men,1972,4,FIFA World Cup™ Qualifier,34,Saturday 15/04/1972,Group 5,2086,19720415,hai,Haiti,/world-match-centre/teams/country=hai/index.html,pur,Puerto Rico,/world-match-centre/teams/country=pur/index.html,7-0,"Stade Sylvio Cator - Port-Au-Prince , Haiti"
men,1972,4,FIFA World Cup™ Qualifier,34,Sunday 23/04/1972,Group 5,2087,19720423,pur,Puerto Rico,/world-match-centre/teams/country=pur/index.html,hai,Haiti,/world-match-centre/teams/country=hai/index.html,0-5,"Sixto Escobar - San Juan , Puerto Rico"
men,1972,4,FIFA World Cup™ Qualifier,38,Sunday 30/04/1972,Group 8,2147,19720430,les,Lesotho,/world-match-centre/teams/country=les/index.html,zam,Zambia,/world-match-centre/teams/country=zam/index.html,0-0,"Setsoto National Stadium - Maseru , Lesotho"
men,1972,4,Continental Qualifier,3129,Saturday 29/04/1972,,9509,19720429,hun,Hungary,/world-match-centre/teams/country=hun/index.html,rou,Romania,/world-match-centre/teams/country=rou/index.html,1-1,"BUDAPEST - Budapest , Hungary"
men,1972,4,Continental Qualifier,3129,Saturday 29/04/1972,,9510,19720429,eng,England,/world-match-centre/teams/country=eng/index.html,frg,Germany FR,/world-match-centre/teams/country=frg/index.html,1-3,"LONDON - London , England"
men,1972,4,Continental Qualifier,3129,Saturday 29/04/1972,,9511,19720429,ita,Italy,/world-match-centre/teams/country=ita/index.html,bel,Belgium,/world-match-centre/teams/country=bel/index.html,0-0,"Giuseppe Meazza - Milan , Italy"
men,1972,4,Continental Qualifier,3129,Sunday 30/04/1972,,9512,19720430,yug,Yugoslavia,/world-match-centre/teams/country=yug/index.html,urs,Soviet Union,/world-match-centre/teams/country=urs/index.html,0-0,"BELGRADE - Belgrade , Serbia"
men,1972,4,Friendly,2000010101,Wednesday 05/04/1972,"",48429,19720405,mex,Mexico,/world-match-centre/teams/country=mex/index.html,per,Peru,/world-match-centre/teams/country=per/index.html,2-1,"MEXICO CITY - Mexico City , Mexico"
men,1972,4,Friendly,2000010101,Saturday 08/04/1972,"",48427,19720408,rou,Romania,/world-match-centre/teams/country=rou/index.html,fra,France,/world-match-centre/teams/country=fra/index.html,2-0,"BUCHAREST - Bucharest , Romania"
men,1972,4,Friendly,2000010101,Saturday 08/04/1972,"",48428,19720408,tch,Czechoslovakia,/world-match-centre/teams/country=tch/index.html,aut,Austria,/world-match-centre/teams/country=aut/index.html,2-0,BRNO - Brno
men,1972,4,Friendly,2000010101,Wednesday 12/04/1972,"",48426,19720412,gre,Greece,/world-match-centre/teams/country=gre/index.html,esp,Spain,/world-match-centre/teams/country=esp/index.html,0-0,"THESSALONIKI - Thessaloniki , Greece"
men,1972,4,Friendly,2000010101,Sunday 23/04/1972,"",48425,19720423,rou,Romania,/world-match-centre/teams/country=rou/index.html,per,Peru,/world-match-centre/teams/country=per/index.html,2-2,"BUCHAREST - Bucharest , Romania"
men,1972,4,Friendly,2000010101,Wednesday 26/04/1972,"",48421,19720426,sui,Switzerland,/world-match-centre/teams/country=sui/index.html,swe,Sweden,/world-match-centre/teams/country=swe/index.html,1-1,"Charmilles - Geneva , Switzerland"
men,1972,4,Friendly,2000010101,Wednesday 26/04/1972,"",48422,19720426,sco,Scotland,/world-match-centre/teams/country=sco/index.html,per,Peru,/world-match-centre/teams/country=per/index.html,2-0,"GLASGOW - Glasgow , Scotland"
men,1972,4,Friendly,2000010101,Wednesday 26/04/1972,"",48423,19720426,tch,Czechoslovakia,/world-match-centre/teams/country=tch/index.html,lux,Luxembourg,/world-match-centre/teams/country=lux/index.html,6-0,Struncovy  - Plzen
men,1972,4,Friendly,2000010101,Wednesday 26/04/1972,"",48424,19720426,bra,Brazil,/world-match-centre/teams/country=bra/index.html,par,Paraguay,/world-match-centre/teams/country=par/index.html,3-2,"PORTO ALEGRE - Porto Alegre , Brazil"
men,1972,5,FIFA World Cup™ Qualifier,33,Saturday 06/05/1972,Group 1,2102,19720506,hun,Hungary,/world-match-centre/teams/country=hun/index.html,mlt,Malta,/world-match-centre/teams/country=mlt/index.html,3-0,"Nepstadion - Budapest , Hungary"
men,1972,5,FIFA World Cup™ Qualifier,33,Wednesday 10/05/1972,Group 6,2027,19720510,cyp,Cyprus,/world-match-centre/teams/country=cyp/index.html,por,Portugal,/world-match-centre/teams/country=por/index.html,0-1,"NICOSIA - Nicosia , Cyprus"
men,1972,5,FIFA World Cup™ Qualifier,33,Thursday 18/05/1972,Group 3,1976,19720518,bel,Belgium,/world-match-centre/teams/country=bel/index.html,isl,Iceland,/world-match-centre/teams/country=isl/index.html,4-0,"Royal Standard - Liege , Belgium"
men,1972,5,FIFA World Cup™ Qualifier,33,Monday 22/05/1972,Group 3,1977,19720522,isl,Iceland,/world-match-centre/teams/country=isl/index.html,bel,Belgium,/world-match-centre/teams/country=bel/index.html,0-4,"BRUGES - Bruges , Belgium"
men,1972,5,FIFA World Cup™ Qualifier,33,Thursday 25/05/1972,Group 1,2103,19720525,swe,Sweden,/world-match-centre/teams/country=swe/index.html,hun,Hungary,/world-match-centre/teams/country=hun/index.html,0-0,"STOCKHOLM - Stockholm , Sweden"
men,1972,5,Continental Qualifier,3129,Saturday 13/05/1972,,9513,19720513,frg,Germany FR,/world-match-centre/teams/country=frg/index.html,eng,England,/world-match-centre/teams/country=eng/index.html,0-0,"BERLIN - Berlin West , Germany Federal Republic"
men,1972,5,Continental Qualifier,3129,Saturday 13/05/1972,,9514,19720513,urs,Soviet Union,/world-match-centre/teams/country=urs/index.html,yug,Yugoslavia,/world-match-centre/teams/country=yug/index.html,3-0,"[MOSCOW] - Moscow , Russia"
men,1972,5,Continental Qualifier,3129,Saturday 13/05/1972,,9515,19720513,bel,Belgium,/world-match-centre/teams/country=bel/index.html,ita,Italy,/world-match-centre/teams/country=ita/index.html,2-1,"BRUSSELS - Brussels , Belgium"
men,1972,5,Continental Qualifier,3129,Sunday 14/05/1972,,9516,19720514,rou,Romania,/world-match-centre/teams/country=rou/index.html,hun,Hungary,/world-match-centre/teams/country=hun/index.html,2-2,"BUCHAREST - Bucharest , Romania"
men,1972,5,Continental Qualifier,3129,Wednesday 17/05/1972,Replay,9517,19720517,hun,Hungary,/world-match-centre/teams/country=hun/index.html,rou,Romania,/world-match-centre/teams/country=rou/index.html,2-1,"BELGRADE - Belgrade , Serbia"
men,1972,5,Continental Final,236167,Sunday 07/05/1972,Preliminary Round,41409,19720507,irn,Iran,/world-match-centre/teams/country=irn/index.html,cam,Khmer,/world-match-centre/teams/country=cam/index.html,2-0,"BANGKOK - Bangkok , Thailand"
men,1972,5,Continental Final,236167,Sunday 07/05/1972,Preliminary Round,41410,19720507,kor,Korea Republic,/world-match-centre/teams/country=kor/index.html,irq,Iraq,/world-match-centre/teams/country=irq/index.html,0-0,"BANGKOK - Bangkok , Thailand"
men,1972,5,Continental Final,236167,Monday 08/05/1972,Preliminary Round,41411,19720508,tha,Thailand,/world-match-centre/teams/country=tha/index.html,kuw,Kuwait,/world-match-centre/teams/country=kuw/index.html,0-2,"BANGKOK - Bangkok , Thailand"
men,1972,5,Continental Final,236167,Wednesday 10/05/1972,Group 1,41412,19720510,irn,Iran,/world-match-centre/teams/country=irn/index.html,irq,Iraq,/world-match-centre/teams/country=irq/index.html,3-0,"BANGKOK - Bangkok , Thailand"
men,1972,5,Continental Final,236167,Wednesday 10/05/1972,Group 2,41415,19720510,kor,Korea Republic,/world-match-centre/teams/country=kor/index.html,cam,Khmer,/world-match-centre/teams/country=cam/index.html,4-1,"BANGKOK - Bangkok , Thailand"
men,1972,5,Continental Final,236167,Thursday 11/05/1972,Group 1,41413,19720511,tha,Thailand,/world-match-centre/teams/country=tha/index.html,irq,Iraq,/world-match-centre/teams/country=irq/index.html,1-1,"BANGKOK - Bangkok , Thailand"
men,1972,5,Continental Final,236167,Friday 12/05/1972,Group 1,41414,19720512,tha,Thailand,/world-match-centre/teams/country=tha/index.html,irn,Iran,/world-match-centre/teams/country=irn/index.html,2-3,"BANGKOK - Bangkok , Thailand"
men,1972,5,Continental Final,236167,Friday 12/05/1972,Group 2,41416,19720512,kor,Korea Republic,/world-match-centre/teams/country=kor/index.html,kuw,Kuwait,/world-match-centre/teams/country=kuw/index.html,1-2,"BANGKOK - Bangkok , Thailand"
men,1972,5,Continental Final,236167,Sunday 14/05/1972,Group 2,41417,19720514,cam,Khmer,/world-match-centre/teams/country=cam/index.html,kuw,Kuwait,/world-match-centre/teams/country=kuw/index.html,4-0,"BANGKOK - Bangkok , Thailand"
men,1972,5,Continental Final,236167,Wednesday 17/05/1972,Semifinals,41418,19720517,irn,Iran,/world-match-centre/teams/country=irn/index.html,cam,Khmer,/world-match-centre/teams/country=cam/index.html,2-1,"BANGKOK - Bangkok , Thailand"
men,1972,5,Continental Final,236167,Wednesday 17/05/1972,Semifinals,41419,19720517,tha,Thailand,/world-match-centre/teams/country=tha/index.html,kor,Korea Republic,/world-match-centre/teams/country=kor/index.html,1-1 (1-2) Win on penalty,"BANGKOK - Bangkok , Thailand"
men,1972,5,Continental Final,236167,Friday 19/05/1972,Match for 3rd place,41420,19720519,tha,Thailand,/world-match-centre/teams/country=tha/index.html,cam,Khmer,/world-match-centre/teams/country=cam/index.html,2-2 (5-3) Win on penalty,"BANGKOK - Bangkok , Thailand"
men,1972,5,Continental Final,236167,Friday 19/05/1972,Final,41421,19720519,irn,Iran,/world-match-centre/teams/country=irn/index.html,kor,Korea Republic,/world-match-centre/teams/country=kor/index.html,2-1 AET,"BANGKOK - Bangkok , Thailand"
men,1972,5,Friendly,2000010101,Wednesday 03/05/1972,"",48420,19720503,ned,Netherlands,/world-match-centre/teams/country=ned/index.html,per,Peru,/world-match-centre/teams/country=per/index.html,3-0,"ROTTERDAM - Rotterdam , Netherlands"
men,1972,5,Friendly,2000010101,Sunday 07/05/1972,"",48418,19720507,eth,Ethiopia,/world-match-centre/teams/country=eth/index.html,gre,Greece,/world-match-centre/teams/country=gre/index.html,0-1,"ADDIS ABABA - Addis Ababa , Ethiopia"
men,1972,5,Friendly,2000010101,Wednesday 10/05/1972,"",48417,19720510,pol,Poland,/world-match-centre/teams/country=pol/index.html,sui,Switzerland,/world-match-centre/teams/country=sui/index.html,0-0,"POZNAN - Poznan , Poland"
men,1972,5,Friendly,2000010101,Sunday 14/05/1972,"",48416,19720514,swe,Sweden,/world-match-centre/teams/country=swe/index.html,tch,Czechoslovakia,/world-match-centre/teams/country=tch/index.html,1-2,"GOTHENBURG - Gothenburg , Sweden"
men,1972,5,Friendly,2000010101,Saturday 20/05/1972,"",44234,19720520,sco,Scotland,/world-match-centre/teams/country=sco/index.html,nir,Northern Ireland,/world-match-centre/teams/country=nir/index.html,2-0,"GLASGOW - Glasgow , Scotland"
men,1972,5,Friendly,2000010101,Saturday 20/05/1972,"",44235,19720520,wal,Wales,/world-match-centre/teams/country=wal/index.html,eng,England,/world-match-centre/teams/country=eng/index.html,0-3,"CARDIFF - Cardiff , Wales"
men,1972,5,Friendly,2000010101,Tuesday 23/05/1972,"",44236,19720523,eng,England,/world-match-centre/teams/country=eng/index.html,nir,Northern Ireland,/world-match-centre/teams/country=nir/index.html,0-1,"LONDON - London , England"
men,1972,5,Friendly,2000010101,Tuesday 23/05/1972,"",48415,19720523,esp,Spain,/world-match-centre/teams/country=esp/index.html,uru,Uruguay,/world-match-centre/teams/country=uru/index.html,2-0,"MADRID - Madrid , Spain"
men,1972,5,Friendly,2000010101,Wednesday 24/05/1972,"",44237,19720524,sco,Scotland,/world-match-centre/teams/country=sco/index.html,wal,Wales,/world-match-centre/teams/country=wal/index.html,1-0,"GLASGOW - Glasgow , Scotland"
men,1972,5,Friendly,2000010101,Thursday 25/05/1972,"",48414,19720525,arg,Argentina,/world-match-centre/teams/country=arg/index.html,par,Paraguay,/world-match-centre/teams/country=par/index.html,0-0,"PROVINCIA DE SALTA - Salta , Argentina"
men,1972,5,Friendly,2000010101,Saturday 27/05/1972,"",48413,19720527,gdr,German DR,/world-match-centre/teams/country=gdr/index.html,uru,Uruguay,/world-match-centre/teams/country=uru/index.html,1-0,LEIPZIG - Leipzig
men,1972,5,Friendly,2000010101,Saturday 27/05/1972,"",44238,19720527,sco,Scotland,/world-match-centre/teams/country=sco/index.html,eng,England,/world-match-centre/teams/country=eng/index.html,0-1,"GLASGOW - Glasgow , Scotland"
men,1972,5,Friendly,2000010101,Saturday 27/05/1972,"",44239,19720527,wal,Wales,/world-match-centre/teams/country=wal/index.html,nir,Northern Ireland,/world-match-centre/teams/country=nir/index.html,0-0,"WREXHAM - Wrexham , Wales"
men,1972,5,Friendly,2000010101,Sunday 28/05/1972,"",52352,19720528,fin,Finland,/world-match-centre/teams/country=fin/index.html,nor,Norway,/world-match-centre/teams/country=nor/index.html,0-0,"TURKU - Turku , Finland"
men,1972,5,Friendly,2000010101,Wednesday 31/05/1972,"",48411,19720531,gdr,German DR,/world-match-centre/teams/country=gdr/index.html,uru,Uruguay,/world-match-centre/teams/country=uru/index.html,0-0,ROSTOCK - Rostock
men,1972,5,Friendly,2000010101,Wednesday 31/05/1972,"",48412,19720531,arg,Argentina,/world-match-centre/teams/country=arg/index.html,chi,Chile,/world-match-centre/teams/country=chi/index.html,4-3,"SANTIAGO DE CHILE - Santiago De Chile , Chile"
men,1972,6,FIFA World Cup™ Qualifier,33,Saturday 10/06/1972,Group 1,1971,19720610,aut,Austria,/world-match-centre/teams/country=aut/index.html,swe,Sweden,/world-match-centre/teams/country=swe/index.html,2-0,"VIENNA - Vienna , Austria"
men,1972,6,FIFA World Cup™ Qualifier,33,Wednesday 21/06/1972,Group 4,1931,19720621,fin,Finland,/world-match-centre/teams/country=fin/index.html,alb,Albania,/world-match-centre/teams/country=alb/index.html,1-0,"Olympic Stadium - Helsinki , Finland"
men,1972,6,FIFA World Cup™ Qualifier,38,Sunday 04/06/1972,Group 8,2148,19720604,zam,Zambia,/world-match-centre/teams/country=zam/index.html,les,Lesotho,/world-match-centre/teams/country=les/index.html,6-1,"New Ndola Stadium - Ndola , Zambia"
men,1972,6,FIFA World Cup™ Qualifier,38,Tuesday 06/06/1972,Group 11,2184,19720606,tog,Togo,/world-match-centre/teams/country=tog/index.html,zai,Zaire,/world-match-centre/teams/country=zai/index.html,0-0,"Stade General Eyadema - Lome , Togo"
men,1972,6,FIFA World Cup™ Qualifier,38,Sunday 18/06/1972,Group 10,2028,19720618,ben,Benin,/world-match-centre/teams/country=ben/index.html,gha,Ghana,/world-match-centre/teams/country=gha/index.html,0-5,"Stade de l'Amitie - Cotonou , Benin"
men,1972,6,FIFA World Cup™ Qualifier,38,Tuesday 20/06/1972,Group 11,2185,19720620,zai,Zaire,/world-match-centre/teams/country=zai/index.html,tog,Togo,/world-match-centre/teams/country=tog/index.html,4-0,Kamanyola - Kinshasa
men,1972,6,Continental Final,3128,Wednesday 14/06/1972,,9518,19720614,hun,Hungary,/world-match-centre/teams/country=hun/index.html,urs,Soviet Union,/world-match-centre/teams/country=urs/index.html,0-1,"BRUSSELS - Brussels , Belgium"
men,1972,6,Continental Final,3128,Wednesday 14/06/1972,,9519,19720614,bel,Belgium,/world-match-centre/teams/country=bel/index.html,frg,Germany FR,/world-match-centre/teams/country=frg/index.html,1-2,"Stade de K. Beerschot - Antwerp , Belgium"
men,1972,6,Continental Final,3128,Saturday 17/06/1972,,9520,19720617,hun,Hungary,/world-match-centre/teams/country=hun/index.html,bel,Belgium,/world-match-centre/teams/country=bel/index.html,1-2,"LIEGE - Liege , Belgium"
men,1972,6,Continental Final,3128,Sunday 18/06/1972,,9521,19720618,frg,Germany FR,/world-match-centre/teams/country=frg/index.html,urs,Soviet Union,/world-match-centre/teams/country=urs/index.html,3-0,"BRUSSELS - Brussels , Belgium"
men,1972,6,Friendly,2000010101,Saturday 03/06/1972,"",48410,19720603,ven,Venezuela,/world-match-centre/teams/country=ven/index.html,col,Colombia,/world-match-centre/teams/country=col/index.html,2-1,"CARACAS - Caracas , Venezuela"
men,1972,6,Friendly,2000010101,Monday 05/06/1972,"",48409,19720605,tun,Tunisia,/world-match-centre/teams/country=tun/index.html,alg,Algeria,/world-match-centre/teams/country=alg/index.html,3-1,"TUNIS - Tunis , Tunisia"
men,1972,6,Friendly,2000010101,Monday 05/06/1972,"",50757,19720605,mas,Malaysia,/world-match-centre/teams/country=mas/index.html,sri,Sri Lanka,/world-match-centre/teams/country=sri/index.html,3-0,"JAKARTA - Jakarta , Indonesia"
men,1972,6,Friendly,2000010101,Monday 05/06/1972,"",50760,19720605,idn,Indonesia,/world-match-centre/teams/country=idn/index.html,sri,Sri Lanka,/world-match-centre/teams/country=sri/index.html,8-0,"JAKARTA - Jakarta , Indonesia"
men,1972,6,Friendly,2000010101,Monday 05/06/1972,"",50765,19720605,mya,Burma,/world-match-centre/teams/country=mya/index.html,lao,Laos,/world-match-centre/teams/country=lao/index.html,6-1,"JAKARTA - Jakarta , Indonesia"
men,1972,6,Friendly,2000010101,Monday 05/06/1972,"",50766,19720605,tha,Thailand,/world-match-centre/teams/country=tha/index.html,phi,Philippines,/world-match-centre/teams/country=phi/index.html,0-1,"JAKARTA - Jakarta , Indonesia"
men,1972,6,Friendly,2000010101,Monday 05/06/1972,"",50769,19720605,kor,Korea Republic,/world-match-centre/teams/country=kor/index.html,sin,Singapore,/world-match-centre/teams/country=sin/index.html,3-0,"JAKARTA - Jakarta , Indonesia"
men,1972,6,Friendly,2000010101,Tuesday 06/06/1972,"",48408,19720606,per,Peru,/world-match-centre/teams/country=per/index.html,col,Colombia,/world-match-centre/teams/country=col/index.html,0-0,"LIMA - Lima , Peru"
men,1972,6,Friendly,2000010101,Tuesday 06/06/1972,"",50763,19720606,idn,Indonesia,/world-match-centre/teams/country=idn/index.html,mya,Burma,/world-match-centre/teams/country=mya/index.html,1-0,"JAKARTA - Jakarta , Indonesia"
men,1972,6,Friendly,2000010101,Tuesday 06/06/1972,"",50768,19720606,kor,Korea Republic,/world-match-centre/teams/country=kor/index.html,tha,Thailand,/world-match-centre/teams/country=tha/index.html,3-2,"JAKARTA - Jakarta , Indonesia"
men,1972,6,Friendly,2000010101,Tuesday 06/06/1972,"",50775,19720606,cam,Khmer,/world-match-centre/teams/country=cam/index.html,phi,Philippines,/world-match-centre/teams/country=phi/index.html,4-0,"JAKARTA - Jakarta , Indonesia"
men,1972,6,Friendly,2000010101,Wednesday 07/06/1972,"",52351,19720607,den,Denmark,/world-match-centre/teams/country=den/index.html,fin,Finland,/world-match-centre/teams/country=fin/index.html,3-0,"COPENHAGEN - Copenhagen , Denmark"
men,1972,6,Friendly,2000010101,Thursday 08/06/1972,"",50764,19720608,mya,Burma,/world-match-centre/teams/country=mya/index.html,sri,Sri Lanka,/world-match-centre/teams/country=sri/index.html,4-2,"JAKARTA - Jakarta , Indonesia"
men,1972,6,Friendly,2000010101,Thursday 08/06/1972,"",50771,19720608,kor,Korea Republic,/world-match-centre/teams/country=kor/index.html,cam,Khmer,/world-match-centre/teams/country=cam/index.html,2-0,"JAKARTA - Jakarta , Indonesia"
men,1972,6,Friendly,2000010101,Thursday 08/06/1972,"",50772,19720608,sin,Singapore,/world-match-centre/teams/country=sin/index.html,tha,Thailand,/world-match-centre/teams/country=tha/index.html,1-1,"JAKARTA - Jakarta , Indonesia"
men,1972,6,Friendly,2000010101,Friday 09/06/1972,"",50758,19720609,mas,Malaysia,/world-match-centre/teams/country=mas/index.html,lao,Laos,/world-match-centre/teams/country=lao/index.html,2-0,"JAKARTA - Jakarta , Indonesia"
men,1972,6,Friendly,2000010101,Saturday 10/06/1972,"",50756,19720610,sri,Sri Lanka,/world-match-centre/teams/country=sri/index.html,lao,Laos,/world-match-centre/teams/country=lao/index.html,3-1,"JAKARTA - Jakarta , Indonesia"
men,1972,6,Friendly,2000010101,Saturday 10/06/1972,"",50774,19720610,sin,Singapore,/world-match-centre/teams/country=sin/index.html,cam,Khmer,/world-match-centre/teams/country=cam/index.html,0-3,"JAKARTA - Jakarta , Indonesia"
men,1972,6,Friendly,2000010101,Saturday 10/06/1972,"",50770,19720610,kor,Korea Republic,/world-match-centre/teams/country=kor/index.html,phi,Philippines,/world-match-centre/teams/country=phi/index.html,1-1,"JAKARTA - Jakarta , Indonesia"
men,1972,6,Friendly,2000010101,Sunday 11/06/1972,"",43361,19720611,irl,Republic of Ireland,/world-match-centre/teams/country=irl/index.html,irn,Iran,/world-match-centre/teams/country=irn/index.html,2-1,"RECIFE - Recife , Brazil"
men,1972,6,Friendly,2000010101,Sunday 11/06/1972,"",43362,19720611,por,Portugal,/world-match-centre/teams/country=por/index.html,ecu,Ecuador,/world-match-centre/teams/country=ecu/index.html,3-0,"NATAL - Natal , Brazil"
men,1972,6,Friendly,2000010101,Sunday 11/06/1972,"",43371,19720611,bol,Bolivia,/world-match-centre/teams/country=bol/index.html,per,Peru,/world-match-centre/teams/country=per/index.html,0-3,"CURITIBA - Curitiba , Brazil"
men,1972,6,Friendly,2000010101,Sunday 11/06/1972,"",43372,19720611,par,Paraguay,/world-match-centre/teams/country=par/index.html,ven,Venezuela,/world-match-centre/teams/country=ven/index.html,4-1,"CAMPO GRANDE - Campo Grande , Brazil"
men,1972,6,Friendly,2000010101,Monday 12/06/1972,"",50762,19720612,idn,Indonesia,/world-match-centre/teams/country=idn/index.html,lao,Laos,/world-match-centre/teams/country=lao/index.html,5-1,"JAKARTA - Jakarta , Indonesia"
men,1972,6,Friendly,2000010101,Monday 12/06/1972,"",50767,19720612,tha,Thailand,/world-match-centre/teams/country=tha/index.html,cam,Khmer,/world-match-centre/teams/country=cam/index.html,0-2,"JAKARTA - Jakarta , Indonesia"
men,1972,6,Friendly,2000010101,Monday 12/06/1972,"",50773,19720612,sin,Singapore,/world-match-centre/teams/country=sin/index.html,phi,Philippines,/world-match-centre/teams/country=phi/index.html,0-2,"JAKARTA - Jakarta , Indonesia"
men,1972,6,Friendly,2000010101,Tuesday 13/06/1972,"",50761,19720613,idn,Indonesia,/world-match-centre/teams/country=idn/index.html,mas,Malaysia,/world-match-centre/teams/country=mas/index.html,3-0,"JAKARTA - Jakarta , Indonesia"
men,1972,6,Friendly,2000010101,Wednesday 14/06/1972,"",48407,19720614,nor,Norway,/world-match-centre/teams/country=nor/index.html,uru,Uruguay,/world-match-centre/teams/country=uru/index.html,0-1,"OSLO - Oslo , Norway"
men,1972,6,Friendly,2000010101,Wednesday 14/06/1972,"",43363,19720614,chi,Chile,/world-match-centre/teams/country=chi/index.html,ecu,Ecuador,/world-match-centre/teams/country=ecu/index.html,2-1,"NATAL - Natal , Brazil"
men,1972,6,Friendly,2000010101,Wednesday 14/06/1972,"",43364,19720614,por,Portugal,/world-match-centre/teams/country=por/index.html,irn,Iran,/world-match-centre/teams/country=irn/index.html,3-0,"RECIFE - Recife , Brazil"
men,1972,6,Friendly,2000010101,Wednesday 14/06/1972,"",43373,19720614,par,Paraguay,/world-match-centre/teams/country=par/index.html,per,Peru,/world-match-centre/teams/country=per/index.html,1-0,"CAMPO GRANDE - Campo Grande , Brazil"
men,1972,6,Friendly,2000010101,Wednesday 14/06/1972,"",43374,19720614,yug,Yugoslavia,/world-match-centre/teams/country=yug/index.html,ven,Venezuela,/world-match-centre/teams/country=ven/index.html,10-0,"CURITIBA - Curitiba , Brazil"
men,1972,6,Friendly,2000010101,Thursday 15/06/1972,"",50759,19720615,mas,Malaysia,/world-match-centre/teams/country=mas/index.html,mya,Burma,/world-match-centre/teams/country=mya/index.html,2-2,"JAKARTA - Jakarta , Indonesia"
men,1972,6,Friendly,2000010101,Thursday 15/06/1972,"",50776,19720615,kor,Korea Republic,/world-match-centre/teams/country=kor/index.html,mya,Burma,/world-match-centre/teams/country=mya/index.html,2-1,"JAKARTA - Jakarta , Indonesia"
men,1972,6,Friendly,2000010101,Thursday 15/06/1972,"",50777,19720615,idn,Indonesia,/world-match-centre/teams/country=idn/index.html,cam,Khmer,/world-match-centre/teams/country=cam/index.html,4-0,"JAKARTA - Jakarta , Indonesia"
men,1972,6,Friendly,2000010101,Saturday 17/06/1972,"",48406,19720617,rou,Romania,/world-match-centre/teams/country=rou/index.html,ita,Italy,/world-match-centre/teams/country=ita/index.html,3-3,"National Arena - Bucharest , Romania"
men,1972,6,Friendly,2000010101,Sunday 18/06/1972,"",43358,19720618,fra,France,/world-match-centre/teams/country=fra/index.html,col,Colombia,/world-match-centre/teams/country=col/index.html,3-2,"SALVADOR - Salvador, Brazil"
men,1972,6,Friendly,2000010101,Sunday 18/06/1972,"",43365,19720618,irl,Republic of Ireland,/world-match-centre/teams/country=irl/index.html,ecu,Ecuador,/world-match-centre/teams/country=ecu/index.html,3-2,"NATAL - Natal , Brazil"
men,1972,6,Friendly,2000010101,Sunday 18/06/1972,"",43366,19720618,por,Portugal,/world-match-centre/teams/country=por/index.html,chi,Chile,/world-match-centre/teams/country=chi/index.html,4-1,"RECIFE - Recife , Brazil"
men,1972,6,Friendly,2000010101,Sunday 18/06/1972,"",43375,19720618,per,Peru,/world-match-centre/teams/country=per/index.html,ven,Venezuela,/world-match-centre/teams/country=ven/index.html,1-0,"MANAUS - Manaus , Brazil"
men,1972,6,Friendly,2000010101,Sunday 18/06/1972,"",43376,19720618,yug,Yugoslavia,/world-match-centre/teams/country=yug/index.html,bol,Bolivia,/world-match-centre/teams/country=bol/index.html,1-1,"CAMPO GRANDE - Campo Grande , Brazil"
men,1972,6,Friendly,2000010101,Tuesday 20/06/1972,"",50778,19720620,cam,Khmer,/world-match-centre/teams/country=cam/index.html,mya,Burma,/world-match-centre/teams/country=mya/index.html,3-0,"JAKARTA - Jakarta , Indonesia"
men,1972,6,Friendly,2000010101,Tuesday 20/06/1972,"",50779,19720620,idn,Indonesia,/world-match-centre/teams/country=idn/index.html,kor,Korea Republic,/world-match-centre/teams/country=kor/index.html,5-2,"JAKARTA - Jakarta , Indonesia"
men,1972,6,Friendly,2000010101,Wednesday 21/06/1972,"",48405,19720621,bul,Bulgaria,/world-match-centre/teams/country=bul/index.html,ita,Italy,/world-match-centre/teams/country=ita/index.html,1-1,"Vasil Levski - Sofia , Bulgaria"
men,1972,6,Friendly,2000010101,Wednesday 21/06/1972,"",43367,19720621,ecu,Ecuador,/world-match-centre/teams/country=ecu/index.html,irn,Iran,/world-match-centre/teams/country=irn/index.html,1-1,"RECIFE - Recife , Brazil"
men,1972,6,Friendly,2000010101,Wednesday 21/06/1972,"",43368,19720621,irl,Republic of Ireland,/world-match-centre/teams/country=irl/index.html,chi,Chile,/world-match-centre/teams/country=chi/index.html,1-2,"RECIFE - Recife , Brazil"
men,1972,6,Friendly,2000010101,Wednesday 21/06/1972,"",43377,19720621,bol,Bolivia,/world-match-centre/teams/country=bol/index.html,ven,Venezuela,/world-match-centre/teams/country=ven/index.html,2-2,"MANAUS - Manaus , Brazil"
men,1972,6,Friendly,2000010101,Thursday 22/06/1972,"",43359,19720622,arg,Argentina,/world-match-centre/teams/country=arg/index.html,col,Colombia,/world-match-centre/teams/country=col/index.html,4-1,"SALVADOR - Salvador, Brazil"
men,1972,6,Friendly,2000010101,Thursday 22/06/1972,"",43378,19720622,yug,Yugoslavia,/world-match-centre/teams/country=yug/index.html,par,Paraguay,/world-match-centre/teams/country=par/index.html,2-1,"MANAUS - Manaus , Brazil"
men,1972,6,Friendly,2000010101,Sunday 25/06/1972,"",43360,19720625,fra,France,/world-match-centre/teams/country=fra/index.html,arg,Argentina,/world-match-centre/teams/country=arg/index.html,0-0,"SALVADOR - Salvador, Brazil"
men,1972,6,Friendly,2000010101,Sunday 25/06/1972,"",43369,19720625,chi,Chile,/world-match-centre/teams/country=chi/index.html,irn,Iran,/world-match-centre/teams/country=irn/index.html,2-1,"RECIFE - Recife , Brazil"
men,1972,6,Friendly,2000010101,Sunday 25/06/1972,"",43370,19720625,por,Portugal,/world-match-centre/teams/country=por/index.html,irl,Republic of Ireland,/world-match-centre/teams/country=irl/index.html,2-1,"RECIFE - Recife , Brazil"
men,1972,6,Friendly,2000010101,Sunday 25/06/1972,"",43379,19720625,bol,Bolivia,/world-match-centre/teams/country=bol/index.html,par,Paraguay,/world-match-centre/teams/country=par/index.html,1-6,"MANAUS - Manaus , Brazil"
men,1972,6,Friendly,2000010101,Sunday 25/06/1972,"",43380,19720625,yug,Yugoslavia,/world-match-centre/teams/country=yug/index.html,per,Peru,/world-match-centre/teams/country=per/index.html,2-1,"MANAUS - Manaus , Brazil"
men,1972,6,Friendly,2000010101,Wednesday 28/06/1972,"",300275893,19720628,bra,Brazil,/world-match-centre/teams/country=bra/index.html,tch,Czechoslovakia,/world-match-centre/teams/country=tch/index.html,0-0,"Estadio do Maracan達 - Rio De Janeiro , Brazil"
men,1972,6,Friendly,2000010101,Wednesday 28/06/1972,"",43381,19720628,bra,Brazil,/world-match-centre/teams/country=bra/index.html,"",RCS,/world-match-centre/teams/country=/index.html,0-0,"Estadio do Maracan達 - Rio De Janeiro , Brazil"
men,1972,6,Friendly,2000010101,Thursday 29/06/1972,"",52350,19720629,swe,Sweden,/world-match-centre/teams/country=swe/index.html,den,Denmark,/world-match-centre/teams/country=den/index.html,2-0,"MALMO - Malm旦 , Sweden"
men,1972,6,Friendly,2000010101,Thursday 29/06/1972,"",300275897,19720629,urs,Soviet Union,/world-match-centre/teams/country=urs/index.html,uru,Uruguay,/world-match-centre/teams/country=uru/index.html,0-0,"SAO PAULO - Sao Paulo , Brazil"
men,1972,6,Friendly,2000010101,Thursday 29/06/1972,"",43382,19720629,sco,Scotland,/world-match-centre/teams/country=sco/index.html,yug,Yugoslavia,/world-match-centre/teams/country=yug/index.html,2-2,"BELO HORIZONTE - Belo Horizonte , Brazil"
men,1972,6,Friendly,2000010101,Thursday 29/06/1972,"",43387,19720629,por,Portugal,/world-match-centre/teams/country=por/index.html,arg,Argentina,/world-match-centre/teams/country=arg/index.html,3-1,"RIO DE JANEIRO - Rio De Janeiro , Brazil"
men,1972,6,Friendly,2000010101,Thursday 29/06/1972,"",43388,19720629,"",Soviet Union,/world-match-centre/teams/country=/index.html,uru,Uruguay,/world-match-centre/teams/country=uru/index.html,1-0,"SAO PAULO - Sao Paulo , Brazil"
men,1972,7,FIFA World Cup™ Qualifier,38,Sunday 02/07/1972,Group 10,2029,19720702,gha,Ghana,/world-match-centre/teams/country=gha/index.html,ben,Benin,/world-match-centre/teams/country=ben/index.html,5-1,"National Sports Council - Kumasi , Ghana"
men,1972,7,FIFA World Cup™ Qualifier,38,Sunday 16/07/1972,Group 5,2137,19720716,ken,Kenya,/world-match-centre/teams/country=ken/index.html,sdn,Sudan,/world-match-centre/teams/country=sdn/index.html,2-0,"NAIROBI - Nairobi , Kenya"
men,1972,7,FIFA World Cup™ Qualifier,38,Sunday 23/07/1972,Group 5,2138,19720723,sdn,Sudan,/world-match-centre/teams/country=sdn/index.html,ken,Kenya,/world-match-centre/teams/country=ken/index.html,1-0,"KHARTOUM - Khartoum , Sudan"
men,1972,7,Friendly,2000010101,Sunday 02/07/1972,"",300275891,19720702,tch,Czechoslovakia,/world-match-centre/teams/country=tch/index.html,sco,Scotland,/world-match-centre/teams/country=sco/index.html,0-0,"PORTO ALEGRE - Porto Alegre , Brazil"
men,1972,7,Friendly,2000010101,Sunday 02/07/1972,"",300275896,19720702,urs,Soviet Union,/world-match-centre/teams/country=urs/index.html,arg,Argentina,/world-match-centre/teams/country=arg/index.html,0-0,"BELO HORIZONTE - Belo Horizonte , Brazil"
men,1972,7,Friendly,2000010101,Sunday 02/07/1972,"",43383,19720702,bra,Brazil,/world-match-centre/teams/country=bra/index.html,yug,Yugoslavia,/world-match-centre/teams/country=yug/index.html,3-0,"Morumbi - Est叩dio C鱈cero Pompeu de Toledo - Sao Paulo , Brazil"
men,1972,7,Friendly,2000010101,Sunday 02/07/1972,"",43384,19720702,"",RCS,/world-match-centre/teams/country=/index.html,sco,Scotland,/world-match-centre/teams/country=sco/index.html,0-0,"PORTO ALEGRE - Porto Alegre , Brazil"
men,1972,7,Friendly,2000010101,Sunday 02/07/1972,"",43389,19720702,por,Portugal,/world-match-centre/teams/country=por/index.html,uru,Uruguay,/world-match-centre/teams/country=uru/index.html,1-1,"RIO DE JANEIRO - Rio De Janeiro , Brazil"
men,1972,7,Friendly,2000010101,Sunday 02/07/1972,"",43390,19720702,"",Soviet Union,/world-match-centre/teams/country=/index.html,arg,Argentina,/world-match-centre/teams/country=arg/index.html,0-1,"BELO HORIZONTE - Belo Horizonte , Brazil"
men,1972,7,Friendly,2000010101,Monday 03/07/1972,"",48404,19720703,isl,Iceland,/world-match-centre/teams/country=isl/index.html,den,Denmark,/world-match-centre/teams/country=den/index.html,2-5,"REYKJAVIK - Reykjavik , Iceland"
men,1972,7,Friendly,2000010101,Wednesday 05/07/1972,"",43385,19720705,bra,Brazil,/world-match-centre/teams/country=bra/index.html,sco,Scotland,/world-match-centre/teams/country=sco/index.html,1-0,"Estadio do Maracan達 - Rio De Janeiro , Brazil"
men,1972,7,Friendly,2000010101,Thursday 06/07/1972,"",300275892,19720706,tch,Czechoslovakia,/world-match-centre/teams/country=tch/index.html,yug,Yugoslavia,/world-match-centre/teams/country=yug/index.html,0-0,"SAO PAULO - Sao Paulo , Brazil"
men,1972,7,Friendly,2000010101,Thursday 06/07/1972,"",300275895,19720706,por,Portugal,/world-match-centre/teams/country=por/index.html,urs,Soviet Union,/world-match-centre/teams/country=urs/index.html,0-0,"BELO HORIZONTE - Belo Horizonte , Brazil"
men,1972,7,Friendly,2000010101,Thursday 06/07/1972,"",43386,19720706,"",RCS,/world-match-centre/teams/country=/index.html,yug,Yugoslavia,/world-match-centre/teams/country=yug/index.html,1-2,"SAO PAULO - Sao Paulo , Brazil"
men,1972,7,Friendly,2000010101,Thursday 06/07/1972,"",43391,19720706,arg,Argentina,/world-match-centre/teams/country=arg/index.html,uru,Uruguay,/world-match-centre/teams/country=uru/index.html,1-0,"PORTO ALEGRE - Porto Alegre , Brazil"
men,1972,7,Friendly,2000010101,Thursday 06/07/1972,"",43392,19720706,por,Portugal,/world-match-centre/teams/country=por/index.html,"",Soviet Union,/world-match-centre/teams/country=/index.html,1-0,"BELO HORIZONTE - Belo Horizonte , Brazil"
men,1972,7,Friendly,2000010101,Sunday 09/07/1972,"",43393,19720709,yug,Yugoslavia,/world-match-centre/teams/country=yug/index.html,arg,Argentina,/world-match-centre/teams/country=arg/index.html,4-2,"Estadio do Maracan達 - Rio De Janeiro , Brazil"
men,1972,7,Friendly,2000010101,Sunday 09/07/1972,"",43394,19720709,bra,Brazil,/world-match-centre/teams/country=bra/index.html,por,Portugal,/world-match-centre/teams/country=por/index.html,1-0,"Estadio do Maracan達 - Rio De Janeiro , Brazil"
men,1972,7,Friendly,2000010101,Wednesday 12/07/1972,"",51782,19720712,mas,Malaysia,/world-match-centre/teams/country=mas/index.html,sri,Sri Lanka,/world-match-centre/teams/country=sri/index.html,4-1,"Merdeka - Kuala Lumpur , Malaysia"
men,1972,7,Friendly,2000010101,Friday 14/07/1972,"",51781,19720714,mas,Malaysia,/world-match-centre/teams/country=mas/index.html,phi,Philippines,/world-match-centre/teams/country=phi/index.html,1-0,"Merdeka - Kuala Lumpur , Malaysia"
men,1972,7,Friendly,2000010101,Sunday 16/07/1972,"",51779,19720716,sri,Sri Lanka,/world-match-centre/teams/country=sri/index.html,jpn,Japan,/world-match-centre/teams/country=jpn/index.html,0-5,"Merdeka - Kuala Lumpur , Malaysia"
men,1972,7,Friendly,2000010101,Tuesday 18/07/1972,"",51778,19720718,phi,Philippines,/world-match-centre/teams/country=phi/index.html,jpn,Japan,/world-match-centre/teams/country=jpn/index.html,1-5,"Merdeka - Kuala Lumpur , Malaysia"
men,1972,7,Friendly,2000010101,Wednesday 19/07/1972,"",51777,19720719,mas,Malaysia,/world-match-centre/teams/country=mas/index.html,cam,Khmer,/world-match-centre/teams/country=cam/index.html,6-1,"Merdeka - Kuala Lumpur , Malaysia"
men,1972,7,Friendly,2000010101,Saturday 22/07/1972,"",51775,19720722,mas,Malaysia,/world-match-centre/teams/country=mas/index.html,jpn,Japan,/world-match-centre/teams/country=jpn/index.html,3-1,"Merdeka - Kuala Lumpur , Malaysia"
men,1972,7,Friendly,2000010101,Monday 24/07/1972,"",51795,19720724,tha,Thailand,/world-match-centre/teams/country=tha/index.html,kor,Korea Republic,/world-match-centre/teams/country=kor/index.html,0-2,"Merdeka - Kuala Lumpur , Malaysia"
men,1972,7,Friendly,2000010101,Tuesday 25/07/1972,"",51803,19720725,sin,Singapore,/world-match-centre/teams/country=sin/index.html,hkg,Hong Kong,/world-match-centre/teams/country=hkg/index.html,1-4,"Merdeka - Kuala Lumpur , Malaysia"
men,1972,7,Friendly,2000010101,Wednesday 26/07/1972,"",51784,19720726,sri,Sri Lanka,/world-match-centre/teams/country=sri/index.html,phi,Philippines,/world-match-centre/teams/country=phi/index.html,1-4,"Merdeka - Kuala Lumpur , Malaysia"
men,1972,7,Friendly,2000010101,Wednesday 26/07/1972,"",51805,19720726,jpn,Japan,/world-match-centre/teams/country=jpn/index.html,kor,Korea Republic,/world-match-centre/teams/country=kor/index.html,0-3,"Merdeka - Kuala Lumpur , Malaysia"
men,1972,7,Friendly,2000010101,Thursday 27/07/1972,"",51790,19720727,kor,Korea Republic,/world-match-centre/teams/country=kor/index.html,idn,Indonesia,/world-match-centre/teams/country=idn/index.html,2-0,"Merdeka - Kuala Lumpur , Malaysia"
men,1972,7,Friendly,2000010101,Friday 28/07/1972,"",51789,19720728,cam,Khmer,/world-match-centre/teams/country=cam/index.html,mya,Burma,/world-match-centre/teams/country=mya/index.html,2-1,"Merdeka - Kuala Lumpur , Malaysia"
men,1972,7,Friendly,2000010101,Friday 28/07/1972,"",51799,19720728,tha,Thailand,/world-match-centre/teams/country=tha/index.html,sin,Singapore,/world-match-centre/teams/country=sin/index.html,2-0,"Merdeka - Kuala Lumpur , Malaysia"
men,1972,7,Friendly,2000010101,Saturday 29/07/1972,"",51808,19720729,mas,Malaysia,/world-match-centre/teams/country=mas/index.html,kor,Korea Republic,/world-match-centre/teams/country=kor/index.html,1-2,"Merdeka - Kuala Lumpur , Malaysia"
men,1972,7,Friendly,2000010101,Sunday 30/07/1972,"",51804,19720730,idn,Indonesia,/world-match-centre/teams/country=idn/index.html,hkg,Hong Kong,/world-match-centre/teams/country=hkg/index.html,0-1,"Merdeka - Kuala Lumpur , Malaysia"
men,1972,7,Friendly,2000010101,Monday 31/07/1972,"",51793,19720731,kor,Korea Republic,/world-match-centre/teams/country=kor/index.html,sin,Singapore,/world-match-centre/teams/country=sin/index.html,4-1,"Merdeka - Kuala Lumpur , Malaysia"
men,1972,7,Friendly,2000010101,Tuesday 01/08/1972,"",42960,19720801,dahomey-1895294,Dahomey,/world-match-centre/clubs/club=dahomey-1895294/index.html,upper-volta-1895300,Upper Volta,/world-match-centre/clubs/club=upper-volta-1895300/index.html,3-2,""
men,1972,7,Friendly,2000010101,Tuesday 01/08/1972,"",51785,19720801,sri,Sri Lanka,/world-match-centre/teams/country=sri/index.html,cam,Khmer,/world-match-centre/teams/country=cam/index.html,1-6,"Merdeka - Kuala Lumpur , Malaysia"
men,1972,8,FIFA World Cup™ Qualifier,33,Thursday 03/08/1972,Group 3,2119,19720803,nor,Norway,/world-match-centre/teams/country=nor/index.html,isl,Iceland,/world-match-centre/teams/country=isl/index.html,4-1,"STAVANGER - Stavanger , Norway"
men,1972,8,FIFA World Cup™ Qualifier,34,Sunday 20/08/1972,Group 1,1999,19720820,can,Canada,/world-match-centre/teams/country=can/index.html,usa,USA,/world-match-centre/teams/country=usa/index.html,3-2,"Jeux Canada Games Stadium - Saint John's , Canada"
men,1972,8,FIFA World Cup™ Qualifier,34,Thursday 24/08/1972,Group 1,1997,19720824,can,Canada,/world-match-centre/teams/country=can/index.html,mex,Mexico,/world-match-centre/teams/country=mex/index.html,0-1,"TORONTO - Toronto , Canada"
men,1972,8,FIFA World Cup™ Qualifier,34,Tuesday 29/08/1972,Group 1,2000,19720829,usa,USA,/world-match-centre/teams/country=usa/index.html,can,Canada,/world-match-centre/teams/country=can/index.html,2-2,"BALTIMORE - Baltimore , USA"
men,1972,8,FIFA World Cup™ Qualifier,38,Saturday 05/08/1972,Group 9,2001,19720805,nga,Nigeria,/world-match-centre/teams/country=nga/index.html,cgo,Congo,/world-match-centre/teams/country=cgo/index.html,2-1,"Oyo State Sport Council - Ibadan , Nigeria"
men,1972,8,FIFA World Cup™ Qualifier,38,Tuesday 15/08/1972,Group 9,2002,19720815,cgo,Congo,/world-match-centre/teams/country=cgo/index.html,nga,Nigeria,/world-match-centre/teams/country=nga/index.html,1-1,"Stade de la Revolution (National) - Brazzaville , Congo"
men,1972,8,Olympic Football Tournament Final,197110,Sunday 27/08/1972,Group 1,32126,19720827,mar,Morocco,/world-match-centre/teams/country=mar/index.html,usa,USA,/world-match-centre/teams/country=usa/index.html,0-0,""
men,1972,8,Olympic Football Tournament Final,197110,Sunday 27/08/1972,Group 1,32127,19720827,frg,Germany FR,/world-match-centre/teams/country=frg/index.html,mas,Malaysia,/world-match-centre/teams/country=mas/index.html,3-0,""
men,1972,8,Olympic Football Tournament Final,197110,Sunday 27/08/1972,Group 3,32128,19720827,den,Denmark,/world-match-centre/teams/country=den/index.html,bra,Brazil,/world-match-centre/teams/country=bra/index.html,3-2,""
men,1972,8,Olympic Football Tournament Final,197110,Sunday 27/08/1972,Group 3,32125,19720827,hun,Hungary,/world-match-centre/teams/country=hun/index.html,irn,Iran,/world-match-centre/teams/country=irn/index.html,5-0,""
men,1972,8,Olympic Football Tournament Final,197110,Monday 28/08/1972,Group 2,32129,19720828,mex,Mexico,/world-match-centre/teams/country=mex/index.html,sdn,Sudan,/world-match-centre/teams/country=sdn/index.html,1-0,""
men,1972,8,Olympic Football Tournament Final,197110,Monday 28/08/1972,Group 2,32130,19720828,urs,Soviet Union,/world-match-centre/teams/country=urs/index.html,mya,Burma,/world-match-centre/teams/country=mya/index.html,1-0,""
men,1972,8,Olympic Football Tournament Final,197110,Monday 28/08/1972,Group 4,32132,19720828,pol,Poland,/world-match-centre/teams/country=pol/index.html,col,Colombia,/world-match-centre/teams/country=col/index.html,5-1,""
men,1972,8,Olympic Football Tournament Final,197110,Monday 28/08/1972,Group 4,32131,19720828,gdr,German Democratic Republic,/world-match-centre/teams/country=gdr/index.html,gha,Ghana,/world-match-centre/teams/country=gha/index.html,4-0,""
men,1972,8,Olympic Football Tournament Final,197110,Tuesday 29/08/1972,Group 1,32135,19720829,frg,Germany FR,/world-match-centre/teams/country=frg/index.html,mar,Morocco,/world-match-centre/teams/country=mar/index.html,3-0,""
men,1972,8,Olympic Football Tournament Final,197110,Tuesday 29/08/1972,Group 1,32136,19720829,mas,Malaysia,/world-match-centre/teams/country=mas/index.html,usa,USA,/world-match-centre/teams/country=usa/index.html,3-0,""
men,1972,8,Olympic Football Tournament Final,197110,Tuesday 29/08/1972,Group 3,32133,19720829,den,Denmark,/world-match-centre/teams/country=den/index.html,irn,Iran,/world-match-centre/teams/country=irn/index.html,4-0,""
men,1972,8,Olympic Football Tournament Final,197110,Tuesday 29/08/1972,Group 3,32134,19720829,hun,Hungary,/world-match-centre/teams/country=hun/index.html,bra,Brazil,/world-match-centre/teams/country=bra/index.html,2-2,""
men,1972,8,Olympic Football Tournament Final,197110,Wednesday 30/08/1972,Group 2,32137,19720830,mex,Mexico,/world-match-centre/teams/country=mex/index.html,mya,Burma,/world-match-centre/teams/country=mya/index.html,1-0,""
men,1972,8,Olympic Football Tournament Final,197110,Wednesday 30/08/1972,Group 2,32139,19720830,urs,Soviet Union,/world-match-centre/teams/country=urs/index.html,sdn,Sudan,/world-match-centre/teams/country=sdn/index.html,2-1,""
men,1972,8,Olympic Football Tournament Final,197110,Wednesday 30/08/1972,Group 4,32140,19720830,gdr,German Democratic Republic,/world-match-centre/teams/country=gdr/index.html,col,Colombia,/world-match-centre/teams/country=col/index.html,6-1,""
men,1972,8,Olympic Football Tournament Final,197110,Wednesday 30/08/1972,Group 4,32138,19720830,pol,Poland,/world-match-centre/teams/country=pol/index.html,gha,Ghana,/world-match-centre/teams/country=gha/index.html,4-0,""
men,1972,8,Olympic Football Tournament Final,197110,Thursday 31/08/1972,Group 1,32144,19720831,mar,Morocco,/world-match-centre/teams/country=mar/index.html,mas,Malaysia,/world-match-centre/teams/country=mas/index.html,6-0,""
men,1972,8,Olympic Football Tournament Final,197110,Thursday 31/08/1972,Group 1,32143,19720831,frg,Germany FR,/world-match-centre/teams/country=frg/index.html,usa,USA,/world-match-centre/teams/country=usa/index.html,7-0,""
men,1972,8,Olympic Football Tournament Final,197110,Thursday 31/08/1972,Group 3,32141,19720831,irn,Iran,/world-match-centre/teams/country=irn/index.html,bra,Brazil,/world-match-centre/teams/country=bra/index.html,1-0,""
men,1972,8,Olympic Football Tournament Final,197110,Thursday 31/08/1972,Group 3,32142,19720831,den,Denmark,/world-match-centre/teams/country=den/index.html,hun,Hungary,/world-match-centre/teams/country=hun/index.html,0-2,""
men,1972,8,Olympic Football Tournament Final,197110,Friday 01/09/1972,Group 2,32146,19720901,urs,Soviet Union,/world-match-centre/teams/country=urs/index.html,mex,Mexico,/world-match-centre/teams/country=mex/index.html,4-1,""
men,1972,8,Olympic Football Tournament Final,197110,Friday 01/09/1972,Group 2,32148,19720901,mya,Burma,/world-match-centre/teams/country=mya/index.html,sdn,Sudan,/world-match-centre/teams/country=sdn/index.html,2-0,""
men,1972,8,Olympic Football Tournament Final,197110,Friday 01/09/1972,Group 4,32145,19720901,pol,Poland,/world-match-centre/teams/country=pol/index.html,gdr,German Democratic Republic,/world-match-centre/teams/country=gdr/index.html,2-1,""
men,1972,8,Olympic Football Tournament Final,197110,Friday 01/09/1972,Group 4,32147,19720901,col,Colombia,/world-match-centre/teams/country=col/index.html,gha,Ghana,/world-match-centre/teams/country=gha/index.html,3-1,""
men,1972,8,Friendly,2000010101,Tuesday 01/08/1972,"",42960,19720801,dahomey-1895294,Dahomey,/world-match-centre/clubs/club=dahomey-1895294/index.html,upper-volta-1895300,Upper Volta,/world-match-centre/clubs/club=upper-volta-1895300/index.html,3-2,""
men,1972,8,Friendly,2000010101,Tuesday 01/08/1972,"",51785,19720801,sri,Sri Lanka,/world-match-centre/teams/country=sri/index.html,cam,Khmer,/world-match-centre/teams/country=cam/index.html,1-6,"Merdeka - Kuala Lumpur , Malaysia"
men,1972,8,Friendly,2000010101,Wednesday 02/08/1972,"",51787,19720802,phi,Philippines,/world-match-centre/teams/country=phi/index.html,cam,Khmer,/world-match-centre/teams/country=cam/index.html,2-2,"Merdeka - Kuala Lumpur , Malaysia"
men,1972,8,Friendly,2000010101,Wednesday 02/08/1972,"",51800,19720802,tha,Thailand,/world-match-centre/teams/country=tha/index.html,idn,Indonesia,/world-match-centre/teams/country=idn/index.html,2-3,"Merdeka - Kuala Lumpur , Malaysia"
men,1972,8,Friendly,2000010101,Thursday 03/08/1972,"",51797,19720803,kor,Korea Republic,/world-match-centre/teams/country=kor/index.html,hkg,Hong Kong,/world-match-centre/teams/country=hkg/index.html,0-0,"Merdeka - Kuala Lumpur , Malaysia"
men,1972,8,Friendly,2000010101,Friday 04/08/1972,"",51786,19720804,sri,Sri Lanka,/world-match-centre/teams/country=sri/index.html,mya,Burma,/world-match-centre/teams/country=mya/index.html,2-5,"Merdeka - Kuala Lumpur , Malaysia"
men,1972,8,Friendly,2000010101,Saturday 05/08/1972,"",51788,19720805,phi,Philippines,/world-match-centre/teams/country=phi/index.html,mya,Burma,/world-match-centre/teams/country=mya/index.html,1-1,"Merdeka - Kuala Lumpur , Malaysia"
men,1972,8,Friendly,2000010101,Saturday 05/08/1972,"",51802,19720805,sin,Singapore,/world-match-centre/teams/country=sin/index.html,idn,Indonesia,/world-match-centre/teams/country=idn/index.html,0-0,"Merdeka - Kuala Lumpur , Malaysia"
men,1972,8,Friendly,2000010101,Sunday 06/08/1972,"",48402,19720806,mex,Mexico,/world-match-centre/teams/country=mex/index.html,crc,Costa Rica,/world-match-centre/teams/country=crc/index.html,0-1,"SAN JOSE - San Jose , Costa Rica"
men,1972,8,Friendly,2000010101,Sunday 06/08/1972,"",51783,19720806,jpn,Japan,/world-match-centre/teams/country=jpn/index.html,cam,Khmer,/world-match-centre/teams/country=cam/index.html,4-1,"Merdeka - Kuala Lumpur , Malaysia"
men,1972,8,Friendly,2000010101,Sunday 06/08/1972,"",51801,19720806,tha,Thailand,/world-match-centre/teams/country=tha/index.html,hkg,Hong Kong,/world-match-centre/teams/country=hkg/index.html,2-2,"Merdeka - Kuala Lumpur , Malaysia"
men,1972,8,Friendly,2000010101,Wednesday 09/08/1972,"",48401,19720809,per,Peru,/world-match-centre/teams/country=per/index.html,mex,Mexico,/world-match-centre/teams/country=mex/index.html,3-2,"LIMA - Lima , Peru"
men,1972,8,Friendly,2000010101,Wednesday 09/08/1972,"",51809,19720809,sri,Sri Lanka,/world-match-centre/teams/country=sri/index.html,sin,Singapore,/world-match-centre/teams/country=sin/index.html,1-6,"Merdeka - Kuala Lumpur , Malaysia"
men,1972,8,Friendly,2000010101,Wednesday 09/08/1972,"",51810,19720809,idn,Indonesia,/world-match-centre/teams/country=idn/index.html,mya,Burma,/world-match-centre/teams/country=mya/index.html,3-2,"Merdeka - Kuala Lumpur , Malaysia"
men,1972,8,Friendly,2000010101,Thursday 10/08/1972,"",51811,19720810,tha,Thailand,/world-match-centre/teams/country=tha/index.html,phi,Philippines,/world-match-centre/teams/country=phi/index.html,4-0,"Merdeka - Kuala Lumpur , Malaysia"
men,1972,8,Friendly,2000010101,Thursday 10/08/1972,"",51812,19720810,hkg,Hong Kong,/world-match-centre/teams/country=hkg/index.html,cam,Khmer,/world-match-centre/teams/country=cam/index.html,0-1,"Merdeka - Kuala Lumpur , Malaysia"
men,1972,8,Friendly,2000010101,Wednesday 16/08/1972,"",48400,19720816,chi,Chile,/world-match-centre/teams/country=chi/index.html,mex,Mexico,/world-match-centre/teams/country=mex/index.html,0-2,"SANTIAGO DE CHILE - Santiago De Chile , Chile"
men,1972,8,Friendly,2000010101,Wednesday 30/08/1972,"",42972,19720830,upper-volta-1895300,Upper Volta,/world-match-centre/clubs/club=upper-volta-1895300/index.html,dahomey-1895294,Dahomey,/world-match-centre/clubs/club=dahomey-1895294/index.html,3-1,""
men,1972,8,Friendly,2000010101,Wednesday 30/08/1972,"",48399,19720830,tch,Czechoslovakia,/world-match-centre/teams/country=tch/index.html,ned,Netherlands,/world-match-centre/teams/country=ned/index.html,1-2,PRAGUE - Prague
men,1972,9,FIFA World Cup™ Qualifier,33,Wednesday 20/09/1972,Group 4,2056,19720920,fin,Finland,/world-match-centre/teams/country=fin/index.html,rou,Romania,/world-match-centre/teams/country=rou/index.html,1-1,"Olympic Stadium - Helsinki , Finland"
men,1972,9,FIFA World Cup™ Qualifier,34,Sunday 03/09/1972,Group 1,2161,19720903,mex,Mexico,/world-match-centre/teams/country=mex/index.html,usa,USA,/world-match-centre/teams/country=usa/index.html,3-1,"MEXICO CITY - Mexico City , Mexico"
men,1972,9,FIFA World Cup™ Qualifier,34,Wednesday 06/09/1972,Group 1,1998,19720906,mex,Mexico,/world-match-centre/teams/country=mex/index.html,can,Canada,/world-match-centre/teams/country=can/index.html,2-1,"MEXICO CITY - Mexico City , Mexico"
men,1972,9,FIFA World Cup™ Qualifier,34,Sunday 10/09/1972,Group 1,2162,19720910,usa,USA,/world-match-centre/teams/country=usa/index.html,mex,Mexico,/world-match-centre/teams/country=mex/index.html,1-2,"LOS ANGELES - Los Angeles , USA"
men,1972,9,Olympic Football Tournament Final,197110,Friday 01/09/1972,Group 2,32148,19720901,mya,Burma,/world-match-centre/teams/country=mya/index.html,sdn,Sudan,/world-match-centre/teams/country=sdn/index.html,2-0,""
men,1972,9,Olympic Football Tournament Final,197110,Friday 01/09/1972,Group 2,32146,19720901,urs,Soviet Union,/world-match-centre/teams/country=urs/index.html,mex,Mexico,/world-match-centre/teams/country=mex/index.html,4-1,""
men,1972,9,Olympic Football Tournament Final,197110,Friday 01/09/1972,Group 4,32145,19720901,pol,Poland,/world-match-centre/teams/country=pol/index.html,gdr,German Democratic Republic,/world-match-centre/teams/country=gdr/index.html,2-1,""
men,1972,9,Olympic Football Tournament Final,197110,Friday 01/09/1972,Group 4,32147,19720901,col,Colombia,/world-match-centre/teams/country=col/index.html,gha,Ghana,/world-match-centre/teams/country=gha/index.html,3-1,""
men,1972,9,Olympic Football Tournament Final,197110,Sunday 03/09/1972,Group A,32152,19720903,hun,Hungary,/world-match-centre/teams/country=hun/index.html,gdr,German Democratic Republic,/world-match-centre/teams/country=gdr/index.html,2-0,""
men,1972,9,Olympic Football Tournament Final,197110,Sunday 03/09/1972,Group A,32149,19720903,frg,Germany FR,/world-match-centre/teams/country=frg/index.html,mex,Mexico,/world-match-centre/teams/country=mex/index.html,1-1,""
men,1972,9,Olympic Football Tournament Final,197110,Sunday 03/09/1972,Group B,32150,19720903,den,Denmark,/world-match-centre/teams/country=den/index.html,pol,Poland,/world-match-centre/teams/country=pol/index.html,1-1,""
men,1972,9,Olympic Football Tournament Final,197110,Sunday 03/09/1972,Group B,32151,19720903,urs,Soviet Union,/world-match-centre/teams/country=urs/index.html,mar,Morocco,/world-match-centre/teams/country=mar/index.html,3-0,""
men,1972,9,Olympic Football Tournament Final,197110,Tuesday 05/09/1972,Group A,32155,19720905,gdr,German Democratic Republic,/world-match-centre/teams/country=gdr/index.html,mex,Mexico,/world-match-centre/teams/country=mex/index.html,7-0,""
men,1972,9,Olympic Football Tournament Final,197110,Tuesday 05/09/1972,Group B,32154,19720905,den,Denmark,/world-match-centre/teams/country=den/index.html,mar,Morocco,/world-match-centre/teams/country=mar/index.html,3-1,""
men,1972,9,Olympic Football Tournament Final,197110,Tuesday 05/09/1972,Group B,32153,19720905,urs,Soviet Union,/world-match-centre/teams/country=urs/index.html,pol,Poland,/world-match-centre/teams/country=pol/index.html,1-2,""
men,1972,9,Olympic Football Tournament Final,197110,Wednesday 06/09/1972,Group A,32156,19720906,hun,Hungary,/world-match-centre/teams/country=hun/index.html,frg,Germany FR,/world-match-centre/teams/country=frg/index.html,4-1,""
men,1972,9,Olympic Football Tournament Final,197110,Friday 08/09/1972,Group A,32159,19720908,hun,Hungary,/world-match-centre/teams/country=hun/index.html,mex,Mexico,/world-match-centre/teams/country=mex/index.html,2-0,""
men,1972,9,Olympic Football Tournament Final,197110,Friday 08/09/1972,Group A,32157,19720908,gdr,German Democratic Republic,/world-match-centre/teams/country=gdr/index.html,frg,Germany FR,/world-match-centre/teams/country=frg/index.html,3-2,""
men,1972,9,Olympic Football Tournament Final,197110,Friday 08/09/1972,Group B,32158,19720908,pol,Poland,/world-match-centre/teams/country=pol/index.html,mar,Morocco,/world-match-centre/teams/country=mar/index.html,5-0,""
men,1972,9,Olympic Football Tournament Final,197110,Friday 08/09/1972,Group B,32160,19720908,urs,Soviet Union,/world-match-centre/teams/country=urs/index.html,den,Denmark,/world-match-centre/teams/country=den/index.html,4-0,""
men,1972,9,Olympic Football Tournament Final,197110,Sunday 10/09/1972,,32161,19720910,urs,Soviet Union,/world-match-centre/teams/country=urs/index.html,gdr,German Democratic Republic,/world-match-centre/teams/country=gdr/index.html,2-2,""
men,1972,9,Olympic Football Tournament Final,197110,Sunday 10/09/1972,,32162,19720910,pol,Poland,/world-match-centre/teams/country=pol/index.html,hun,Hungary,/world-match-centre/teams/country=hun/index.html,2-1,""
men,1972,9,Friendly,2000010101,Saturday 02/09/1972,"",48397,19720902,gua,Guatemala,/world-match-centre/teams/country=gua/index.html,can,Canada,/world-match-centre/teams/country=can/index.html,2-2,"GUATEMALA CITY - Guatemala City , Guatemala"
men,1972,9,Friendly,2000010101,Saturday 02/09/1972,"",48398,19720902,gre,Greece,/world-match-centre/teams/country=gre/index.html,fra,France,/world-match-centre/teams/country=fra/index.html,1-3,"ATHENS - Athens , Greece"
men,1972,9,Friendly,2000010101,Sunday 03/09/1972,"",48396,19720903,rou,Romania,/world-match-centre/teams/country=rou/index.html,aut,Austria,/world-match-centre/teams/country=aut/index.html,1-1,"CRAIOVA - Craiova , Romania"
men,1972,9,Friendly,2000010101,Thursday 14/09/1972,"",48395,19720914,jpn,Japan,/world-match-centre/teams/country=jpn/index.html,kor,Korea Republic,/world-match-centre/teams/country=kor/index.html,2-2,"National Stadium (Olympic Stadium) - Tokyo , Japan"
men,1972,9,Friendly,2000010101,Sunday 17/09/1972,"",52349,19720917,nor,Norway,/world-match-centre/teams/country=nor/index.html,swe,Sweden,/world-match-centre/teams/country=swe/index.html,1-3,"OSLO - Oslo , Norway"
men,1972,9,Friendly,2000010101,Wednesday 20/09/1972,"",48393,19720920,ita,Italy,/world-match-centre/teams/country=ita/index.html,yug,Yugoslavia,/world-match-centre/teams/country=yug/index.html,3-1,"Stadio Olimpico - Turin , Italy"
men,1972,9,Friendly,2000010101,Wednesday 20/09/1972,"",52479,19720920,kor,Korea Republic,/world-match-centre/teams/country=kor/index.html,tha,Thailand,/world-match-centre/teams/country=tha/index.html,3-0,"SEOUL - Seoul , Korea Republic"
men,1972,9,Friendly,2000010101,Wednesday 20/09/1972,"",52480,19720920,mas,Malaysia,/world-match-centre/teams/country=mas/index.html,cam,Khmer,/world-match-centre/teams/country=cam/index.html,1-0,"SEOUL - Seoul , Korea Republic"
men,1972,9,Friendly,2000010101,Wednesday 20/09/1972,"",52482,19720920,idn,Indonesia,/world-match-centre/teams/country=idn/index.html,sin,Singapore,/world-match-centre/teams/country=sin/index.html,2-1,"SEOUL - Seoul , Korea Republic"
men,1972,9,Friendly,2000010101,Wednesday 20/09/1972,"",52486,19720920,mya,Burma,/world-match-centre/teams/country=mya/index.html,phi,Philippines,/world-match-centre/teams/country=phi/index.html,4-0,"SEOUL - Seoul , Korea Republic"
men,1972,9,Friendly,2000010101,Friday 22/09/1972,"",52477,19720922,kor,Korea Republic,/world-match-centre/teams/country=kor/index.html,cam,Khmer,/world-match-centre/teams/country=cam/index.html,3-1,"SEOUL - Seoul , Korea Republic"
men,1972,9,Friendly,2000010101,Friday 22/09/1972,"",52478,19720922,mas,Malaysia,/world-match-centre/teams/country=mas/index.html,tha,Thailand,/world-match-centre/teams/country=tha/index.html,1-1,"SEOUL - Seoul , Korea Republic"
men,1972,9,Friendly,2000010101,Friday 22/09/1972,"",52483,19720922,idn,Indonesia,/world-match-centre/teams/country=idn/index.html,phi,Philippines,/world-match-centre/teams/country=phi/index.html,12-0,"SEOUL - Seoul , Korea Republic"
men,1972,9,Friendly,2000010101,Friday 22/09/1972,"",52485,19720922,mya,Burma,/world-match-centre/teams/country=mya/index.html,sin,Singapore,/world-match-centre/teams/country=sin/index.html,1-0,"SEOUL - Seoul , Korea Republic"
men,1972,9,Friendly,2000010101,Sunday 24/09/1972,"",52475,19720924,tha,Thailand,/world-match-centre/teams/country=tha/index.html,cam,Khmer,/world-match-centre/teams/country=cam/index.html,0-0,"SEOUL - Seoul , Korea Republic"
men,1972,9,Friendly,2000010101,Sunday 24/09/1972,"",52476,19720924,kor,Korea Republic,/world-match-centre/teams/country=kor/index.html,mas,Malaysia,/world-match-centre/teams/country=mas/index.html,2-0,"SEOUL - Seoul , Korea Republic"
men,1972,9,Friendly,2000010101,Sunday 24/09/1972,"",52484,19720924,idn,Indonesia,/world-match-centre/teams/country=idn/index.html,mya,Burma,/world-match-centre/teams/country=mya/index.html,1-1,"SEOUL - Seoul , Korea Republic"
men,1972,9,Friendly,2000010101,Sunday 24/09/1972,"",52481,19720924,sin,Singapore,/world-match-centre/teams/country=sin/index.html,phi,Philippines,/world-match-centre/teams/country=phi/index.html,5-0,"SEOUL - Seoul , Korea Republic"
men,1972,9,Friendly,2000010101,Monday 25/09/1972,"",48392,19720925,arg,Argentina,/world-match-centre/teams/country=arg/index.html,chi,Chile,/world-match-centre/teams/country=chi/index.html,2-0,"BUENOS AIRES - Buenos Aires , Argentina"
men,1972,9,Friendly,2000010101,Wednesday 27/09/1972,"",52488,19720927,kor,Korea Republic,/world-match-centre/teams/country=kor/index.html,mya,Burma,/world-match-centre/teams/country=mya/index.html,0-1,"SEOUL - Seoul , Korea Republic"
men,1972,9,Friendly,2000010101,Wednesday 27/09/1972,"",52489,19720927,cam,Khmer,/world-match-centre/teams/country=cam/index.html,phi,Philippines,/world-match-centre/teams/country=phi/index.html,1-0,"SEOUL - Seoul , Korea Republic"
men,1972,9,Friendly,2000010101,Thursday 28/09/1972,"",52487,19720928,idn,Indonesia,/world-match-centre/teams/country=idn/index.html,mas,Malaysia,/world-match-centre/teams/country=mas/index.html,3-1,"SEOUL - Seoul , Korea Republic"
men,1972,9,Friendly,2000010101,Friday 29/09/1972,"",52490,19720929,tha,Thailand,/world-match-centre/teams/country=tha/index.html,sin,Singapore,/world-match-centre/teams/country=sin/index.html,4-1,"SEOUL - Seoul , Korea Republic"
men,1972,9,Friendly,2000010101,Saturday 30/09/1972,"",52491,19720930,kor,Korea Republic,/world-match-centre/teams/country=kor/index.html,mas,Malaysia,/world-match-centre/teams/country=mas/index.html,1-0,"SEOUL - Seoul , Korea Republic"
men,1972,9,Friendly,2000010101,Saturday 30/09/1972,"",52492,19720930,mya,Burma,/world-match-centre/teams/country=mya/index.html,idn,Indonesia,/world-match-centre/teams/country=idn/index.html,3-1,"SEOUL - Seoul , Korea Republic"
men,1972,10,FIFA World Cup™ Qualifier,33,Wednesday 04/10/1972,Group 3,1978,19721004,nor,Norway,/world-match-centre/teams/country=nor/index.html,bel,Belgium,/world-match-centre/teams/country=bel/index.html,0-2,"OSLO - Oslo , Norway"
men,1972,10,FIFA World Cup™ Qualifier,33,Saturday 07/10/1972,Group 2,2127,19721007,lux,Luxembourg,/world-match-centre/teams/country=lux/index.html,ita,Italy,/world-match-centre/teams/country=ita/index.html,0-4,"Municipal - Luxembourg , Luxembourg"
men,1972,10,FIFA World Cup™ Qualifier,33,Saturday 07/10/1972,Group 4,2054,19721007,gdr,German DR,/world-match-centre/teams/country=gdr/index.html,fin,Finland,/world-match-centre/teams/country=fin/index.html,5-0,Heinz-Steyer - Dresden
men,1972,10,FIFA World Cup™ Qualifier,33,Friday 13/10/1972,Group 9,2060,19721013,fra,France,/world-match-centre/teams/country=fra/index.html,urs,Soviet Union,/world-match-centre/teams/country=urs/index.html,1-0,"PARIS - Paris , France"
men,1972,10,FIFA World Cup™ Qualifier,33,Sunday 15/10/1972,Group 1,1967,19721015,aut,Austria,/world-match-centre/teams/country=aut/index.html,hun,Hungary,/world-match-centre/teams/country=hun/index.html,2-2,"VIENNA - Vienna , Austria"
men,1972,10,FIFA World Cup™ Qualifier,33,Sunday 15/10/1972,Group 1,2163,19721015,swe,Sweden,/world-match-centre/teams/country=swe/index.html,mlt,Malta,/world-match-centre/teams/country=mlt/index.html,7-0,"Nya Ullevi - Gothenburg , Sweden"
men,1972,10,FIFA World Cup™ Qualifier,33,Wednesday 18/10/1972,Group 6,1991,19721018,bul,Bulgaria,/world-match-centre/teams/country=bul/index.html,nir,Northern Ireland,/world-match-centre/teams/country=nir/index.html,3-0,"SOFIA - Sofia , Bulgaria"
men,1972,10,FIFA World Cup™ Qualifier,33,Wednesday 18/10/1972,Group 8,2030,19721018,den,Denmark,/world-match-centre/teams/country=den/index.html,sco,Scotland,/world-match-centre/teams/country=sco/index.html,1-4,"COPENHAGEN - Copenhagen , Denmark"
men,1972,10,FIFA World Cup™ Qualifier,33,Wednesday 18/10/1972,Group 9,2109,19721018,irl,Republic of Ireland,/world-match-centre/teams/country=irl/index.html,urs,Soviet Union,/world-match-centre/teams/country=urs/index.html,1-2,"DUBLIN - Dublin , Republic of Ireland"
men,1972,10,FIFA World Cup™ Qualifier,33,Thursday 19/10/1972,Group 7,2046,19721019,esp,Spain,/world-match-centre/teams/country=esp/index.html,yug,Yugoslavia,/world-match-centre/teams/country=yug/index.html,2-2,"Insular - Las Palmas De Gran Canaria , Spain"
men,1972,10,FIFA World Cup™ Qualifier,33,Saturday 21/10/1972,Group 2,2130,19721021,sui,Switzerland,/world-match-centre/teams/country=sui/index.html,ita,Italy,/world-match-centre/teams/country=ita/index.html,0-0,"Stade de Suisse - Berne , Switzerland"
men,1972,10,FIFA World Cup™ Qualifier,33,Sunday 22/10/1972,Group 2,2151,19721022,lux,Luxembourg,/world-match-centre/teams/country=lux/index.html,tur,Turkey,/world-match-centre/teams/country=tur/index.html,2-0,"Municipal - Luxembourg , Luxembourg"
men,1972,10,FIFA World Cup™ Qualifier,33,Sunday 29/10/1972,Group 4,1935,19721029,rou,Romania,/world-match-centre/teams/country=rou/index.html,alb,Albania,/world-match-centre/teams/country=alb/index.html,2-0,"BUCHAREST - Bucharest , Romania"
men,1972,10,FIFA World Cup™ Qualifier,33,Wednesday 01/11/1972,Group 3,2095,19721101,ned,Netherlands,/world-match-centre/teams/country=ned/index.html,nor,Norway,/world-match-centre/teams/country=nor/index.html,9-0,"De Kuip - Rotterdam , Netherlands"
men,1972,10,FIFA World Cup™ Qualifier,38,Sunday 15/10/1972,Group 4,2011,19721015,sle,Sierra Leone,/world-match-centre/teams/country=sle/index.html,civ,C担te d'Ivoire,/world-match-centre/teams/country=civ/index.html,0-1,"FREETOWN - Freetown , Sierra Leone"
men,1972,10,FIFA World Cup™ Qualifier,38,Sunday 29/10/1972,Group 4,2012,19721029,civ,C担te d'Ivoire,/world-match-centre/teams/country=civ/index.html,sle,Sierra Leone,/world-match-centre/teams/country=sle/index.html,2-0,"Felix Houphouet-Boigny - Abidjan , C担te d'Ivoire"
men,1972,10,Friendly,2000010101,Wednesday 04/10/1972,"",48390,19721004,alg,Algeria,/world-match-centre/teams/country=alg/index.html,tur,Turkey,/world-match-centre/teams/country=tur/index.html,1-0,"ALGIERS - Algiers , Algeria"
men,1972,10,Friendly,2000010101,Wednesday 04/10/1972,"",48466,19721004,den,Denmark,/world-match-centre/teams/country=den/index.html,sui,Switzerland,/world-match-centre/teams/country=sui/index.html,1-1,"COPENHAGEN - Copenhagen , Denmark"
men,1972,10,Friendly,2000010101,Saturday 07/10/1972,"",48465,19721007,idn,Indonesia,/world-match-centre/teams/country=idn/index.html,aus,Australia,/world-match-centre/teams/country=aus/index.html,1-4,"JAKARTA - Jakarta , Indonesia"
men,1972,10,Friendly,2000010101,Monday 09/10/1972,"",48464,19721009,aus,Australia,/world-match-centre/teams/country=aus/index.html,nzl,New Zealand,/world-match-centre/teams/country=nzl/index.html,3-1,"JAKARTA - Jakarta , Indonesia"
men,1972,10,Friendly,2000010101,Tuesday 10/10/1972,"",42970,19721010,tan,Tanzania,/world-match-centre/teams/country=tan/index.html,les,Lesotho,/world-match-centre/teams/country=les/index.html,4-1,""
men,1972,10,Friendly,2000010101,Wednesday 11/10/1972,"",48461,19721011,esp,Spain,/world-match-centre/teams/country=esp/index.html,arg,Argentina,/world-match-centre/teams/country=arg/index.html,1-0,"MADRID - Madrid , Spain"
men,1972,10,Friendly,2000010101,Wednesday 11/10/1972,"",48462,19721011,idn,Indonesia,/world-match-centre/teams/country=idn/index.html,nzl,New Zealand,/world-match-centre/teams/country=nzl/index.html,1-1,"JAKARTA - Jakarta , Indonesia"
men,1972,10,Friendly,2000010101,Wednesday 11/10/1972,"",48463,19721011,eng,England,/world-match-centre/teams/country=eng/index.html,yug,Yugoslavia,/world-match-centre/teams/country=yug/index.html,1-1,"Wembley Stadium - London , England"
men,1972,10,Friendly,2000010101,Thursday 12/10/1972,"",48460,19721012,mex,Mexico,/world-match-centre/teams/country=mex/index.html,crc,Costa Rica,/world-match-centre/teams/country=crc/index.html,3-0,"MEXICO CITY - Mexico City , Mexico"
men,1972,10,Friendly,2000010101,Sunday 15/10/1972,"",48457,19721015,vie,South Vietnam,/world-match-centre/teams/country=vie/index.html,aus,Australia,/world-match-centre/teams/country=aus/index.html,0-1,SAIGON - Saigon
men,1972,10,Friendly,2000010101,Sunday 15/10/1972,"",48458,19721015,pol,Poland,/world-match-centre/teams/country=pol/index.html,tch,Czechoslovakia,/world-match-centre/teams/country=tch/index.html,3-0,"WARSAW - Warsaw , Poland"
men,1972,10,Friendly,2000010101,Sunday 22/10/1972,"",48456,19721022,kor,Korea Republic,/world-match-centre/teams/country=kor/index.html,aus,Australia,/world-match-centre/teams/country=aus/index.html,1-1,"SEOUL - Seoul , Korea Republic"
men,1972,10,Friendly,2000010101,Tuesday 24/10/1972,"",48455,19721024,kor,Korea Republic,/world-match-centre/teams/country=kor/index.html,aus,Australia,/world-match-centre/teams/country=aus/index.html,0-2,"SEOUL - Seoul , Korea Republic"
men,1972,10,Friendly,2000010101,Wednesday 25/10/1972,"",48454,19721025,per,Peru,/world-match-centre/teams/country=per/index.html,arg,Argentina,/world-match-centre/teams/country=arg/index.html,0-2,"LIMA - Lima , Peru"
men,1972,10,Friendly,2000010101,Saturday 28/10/1972,"",50990,19721028,vie,South Vietnam,/world-match-centre/teams/country=vie/index.html,mas,Malaysia,/world-match-centre/teams/country=mas/index.html,0-0,SAIGON - Saigon
men,1972,10,Friendly,2000010101,Saturday 28/10/1972,"",50991,19721028,sin,Singapore,/world-match-centre/teams/country=sin/index.html,cam,Khmer,/world-match-centre/teams/country=cam/index.html,1-0,""
men,1972,10,Friendly,2000010101,Sunday 29/10/1972,"",50988,19721029,vie,South Vietnam,/world-match-centre/teams/country=vie/index.html,sin,Singapore,/world-match-centre/teams/country=sin/index.html,4-1,""
men,1972,10,Friendly,2000010101,Sunday 29/10/1972,"",50989,19721029,mas,Malaysia,/world-match-centre/teams/country=mas/index.html,cam,Khmer,/world-match-centre/teams/country=cam/index.html,0-1,SAIGON - Saigon
men,1972,10,Friendly,2000010101,Sunday 29/10/1972,"",48453,19721029,phi,Philippines,/world-match-centre/teams/country=phi/index.html,aus,Australia,/world-match-centre/teams/country=aus/index.html,0-6,"MANILA - Manila , Philippines"
men,1972,10,Friendly,2000010101,Wednesday 01/11/1972,"",48452,19721101,tch,Czechoslovakia,/world-match-centre/teams/country=tch/index.html,gdr,German DR,/world-match-centre/teams/country=gdr/index.html,1-3,BRATISLAVA - Bratislava
men,1972,10,Friendly,2000010101,Wednesday 01/11/1972,"",50986,19721101,vie,South Vietnam,/world-match-centre/teams/country=vie/index.html,cam,Khmer,/world-match-centre/teams/country=cam/index.html,1-2,""
men,1972,10,Friendly,2000010101,Wednesday 01/11/1972,"",50987,19721101,sin,Singapore,/world-match-centre/teams/country=sin/index.html,mas,Malaysia,/world-match-centre/teams/country=mas/index.html,3-1,SAIGON - Saigon
men,1972,11,FIFA World Cup™ Qualifier,33,Wednesday 01/11/1972,Group 3,2095,19721101,ned,Netherlands,/world-match-centre/teams/country=ned/index.html,nor,Norway,/world-match-centre/teams/country=nor/index.html,9-0,"De Kuip - Rotterdam , Netherlands"
men,1972,11,FIFA World Cup™ Qualifier,33,Wednesday 15/11/1972,Group 5,2040,19721115,wal,Wales,/world-match-centre/teams/country=wal/index.html,eng,England,/world-match-centre/teams/country=eng/index.html,0-1,"Arms Park - Cardiff , Wales"
men,1972,11,FIFA World Cup™ Qualifier,33,Wednesday 15/11/1972,Group 8,2031,19721115,sco,Scotland,/world-match-centre/teams/country=sco/index.html,den,Denmark,/world-match-centre/teams/country=den/index.html,2-0,"Hampden Park - Glasgow , Scotland"
men,1972,11,FIFA World Cup™ Qualifier,33,Wednesday 15/11/1972,Group 9,2058,19721115,irl,Republic of Ireland,/world-match-centre/teams/country=irl/index.html,fra,France,/world-match-centre/teams/country=fra/index.html,2-1,"DUBLIN - Dublin , Republic of Ireland"
men,1972,11,FIFA World Cup™ Qualifier,33,Saturday 18/11/1972,Group 7,2074,19721118,yug,Yugoslavia,/world-match-centre/teams/country=yug/index.html,gre,Greece,/world-match-centre/teams/country=gre/index.html,1-0,BELGRADE - Belgrade
men,1972,11,FIFA World Cup™ Qualifier,33,Sunday 19/11/1972,Group 3,1974,19721119,bel,Belgium,/world-match-centre/teams/country=bel/index.html,ned,Netherlands,/world-match-centre/teams/country=ned/index.html,0-0,"De Bosuil - Antwerp , Belgium"
men,1972,11,FIFA World Cup™ Qualifier,33,Sunday 19/11/1972,Group 6,1988,19721119,cyp,Cyprus,/world-match-centre/teams/country=cyp/index.html,bul,Bulgaria,/world-match-centre/teams/country=bul/index.html,0-4,"LYSSI - Lyssi , Cyprus"
men,1972,11,FIFA World Cup™ Qualifier,33,Saturday 25/11/1972,Group 1,1970,19721125,mlt,Malta,/world-match-centre/teams/country=mlt/index.html,aut,Austria,/world-match-centre/teams/country=aut/index.html,0-2,"Ta'Qali National Stadium - Ta'Qali , Malta"
men,1972,11,FIFA World Cup™ Qualifier,34,Friday 10/11/1972,Group 6,1941,19721110,tri,Trinidad and Tobago,/world-match-centre/teams/country=tri/index.html,atg,Antigua and Barbuda,/world-match-centre/teams/country=atg/index.html,11-1,"PORT OF SPAIN - Port Of Spain , Trinidad and Tobago"
men,1972,11,FIFA World Cup™ Qualifier,34,Sunday 19/11/1972,Group 6,1942,19721119,atg,Antigua and Barbuda,/world-match-centre/teams/country=atg/index.html,tri,Trinidad and Tobago,/world-match-centre/teams/country=tri/index.html,1-2,"Jeux Canada Games Stadium - Saint John's , Canada"
men,1972,11,FIFA World Cup™ Qualifier,34,Tuesday 28/11/1972,Group 6,2179,19721128,tri,Trinidad and Tobago,/world-match-centre/teams/country=tri/index.html,sur,Suriname,/world-match-centre/teams/country=sur/index.html,2-1,"PORT OF SPAIN - Port Of Spain , Trinidad and Tobago"
men,1972,11,FIFA World Cup™ Qualifier,34,Thursday 30/11/1972,Group 6,2180,19721130,tri,Trinidad and Tobago,/world-match-centre/teams/country=tri/index.html,sur,Suriname,/world-match-centre/teams/country=sur/index.html,1-1,"PARAMARIBO - Paramaribo , Suriname"
men,1972,11,FIFA World Cup™ Qualifier,38,Sunday 19/11/1972,Group 1,2154,19721119,mar,Morocco,/world-match-centre/teams/country=mar/index.html,sen,Senegal,/world-match-centre/teams/country=sen/index.html,0-0,"Prince Moulay Abdellah Stadium - Rabat , Morocco"
men,1972,11,FIFA World Cup™ Qualifier,38,Saturday 25/11/1972,Group 7,2049,19721125,tan,Tanzania,/world-match-centre/teams/country=tan/index.html,eth,Ethiopia,/world-match-centre/teams/country=eth/index.html,1-1,"Uhuru Stadium - Dar Es Salaam , Tanzania"
men,1972,11,Friendly,2000010101,Wednesday 01/11/1972,"",48452,19721101,tch,Czechoslovakia,/world-match-centre/teams/country=tch/index.html,gdr,German DR,/world-match-centre/teams/country=gdr/index.html,1-3,BRATISLAVA - Bratislava
men,1972,11,Friendly,2000010101,Wednesday 01/11/1972,"",50986,19721101,vie,South Vietnam,/world-match-centre/teams/country=vie/index.html,cam,Khmer,/world-match-centre/teams/country=cam/index.html,1-2,""
men,1972,11,Friendly,2000010101,Wednesday 01/11/1972,"",50987,19721101,sin,Singapore,/world-match-centre/teams/country=sin/index.html,mas,Malaysia,/world-match-centre/teams/country=mas/index.html,3-1,SAIGON - Saigon
men,1972,11,Friendly,2000010101,Wednesday 15/11/1972,"",48451,19721115,frg,Germany FR,/world-match-centre/teams/country=frg/index.html,sui,Switzerland,/world-match-centre/teams/country=sui/index.html,5-1,Rheinstadion - D端Sseldorf
men,1972,11,Friendly,2000010101,Thursday 16/11/1972,"",48450,19721116,tun,Tunisia,/world-match-centre/teams/country=tun/index.html,alg,Algeria,/world-match-centre/teams/country=alg/index.html,1-2,"TUNIS - Tunis , Tunisia"
men,1972,11,Friendly,2000010101,Saturday 18/11/1972,"",51086,19721118,tha,Thailand,/world-match-centre/teams/country=tha/index.html,sin,Singapore,/world-match-centre/teams/country=sin/index.html,4-0,"BANGKOK - Bangkok , Thailand"
men,1972,11,Friendly,2000010101,Monday 20/11/1972,"",51085,19721120,idn,Indonesia,/world-match-centre/teams/country=idn/index.html,sin,Singapore,/world-match-centre/teams/country=sin/index.html,1-2,"BANGKOK - Bangkok , Thailand"
men,1972,11,Friendly,2000010101,Wednesday 22/11/1972,"",51083,19721122,idn,Indonesia,/world-match-centre/teams/country=idn/index.html,kor,Korea Republic,/world-match-centre/teams/country=kor/index.html,1-1,"BANGKOK - Bangkok , Thailand"
men,1972,11,Friendly,2000010101,Friday 24/11/1972,"",51080,19721124,tha,Thailand,/world-match-centre/teams/country=tha/index.html,idn,Indonesia,/world-match-centre/teams/country=idn/index.html,3-0,"BANGKOK - Bangkok , Thailand"
men,1972,11,Friendly,2000010101,Friday 24/11/1972,"",51081,19721124,kor,Korea Republic,/world-match-centre/teams/country=kor/index.html,sin,Singapore,/world-match-centre/teams/country=sin/index.html,2-0,"BANGKOK - Bangkok , Thailand"
men,1972,11,Friendly,2000010101,Sunday 26/11/1972,"",51078,19721126,tha,Thailand,/world-match-centre/teams/country=tha/index.html,kor,Korea Republic,/world-match-centre/teams/country=kor/index.html,1-0,"BANGKOK - Bangkok , Thailand"
men,1972,11,Friendly,2000010101,Tuesday 28/11/1972,"",51088,19721128,kor,Korea Republic,/world-match-centre/teams/country=kor/index.html,sin,Singapore,/world-match-centre/teams/country=sin/index.html,0-0,"BANGKOK - Bangkok , Thailand"
men,1972,11,Friendly,2000010101,Wednesday 29/11/1972,"",42961,19721129,gha,Ghana,/world-match-centre/teams/country=gha/index.html,civ,Ivory Coast,/world-match-centre/teams/country=civ/index.html,0-1,"ACCRA - Accra , Ghana"
men,1972,11,Friendly,2000010101,Thursday 30/11/1972,"",42962,19721130,gha,Ghana,/world-match-centre/teams/country=gha/index.html,liberia-43865,Liberia,/world-match-centre/clubs/club=liberia-43865/index.html,0-1,"ACCRA - Accra , Ghana"
men,1972,12,FIFA World Cup™ Qualifier,33,Sunday 10/12/1972,Group 2,2152,19721210,tur,Turkey,/world-match-centre/teams/country=tur/index.html,lux,Luxembourg,/world-match-centre/teams/country=lux/index.html,3-0,"ISTANBUL - Istanbul , Turkey"
men,1972,12,FIFA World Cup™ Qualifier,34,Sunday 03/12/1972,Group 2,2042,19721203,gua,Guatemala,/world-match-centre/teams/country=gua/index.html,slv,El Salvador,/world-match-centre/teams/country=slv/index.html,1-0,"Mateo Flores - Guatemala City , Guatemala"
men,1972,12,FIFA World Cup™ Qualifier,34,Sunday 03/12/1972,Group 3,2022,19721203,hon,Honduras,/world-match-centre/teams/country=hon/index.html,crc,Costa Rica,/world-match-centre/teams/country=crc/index.html,2-1,"TEGUCIGALPA - Tegucigalpa , Honduras"
men,1972,12,FIFA World Cup™ Qualifier,34,Sunday 03/12/1972,Group 6,1939,19721203,sur,Suriname,/world-match-centre/teams/country=sur/index.html,atg,Antigua and Barbuda,/world-match-centre/teams/country=atg/index.html,6-0,"Jeux Canada Games Stadium - Saint John's , Canada"
men,1972,12,FIFA World Cup™ Qualifier,34,Tuesday 05/12/1972,Group 6,1940,19721205,atg,Antigua and Barbuda,/world-match-centre/teams/country=atg/index.html,sur,Suriname,/world-match-centre/teams/country=sur/index.html,1-3,"Jeux Canada Games Stadium - Saint John's , Canada"
men,1972,12,FIFA World Cup™ Qualifier,34,Sunday 10/12/1972,Group 2,2043,19721210,slv,El Salvador,/world-match-centre/teams/country=slv/index.html,gua,Guatemala,/world-match-centre/teams/country=gua/index.html,0-1,"SAN SALVADOR - San Salvador , El Salvador"
men,1972,12,FIFA World Cup™ Qualifier,34,Sunday 10/12/1972,Group 3,2023,19721210,crc,Costa Rica,/world-match-centre/teams/country=crc/index.html,hon,Honduras,/world-match-centre/teams/country=hon/index.html,3-3,"SAN JOSE - San Jose , Costa Rica"
men,1972,12,FIFA World Cup™ Qualifier,38,Sunday 03/12/1972,Group 1,2155,19721203,sen,Senegal,/world-match-centre/teams/country=sen/index.html,mar,Morocco,/world-match-centre/teams/country=mar/index.html,1-2,"Dempa Diop - Dakar , Senegal"
men,1972,12,FIFA World Cup™ Qualifier,38,Sunday 03/12/1972,Group 7,2050,19721203,eth,Ethiopia,/world-match-centre/teams/country=eth/index.html,tan,Tanzania,/world-match-centre/teams/country=tan/index.html,0-0,"Haile Selassie - Addis Ababa , Ethiopia"
men,1972,12,FIFA World Cup™ Qualifier,38,Friday 08/12/1972,Group 3,2036,19721208,egy,Egypt,/world-match-centre/teams/country=egy/index.html,tun,Tunisia,/world-match-centre/teams/country=tun/index.html,2-1,"Nasser - Cairo , Egypt"
men,1972,12,FIFA World Cup™ Qualifier,38,Sunday 10/12/1972,Group 7 - Play-off,2051,19721210,eth,Ethiopia,/world-match-centre/teams/country=eth/index.html,tan,Tanzania,/world-match-centre/teams/country=tan/index.html,3-0,"Haile Selassie - Addis Ababa , Ethiopia"
men,1972,12,FIFA World Cup™ Qualifier,38,Sunday 10/12/1972,Group 3,2135,19721210,mri,Mauritius,/world-match-centre/teams/country=mri/index.html,ken,Kenya,/world-match-centre/teams/country=ken/index.html,1-3,"King George V - Curepipe , Mauritius"
men,1972,12,FIFA World Cup™ Qualifier,38,Sunday 17/12/1972,Group 3,2037,19721217,tun,Tunisia,/world-match-centre/teams/country=tun/index.html,egy,Egypt,/world-match-centre/teams/country=egy/index.html,2-0,"RADES - Rades , Tunisia"
men,1972,12,FIFA World Cup™ Qualifier,38,Sunday 17/12/1972,Group 3,2136,19721217,ken,Kenya,/world-match-centre/teams/country=ken/index.html,mri,Mauritius,/world-match-centre/teams/country=mri/index.html,2-2,"NAIROBI - Nairobi , Kenya"
men,1972,12,Friendly,2000010101,Friday 01/12/1972,"",42963,19721201,gha,Ghana,/world-match-centre/teams/country=gha/index.html,sle,Sierra Leone,/world-match-centre/teams/country=sle/index.html,1-1,"ACCRA - Accra , Ghana"
