women,2009,1,Friendly Women,2000010102,Saturday 10/01/2009,"",300076157,20090110,chn,China PR,/world-match-centre/teams/country=chn/women/index.html,nzl,New Zealand,/world-match-centre/teams/country=nzl/women/index.html,6-0,"GUANGZHOU - Guangzhou , China PR"
women,2009,1,Friendly Women,2000010102,Saturday 10/01/2009,"",300076158,20090110,fin,Finland,/world-match-centre/teams/country=fin/women/index.html,kor,Korea Republic,/world-match-centre/teams/country=kor/women/index.html,0-4,"GUANGZHOU - Guangzhou , China PR"
women,2009,1,Friendly Women,2000010102,Monday 12/01/2009,"",300076155,20090112,nzl,New Zealand,/world-match-centre/teams/country=nzl/women/index.html,kor,Korea Republic,/world-match-centre/teams/country=kor/women/index.html,3-4,"GUANGZHOU - Guangzhou , China PR"
women,2009,1,Friendly Women,2000010102,Monday 12/01/2009,"",300076156,20090112,chn,China PR,/world-match-centre/teams/country=chn/women/index.html,fin,Finland,/world-match-centre/teams/country=fin/women/index.html,1-0,"GUANGZHOU - Guangzhou , China PR"
women,2009,1,Friendly Women,2000010102,Wednesday 14/01/2009,"",300076153,20090114,chn,China PR,/world-match-centre/teams/country=chn/women/index.html,kor,Korea Republic,/world-match-centre/teams/country=kor/women/index.html,1-0,"GUANGZHOU - Guangzhou , China PR"
women,2009,1,Friendly Women,2000010102,Wednesday 14/01/2009,"",300076154,20090114,nzl,New Zealand,/world-match-centre/teams/country=nzl/women/index.html,fin,Finland,/world-match-centre/teams/country=fin/women/index.html,0-2,"GUANGZHOU - Guangzhou , China PR"
women,2009,1,Friendly Women,2000010102,Saturday 31/01/2009,"",300076867,20090131,swe,Sweden,/world-match-centre/teams/country=swe/women/index.html,nor,Norway,/world-match-centre/teams/country=nor/women/index.html,5-1,"ESTEPONA - Estepona , Spain"
women,2009,1,Friendly Women,2000010102,Saturday 31/01/2009,"",300076152,20090131,aus,Australia,/world-match-centre/teams/country=aus/women/index.html,ita,Italy,/world-match-centre/teams/country=ita/women/index.html,2-2,"Pirtek Stadium - Sydney , Australia"
women,2009,2,Friendly Women,2000010102,Saturday 07/02/2009,"",300076150,20090207,aus,Australia,/world-match-centre/teams/country=aus/women/index.html,ita,Italy,/world-match-centre/teams/country=ita/women/index.html,1-5,"Canberra Stadium - Canberra , Australia"
women,2009,2,Friendly Women,2000010102,Monday 09/02/2009,"",300079461,20090209,fin,Finland,/world-match-centre/teams/country=fin/women/index.html,eng,England,/world-match-centre/teams/country=eng/women/index.html,2-2,"LARNACA - Larnaca , Cyprus"
women,2009,2,Friendly Women,2000010102,Wednesday 11/02/2009,"",300079460,20090211,fin,Finland,/world-match-centre/teams/country=fin/women/index.html,eng,England,/world-match-centre/teams/country=eng/women/index.html,1-4,"LARNACA - Larnaca , Cyprus"
women,2009,2,Friendly Women,2000010102,Thursday 12/02/2009,"",300076220,20090212,fra,France,/world-match-centre/teams/country=fra/women/index.html,irl,Republic of Ireland,/world-match-centre/teams/country=irl/women/index.html,2-0,"BLOIS - Blois , France"
women,2009,2,Friendly Women,2000010102,Wednesday 25/02/2009,"",300076138,20090225,ger,Germany,/world-match-centre/teams/country=ger/women/index.html,chn,China PR,/world-match-centre/teams/country=chn/women/index.html,1-1,"Sch端co Arena - Bielefeld , Germany"
women,2009,3,Friendly Women,2000010102,Wednesday 04/03/2009,"",300080040,20090304,ger,Germany,/world-match-centre/teams/country=ger/women/index.html,fin,Finland,/world-match-centre/teams/country=fin/women/index.html,2-0,"Est叩dio Municipal - Albufeira , Portugal"
women,2009,3,Friendly Women,2000010102,Wednesday 04/03/2009,"",300080045,20090304,nor,Norway,/world-match-centre/teams/country=nor/women/index.html,isl,Iceland,/world-match-centre/teams/country=isl/women/index.html,1-3,"Estadio Jose Arcanjo - Olhao , Portugal"
women,2009,3,Friendly Women,2000010102,Wednesday 04/03/2009,"",300080051,20090304,wal,Wales,/world-match-centre/teams/country=wal/women/index.html,aut,Austria,/world-match-centre/teams/country=aut/women/index.html,1-2,"Estadio da Restinga - Alvor , Portugal"
women,2009,3,Friendly Women,2000010102,Wednesday 04/03/2009,"",300080052,20090304,por,Portugal,/world-match-centre/teams/country=por/women/index.html,pol,Poland,/world-match-centre/teams/country=pol/women/index.html,2-1,"Est叩dio Municipal - Albufeira , Portugal"
women,2009,3,Friendly Women,2000010102,Wednesday 04/03/2009,"",300080046,20090304,usa,USA,/world-match-centre/teams/country=usa/women/index.html,den,Denmark,/world-match-centre/teams/country=den/women/index.html,2-0,"Est叩dio Municipal - Lagos , Portugal"
women,2009,3,Friendly Women,2000010102,Wednesday 04/03/2009,"",300080039,20090304,chn,China PR,/world-match-centre/teams/country=chn/women/index.html,swe,Sweden,/world-match-centre/teams/country=swe/women/index.html,0-0,"Est叩dio Municipal - Lagos , Portugal"
women,2009,3,Friendly Women,2000010102,Thursday 05/03/2009,"",300080911,20090305,can,Canada,/world-match-centre/teams/country=can/women/index.html,nzl,New Zealand,/world-match-centre/teams/country=nzl/women/index.html,1-1,"Municipal Stadium Tasos Marcou - Paralimni , Cyprus"
women,2009,3,Friendly Women,2000010102,Thursday 05/03/2009,"",300080912,20090305,rus,Russia,/world-match-centre/teams/country=rus/women/index.html,ned,Netherlands,/world-match-centre/teams/country=ned/women/index.html,1-2,"Makarion Athletic Centre - Nicosia , Cyprus"
women,2009,3,Friendly Women,2000010102,Thursday 05/03/2009,"",300080905,20090305,fra,France,/world-match-centre/teams/country=fra/women/index.html,sco,Scotland,/world-match-centre/teams/country=sco/women/index.html,2-0,"Ammochostos Stadium - Larnaca , Cyprus"
women,2009,3,Friendly Women,2000010102,Thursday 05/03/2009,"",300080906,20090305,eng,England,/world-match-centre/teams/country=eng/women/index.html,rsa,South Africa,/world-match-centre/teams/country=rsa/women/index.html,6-0,"GSZ Stadium - Larnaca , Cyprus"
women,2009,3,Friendly Women,2000010102,Friday 06/03/2009,"",300080044,20090306,usa,USA,/world-match-centre/teams/country=usa/women/index.html,isl,Iceland,/world-match-centre/teams/country=isl/women/index.html,1-0,"Estadio da Nora - Ferreiras , Portugal"
women,2009,3,Friendly Women,2000010102,Friday 06/03/2009,"",300080050,20090306,por,Portugal,/world-match-centre/teams/country=por/women/index.html,wal,Wales,/world-match-centre/teams/country=wal/women/index.html,2-1,"Est叩dio Municipal - Albufeira , Portugal"
women,2009,3,Friendly Women,2000010102,Friday 06/03/2009,"",300080037,20090306,ger,Germany,/world-match-centre/teams/country=ger/women/index.html,chn,China PR,/world-match-centre/teams/country=chn/women/index.html,3-0,"Est叩dio Municipal - Albufeira , Portugal"
women,2009,3,Friendly Women,2000010102,Friday 06/03/2009,"",300080038,20090306,swe,Sweden,/world-match-centre/teams/country=swe/women/index.html,fin,Finland,/world-match-centre/teams/country=fin/women/index.html,1-0,"Est叩dio Municipal - Lagos , Portugal"
women,2009,3,Friendly Women,2000010102,Friday 06/03/2009,"",300080043,20090306,den,Denmark,/world-match-centre/teams/country=den/women/index.html,nor,Norway,/world-match-centre/teams/country=nor/women/index.html,2-0,"Est叩dio Municipal - Lagos , Portugal"
women,2009,3,Friendly Women,2000010102,Friday 06/03/2009,"",300080049,20090306,aut,Austria,/world-match-centre/teams/country=aut/women/index.html,pol,Poland,/world-match-centre/teams/country=pol/women/index.html,1-1,"Estadio Municipal de V.R.S. Antonio - Vila Real St. Antonio , Portugal"
women,2009,3,Friendly Women,2000010102,Saturday 07/03/2009,"",300080904,20090307,eng,England,/world-match-centre/teams/country=eng/women/index.html,fra,France,/world-match-centre/teams/country=fra/women/index.html,2-2,"Municipal Stadium Tasos Marcou - Paralimni , Cyprus"
women,2009,3,Friendly Women,2000010102,Saturday 07/03/2009,"",300080909,20090307,nzl,New Zealand,/world-match-centre/teams/country=nzl/women/index.html,rus,Russia,/world-match-centre/teams/country=rus/women/index.html,2-4,"Neo GSP Stadium - Nicosia , Cyprus"
women,2009,3,Friendly Women,2000010102,Saturday 07/03/2009,"",300080903,20090307,rsa,South Africa,/world-match-centre/teams/country=rsa/women/index.html,sco,Scotland,/world-match-centre/teams/country=sco/women/index.html,2-0,"Neo GSP Stadium - Nicosia , Cyprus"
women,2009,3,Friendly Women,2000010102,Saturday 07/03/2009,"",300080910,20090307,ned,Netherlands,/world-match-centre/teams/country=ned/women/index.html,can,Canada,/world-match-centre/teams/country=can/women/index.html,1-2,"GSZ Stadium - Larnaca , Cyprus"
women,2009,3,Friendly Women,2000010102,Sunday 08/03/2009,"",300076139,20090308,svn,Slovenia,/world-match-centre/teams/country=svn/women/index.html,sui,Switzerland,/world-match-centre/teams/country=sui/women/index.html,0-5,"SEZANA - Sezana , Slovenia"
women,2009,3,Friendly Women,2000010102,Monday 09/03/2009,"",300080035,20090309,swe,Sweden,/world-match-centre/teams/country=swe/women/index.html,ger,Germany,/world-match-centre/teams/country=ger/women/index.html,3-2,"Estadio Algarve - Faro , Portugal"
women,2009,3,Friendly Women,2000010102,Monday 09/03/2009,"",300080041,20090309,isl,Iceland,/world-match-centre/teams/country=isl/women/index.html,den,Denmark,/world-match-centre/teams/country=den/women/index.html,0-2,"Estadio Municipal - Silves , Portugal"
women,2009,3,Friendly Women,2000010102,Monday 09/03/2009,"",300080042,20090309,nor,Norway,/world-match-centre/teams/country=nor/women/index.html,usa,USA,/world-match-centre/teams/country=usa/women/index.html,0-1,"Est叩dio Municipal - Albufeira , Portugal"
women,2009,3,Friendly Women,2000010102,Monday 09/03/2009,"",300080047,20090309,pol,Poland,/world-match-centre/teams/country=pol/women/index.html,wal,Wales,/world-match-centre/teams/country=wal/women/index.html,1-5,"Estadio Municipal de Loule - Loule , Portugal"
women,2009,3,Friendly Women,2000010102,Monday 09/03/2009,"",300080048,20090309,por,Portugal,/world-match-centre/teams/country=por/women/index.html,aut,Austria,/world-match-centre/teams/country=aut/women/index.html,1-0,"Estadio Algarve - Faro , Portugal"
women,2009,3,Friendly Women,2000010102,Monday 09/03/2009,"",300080036,20090309,fin,Finland,/world-match-centre/teams/country=fin/women/index.html,chn,China PR,/world-match-centre/teams/country=chn/women/index.html,0-1,"Estadio Municipal de V.R.S. Antonio - Vila Real St. Antonio , Portugal"
women,2009,3,Friendly Women,2000010102,Tuesday 10/03/2009,"",300080907,20090310,nzl,New Zealand,/world-match-centre/teams/country=nzl/women/index.html,ned,Netherlands,/world-match-centre/teams/country=ned/women/index.html,2-0,"Municipal Stadium Tasos Marcou - Paralimni , Cyprus"
women,2009,3,Friendly Women,2000010102,Tuesday 10/03/2009,"",300080908,20090310,can,Canada,/world-match-centre/teams/country=can/women/index.html,rus,Russia,/world-match-centre/teams/country=rus/women/index.html,2-0,"Ammochostos Stadium - Larnaca , Cyprus"
women,2009,3,Friendly Women,2000010102,Tuesday 10/03/2009,"",300080901,20090310,fra,France,/world-match-centre/teams/country=fra/women/index.html,rsa,South Africa,/world-match-centre/teams/country=rsa/women/index.html,3-2,"Makarion Athletic Centre - Nicosia , Cyprus"
women,2009,3,Friendly Women,2000010102,Tuesday 10/03/2009,"",300080902,20090310,sco,Scotland,/world-match-centre/teams/country=sco/women/index.html,eng,England,/world-match-centre/teams/country=eng/women/index.html,0-3,"GSZ Stadium - Larnaca , Cyprus"
women,2009,3,Friendly Women,2000010102,Wednesday 11/03/2009,"",300087278,20090311,swe,Sweden,/world-match-centre/teams/country=swe/women/index.html,usa,USA,/world-match-centre/teams/country=usa/women/index.html,1-1 (4-3) Win on penalty,"Estadio Algarve - Faro , Portugal"
women,2009,3,Friendly Women,2000010102,Wednesday 11/03/2009,"",300087279,20090311,den,Denmark,/world-match-centre/teams/country=den/women/index.html,ger,Germany,/world-match-centre/teams/country=ger/women/index.html,1-0,"Estadio Algarve - Faro , Portugal"
women,2009,3,Friendly Women,2000010102,Wednesday 11/03/2009,"",300087280,20090311,chn,China PR,/world-match-centre/teams/country=chn/women/index.html,isl,Iceland,/world-match-centre/teams/country=isl/women/index.html,2-1,"Estadio Jose Arcanjo - Olhao , Portugal"
women,2009,3,Friendly Women,2000010102,Wednesday 11/03/2009,"",300087281,20090311,por,Portugal,/world-match-centre/teams/country=por/women/index.html,fin,Finland,/world-match-centre/teams/country=fin/women/index.html,1-1 (2-4) Win on penalty,"Est叩dio Municipal - Lagos , Portugal"
women,2009,3,Friendly Women,2000010102,Wednesday 11/03/2009,"",300087282,20090311,aut,Austria,/world-match-centre/teams/country=aut/women/index.html,nor,Norway,/world-match-centre/teams/country=nor/women/index.html,0-2,"Estadio Municipal de Loule - Loule , Portugal"
women,2009,3,Friendly Women,2000010102,Wednesday 11/03/2009,"",300087283,20090311,wal,Wales,/world-match-centre/teams/country=wal/women/index.html,pol,Poland,/world-match-centre/teams/country=pol/women/index.html,1-2,"Complexo Desp. Montechoro - Montechoro , Portugal"
women,2009,3,Friendly Women,2000010102,Thursday 12/03/2009,"",300087287,20090312,sco,Scotland,/world-match-centre/teams/country=sco/women/index.html,rus,Russia,/world-match-centre/teams/country=rus/women/index.html,2-1,"Neo GSP Stadium - Nicosia , Cyprus"
women,2009,3,Friendly Women,2000010102,Thursday 12/03/2009,"",300087285,20090312,fra,France,/world-match-centre/teams/country=fra/women/index.html,nzl,New Zealand,/world-match-centre/teams/country=nzl/women/index.html,1-1 (6-5) Win on penalty,"Neo GSP Stadium - Nicosia , Cyprus"
women,2009,3,Friendly Women,2000010102,Thursday 12/03/2009,"",300087286,20090312,ned,Netherlands,/world-match-centre/teams/country=ned/women/index.html,rsa,South Africa,/world-match-centre/teams/country=rsa/women/index.html,5-0,"Neo GSP Stadium - Nicosia , Cyprus"
women,2009,3,Friendly Women,2000010102,Thursday 12/03/2009,"",300087284,20090312,eng,England,/world-match-centre/teams/country=eng/women/index.html,can,Canada,/world-match-centre/teams/country=can/women/index.html,3-1,"Neo GSP Stadium - Nicosia , Cyprus"
women,2009,3,Friendly Women,2000010102,Friday 20/03/2009,"",300076145,20090320,cze,Czech Republic,/world-match-centre/teams/country=cze/women/index.html,svk,Slovakia,/world-match-centre/teams/country=svk/women/index.html,0-0,"HOVORANY - Hovorany , Czech Republic"
women,2009,3,Friendly Women,2000010102,Sunday 22/03/2009,"",300076148,20090322,svk,Slovakia,/world-match-centre/teams/country=svk/women/index.html,cze,Czech Republic,/world-match-centre/teams/country=cze/women/index.html,1-1,"BREZOVA - Brezova , Slovakia"
women,2009,3,Friendly Women,2000010102,Friday 27/03/2009,"",300080124,20090327,bel,Belgium,/world-match-centre/teams/country=bel/women/index.html,rou,Romania,/world-match-centre/teams/country=rou/women/index.html,1-2,"LEUVEN - Leuven , Belgium"
women,2009,3,Friendly Women,2000010102,Sunday 29/03/2009,"",300077038,20090329,bel,Belgium,/world-match-centre/teams/country=bel/women/index.html,rou,Romania,/world-match-centre/teams/country=rou/women/index.html,0-0,"LEUVEN - Leuven , Belgium"
women,2009,3,Friendly Women Futsal,2000010106,Saturday 28/03/2009,"",300225175,20090328,esp,Spain,/world-match-centre/teams/country=esp/women/index.html,ned,Netherlands,/world-match-centre/teams/country=ned/women/index.html,9-2,"LAS ROZAS - Las Rozas , Spain"
women,2009,3,Friendly Women Futsal,2000010106,Sunday 29/03/2009,"",300225180,20090329,esp,Spain,/world-match-centre/teams/country=esp/women/index.html,ned,Netherlands,/world-match-centre/teams/country=ned/women/index.html,7-1,"LAS ROZAS - Las Rozas , Spain"
women,2009,4,FIFA Women's World Cup Qualifier,253335,Saturday 25/04/2009,,300090655,20090425,jor,Jordan,/world-match-centre/teams/country=jor/women/index.html,kgz,Kyrgyzstan,/world-match-centre/teams/country=kgz/women/index.html,7-1,"KLFA Stadium - Kuala Lumpur , Malaysia"
women,2009,4,FIFA Women's World Cup Qualifier,253335,Saturday 25/04/2009,,300090654,20090425,mdv,Maldives,/world-match-centre/teams/country=mdv/women/index.html,ple,Palestine,/world-match-centre/teams/country=ple/women/index.html,0-4,"KLFA Stadium - Kuala Lumpur , Malaysia"
women,2009,4,FIFA Women's World Cup Qualifier,253335,Monday 27/04/2009,,300090652,20090427,mdv,Maldives,/world-match-centre/teams/country=mdv/women/index.html,uzb,Uzbekistan,/world-match-centre/teams/country=uzb/women/index.html,0-5,"KLFA Stadium - Kuala Lumpur , Malaysia"
women,2009,4,FIFA Women's World Cup Qualifier,253335,Monday 27/04/2009,,300090653,20090427,kgz,Kyrgyzstan,/world-match-centre/teams/country=kgz/women/index.html,ple,Palestine,/world-match-centre/teams/country=ple/women/index.html,4-1,"KLFA Stadium - Kuala Lumpur , Malaysia"
women,2009,4,FIFA Women's World Cup Qualifier,253335,Wednesday 29/04/2009,,300090650,20090429,ple,Palestine,/world-match-centre/teams/country=ple/women/index.html,uzb,Uzbekistan,/world-match-centre/teams/country=uzb/women/index.html,0-5,"KLFA Stadium - Kuala Lumpur , Malaysia"
women,2009,4,FIFA Women's World Cup Qualifier,253335,Wednesday 29/04/2009,,300090651,20090429,jor,Jordan,/world-match-centre/teams/country=jor/women/index.html,mdv,Maldives,/world-match-centre/teams/country=mdv/women/index.html,9-0,"KLFA Stadium - Kuala Lumpur , Malaysia"
women,2009,4,FIFA Women's World Cup Qualifier,253335,Friday 01/05/2009,,300090647,20090501,jor,Jordan,/world-match-centre/teams/country=jor/women/index.html,ple,Palestine,/world-match-centre/teams/country=ple/women/index.html,5-0,"KLFA Stadium - Kuala Lumpur , Malaysia"
women,2009,4,FIFA Women's World Cup Qualifier,253335,Friday 01/05/2009,,300090646,20090501,kgz,Kyrgyzstan,/world-match-centre/teams/country=kgz/women/index.html,uzb,Uzbekistan,/world-match-centre/teams/country=uzb/women/index.html,0-2,"KLFA Stadium - Kuala Lumpur , Malaysia"
women,2009,4,Friendly Women,2000010102,Friday 03/04/2009,"",300090261,20090403,hkg,Hong Kong,/world-match-centre/teams/country=hkg/women/index.html,phi,Philippines,/world-match-centre/teams/country=phi/women/index.html,2-0,"Siu Sai Wan Sports Ground - Hong Kong , Hong Kong"
women,2009,4,Friendly Women,2000010102,Sunday 05/04/2009,"",300090260,20090405,idn,Indonesia,/world-match-centre/teams/country=idn/women/index.html,phi,Philippines,/world-match-centre/teams/country=phi/women/index.html,1-0,"Siu Sai Wan Sports Ground - Hong Kong , Hong Kong"
women,2009,4,Friendly Women,2000010102,Wednesday 08/04/2009,"",300077037,20090408,sco,Scotland,/world-match-centre/teams/country=sco/women/index.html,ita,Italy,/world-match-centre/teams/country=ita/women/index.html,1-4,"Rugby Park - Kilmarnock , Scotland"
women,2009,4,Friendly Women,2000010102,Saturday 11/04/2009,"",300082878,20090411,bih,Bosnia and Herzegovina,/world-match-centre/teams/country=bih/women/index.html,ltu,Lithuania,/world-match-centre/teams/country=ltu/women/index.html,2-0,"NK Granicar - Durdevac , Croatia"
women,2009,4,Friendly Women,2000010102,Saturday 11/04/2009,"",300082879,20090411,cro,Croatia,/world-match-centre/teams/country=cro/women/index.html,fro,Faroe Islands,/world-match-centre/teams/country=fro/women/index.html,1-3,"Sports Park Podravac - Virje , Croatia"
women,2009,4,Friendly Women,2000010102,Monday 13/04/2009,"",300082876,20090413,cro,Croatia,/world-match-centre/teams/country=cro/women/index.html,ltu,Lithuania,/world-match-centre/teams/country=ltu/women/index.html,6-0,"Krbuljin - Molve , Croatia"
women,2009,4,Friendly Women,2000010102,Monday 13/04/2009,"",300082877,20090413,fro,Faroe Islands,/world-match-centre/teams/country=fro/women/index.html,bih,Bosnia and Herzegovina,/world-match-centre/teams/country=bih/women/index.html,2-3,"NK Pitomaca - Pitomaca , Croatia"
women,2009,4,Friendly Women,2000010102,Thursday 16/04/2009,"",300082874,20090416,ltu,Lithuania,/world-match-centre/teams/country=ltu/women/index.html,fro,Faroe Islands,/world-match-centre/teams/country=fro/women/index.html,1-3,"City Stadium - Krizevci , Croatia"
women,2009,4,Friendly Women,2000010102,Thursday 16/04/2009,"",300082875,20090416,cro,Croatia,/world-match-centre/teams/country=cro/women/index.html,bih,Bosnia and Herzegovina,/world-match-centre/teams/country=bih/women/index.html,3-2,"Gradski - Koprivnica , Croatia"
women,2009,4,Friendly Women,2000010102,Thursday 16/04/2009,"",300090764,20090416,cub,Cuba,/world-match-centre/teams/country=cub/women/index.html,ven,Venezuela,/world-match-centre/teams/country=ven/women/index.html,0-6,"Estadio 26 de Julio - Artemisa , Cuba"
women,2009,4,Friendly Women,2000010102,Saturday 18/04/2009,"",300090763,20090418,cub,Cuba,/world-match-centre/teams/country=cub/women/index.html,ven,Venezuela,/world-match-centre/teams/country=ven/women/index.html,1-1,"Estadio 26 de Julio - Artemisa , Cuba"
women,2009,4,Friendly Women,2000010102,Monday 20/04/2009,"",300090762,20090420,cub,Cuba,/world-match-centre/teams/country=cub/women/index.html,ven,Venezuela,/world-match-centre/teams/country=ven/women/index.html,0-2,"Estadio 26 de Julio - Artemisa , Cuba"
women,2009,4,Friendly Women,2000010102,Wednesday 22/04/2009,"",300076140,20090422,fra,France,/world-match-centre/teams/country=fra/women/index.html,sui,Switzerland,/world-match-centre/teams/country=sui/women/index.html,2-0,"DIJON - Dijon , France"
women,2009,4,Friendly Women,2000010102,Wednesday 22/04/2009,"",300076159,20090422,ger,Germany,/world-match-centre/teams/country=ger/women/index.html,bra,Brazil,/world-match-centre/teams/country=bra/women/index.html,1-1,"Commerzbank Arena - Frankfurt/Main , Germany"
women,2009,4,Friendly Women,2000010102,Thursday 23/04/2009,"",300080292,20090423,eng,England,/world-match-centre/teams/country=eng/women/index.html,nor,Norway,/world-match-centre/teams/country=nor/women/index.html,3-0,"Greenhous Meadow - Shrewsbury , England"
women,2009,4,Friendly Women,2000010102,Thursday 23/04/2009,"",300096023,20090423,mas,Malaysia,/world-match-centre/teams/country=mas/women/index.html,kgz,Kyrgyzstan,/world-match-centre/teams/country=kgz/women/index.html,5-1,"KUALA LUMPUR - Kuala Lumpur , Malaysia"
women,2009,4,Friendly Women,2000010102,Friday 24/04/2009,"",300090522,20090424,est,Estonia,/world-match-centre/teams/country=est/women/index.html,lva,Latvia,/world-match-centre/teams/country=lva/women/index.html,5-0,"POLVA - Polva , Estonia"
women,2009,4,Friendly Women,2000010102,Saturday 25/04/2009,"",300076137,20090425,isl,Iceland,/world-match-centre/teams/country=isl/women/index.html,ned,Netherlands,/world-match-centre/teams/country=ned/women/index.html,1-1,"Korinn Stadium - Kopavogur , Iceland"
women,2009,4,Friendly Women,2000010102,Saturday 25/04/2009,"",300076141,20090425,fra,France,/world-match-centre/teams/country=fra/women/index.html,sui,Switzerland,/world-match-centre/teams/country=sui/women/index.html,1-0,"COLMAR - Colmar , France"
women,2009,4,Friendly Women,2000010102,Saturday 25/04/2009,"",300087288,20090425,swe,Sweden,/world-match-centre/teams/country=swe/women/index.html,bra,Brazil,/world-match-centre/teams/country=bra/women/index.html,3-1,"Nya Ullevi - Gothenburg , Sweden"
women,2009,4,Friendly Women,2000010102,Saturday 25/04/2009,"",300090521,20090425,lva,Latvia,/world-match-centre/teams/country=lva/women/index.html,ltu,Lithuania,/world-match-centre/teams/country=ltu/women/index.html,1-3,"POLVA - Polva , Estonia"
women,2009,4,Friendly Women,2000010102,Sunday 26/04/2009,"",300090520,20090426,est,Estonia,/world-match-centre/teams/country=est/women/index.html,ltu,Lithuania,/world-match-centre/teams/country=ltu/women/index.html,1-0,"POLVA - Polva , Estonia"
women,2009,5,FIFA Women's World Cup Qualifier,253335,Friday 01/05/2009,,300090647,20090501,jor,Jordan,/world-match-centre/teams/country=jor/women/index.html,ple,Palestine,/world-match-centre/teams/country=ple/women/index.html,5-0,"KLFA Stadium - Kuala Lumpur , Malaysia"
women,2009,5,FIFA Women's World Cup Qualifier,253335,Friday 01/05/2009,,300090646,20090501,kgz,Kyrgyzstan,/world-match-centre/teams/country=kgz/women/index.html,uzb,Uzbekistan,/world-match-centre/teams/country=uzb/women/index.html,0-2,"KLFA Stadium - Kuala Lumpur , Malaysia"
women,2009,5,FIFA Women's World Cup Qualifier,253335,Sunday 03/05/2009,,300090648,20090503,kgz,Kyrgyzstan,/world-match-centre/teams/country=kgz/women/index.html,mdv,Maldives,/world-match-centre/teams/country=mdv/women/index.html,2-0,"KLFA Stadium - Kuala Lumpur , Malaysia"
women,2009,5,FIFA Women's World Cup Qualifier,253335,Sunday 03/05/2009,,300090649,20090503,jor,Jordan,/world-match-centre/teams/country=jor/women/index.html,uzb,Uzbekistan,/world-match-centre/teams/country=uzb/women/index.html,2-2,"KLFA Stadium - Kuala Lumpur , Malaysia"
women,2009,5,Friendly Women,2000010102,Monday 11/05/2009,"",300082884,20090511,geo,Georgia,/world-match-centre/teams/country=geo/women/index.html,mkd,FYR Macedonia,/world-match-centre/teams/country=mkd/women/index.html,3-1,"Poladi - Rustavi , Georgia"
women,2009,5,Friendly Women,2000010102,Monday 11/05/2009,"",300082885,20090511,aze,Azerbaijan,/world-match-centre/teams/country=aze/women/index.html,tur,Turkey,/world-match-centre/teams/country=tur/women/index.html,0-1,"Mikheil Meskhi Stadium (Lokomotivi) - Tbilisi , Georgia"
women,2009,5,Friendly Women,2000010102,Tuesday 12/05/2009,"",300086501,20090512,sco,Scotland,/world-match-centre/teams/country=sco/women/index.html,nir,Northern Ireland,/world-match-centre/teams/country=nir/women/index.html,3-1,"Forthbank Stadium - Stirling , Scotland"
women,2009,5,Friendly Women,2000010102,Tuesday 12/05/2009,"",300082873,20090512,arm,Armenia,/world-match-centre/teams/country=arm/women/index.html,est,Estonia,/world-match-centre/teams/country=est/women/index.html,0-3,"Abovyan City Stadium - Abovyan , Armenia"
women,2009,5,Friendly Women,2000010102,Wednesday 13/05/2009,"",300082882,20090513,geo,Georgia,/world-match-centre/teams/country=geo/women/index.html,tur,Turkey,/world-match-centre/teams/country=tur/women/index.html,0-4,"Poladi - Rustavi , Georgia"
women,2009,5,Friendly Women,2000010102,Wednesday 13/05/2009,"",300082883,20090513,mkd,FYR Macedonia,/world-match-centre/teams/country=mkd/women/index.html,aze,Azerbaijan,/world-match-centre/teams/country=aze/women/index.html,0-4,"Mikheil Meskhi Stadium (Lokomotivi) - Tbilisi , Georgia"
women,2009,5,Friendly Women,2000010102,Thursday 14/05/2009,"",300082872,20090514,est,Estonia,/world-match-centre/teams/country=est/women/index.html,kaz,Kazakhstan,/world-match-centre/teams/country=kaz/women/index.html,2-1,"Abovyan City Stadium - Abovyan , Armenia"
women,2009,5,Friendly Women,2000010102,Saturday 16/05/2009,"",300082871,20090516,arm,Armenia,/world-match-centre/teams/country=arm/women/index.html,kaz,Kazakhstan,/world-match-centre/teams/country=kaz/women/index.html,0-2,"Abovyan City Stadium - Abovyan , Armenia"
women,2009,5,Friendly Women,2000010102,Saturday 16/05/2009,"",300082881,20090516,geo,Georgia,/world-match-centre/teams/country=geo/women/index.html,aze,Azerbaijan,/world-match-centre/teams/country=aze/women/index.html,2-2,"Poladi - Rustavi , Georgia"
women,2009,5,Friendly Women,2000010102,Saturday 16/05/2009,"",300082880,20090516,tur,Turkey,/world-match-centre/teams/country=tur/women/index.html,mkd,FYR Macedonia,/world-match-centre/teams/country=mkd/women/index.html,4-0,"Mikheil Meskhi Stadium (Lokomotivi) - Tbilisi , Georgia"
women,2009,5,Friendly Women,2000010102,Saturday 23/05/2009,"",300091385,20090523,rsa,South Africa,/world-match-centre/teams/country=rsa/women/index.html,nam,Namibia,/world-match-centre/teams/country=nam/women/index.html,4-3,"PRETORIA - Pretoria , South Africa"
women,2009,5,Friendly Women,2000010102,Monday 25/05/2009,"",300091476,20090525,can,Canada,/world-match-centre/teams/country=can/women/index.html,usa,USA,/world-match-centre/teams/country=usa/women/index.html,0-4,"BMO Field - Toronto , Canada"
women,2009,5,Friendly Women,2000010102,Thursday 28/05/2009,"",300077036,20090528,fin,Finland,/world-match-centre/teams/country=fin/women/index.html,ita,Italy,/world-match-centre/teams/country=ita/women/index.html,3-2,"Olympic Stadium - Helsinki , Finland"
women,2009,5,Friendly Women,2000010102,Friday 29/05/2009,"",300081689,20090529,ukr,Ukraine,/world-match-centre/teams/country=ukr/women/index.html,rus,Russia,/world-match-centre/teams/country=rus/women/index.html,2-0,"KYIV - Kyiv , Ukraine"
women,2009,5,Friendly Women,2000010102,Friday 29/05/2009,"",300076143,20090529,cze,Czech Republic,/world-match-centre/teams/country=cze/women/index.html,pol,Poland,/world-match-centre/teams/country=pol/women/index.html,2-1,"NACHOD - Nachod , Czech Republic"
women,2009,5,Friendly Women,2000010102,Sunday 31/05/2009,"",300076146,20090531,pol,Poland,/world-match-centre/teams/country=pol/women/index.html,cze,Czech Republic,/world-match-centre/teams/country=cze/women/index.html,2-0,"RACIBORZ - Raciborz , Poland"
women,2009,6,Friendly Women,2000010102,Wednesday 03/06/2009,"",300092074,20090603,svn,Slovenia,/world-match-centre/teams/country=svn/women/index.html,hun,Hungary,/world-match-centre/teams/country=hun/women/index.html,2-5,"KIDRICEVO - Kidricevo , Slovenia"
women,2009,6,Friendly Women,2000010102,Friday 05/06/2009,"",300082891,20090605,mlt,Malta,/world-match-centre/teams/country=mlt/women/index.html,lva,Latvia,/world-match-centre/teams/country=lva/women/index.html,4-0,"Centenary Stadium - Ta'Qali , Malta"
women,2009,6,Friendly Women,2000010102,Friday 05/06/2009,"",300082890,20090605,bul,Bulgaria,/world-match-centre/teams/country=bul/women/index.html,lux,Luxembourg,/world-match-centre/teams/country=lux/women/index.html,5-0,"Centenary Stadium - Ta'Qali , Malta"
women,2009,6,Friendly Women,2000010102,Sunday 07/06/2009,"",300082889,20090607,mlt,Malta,/world-match-centre/teams/country=mlt/women/index.html,lux,Luxembourg,/world-match-centre/teams/country=lux/women/index.html,1-0,"Centenary Stadium - Ta'Qali , Malta"
women,2009,6,Friendly Women,2000010102,Sunday 07/06/2009,"",300082888,20090607,lva,Latvia,/world-match-centre/teams/country=lva/women/index.html,bul,Bulgaria,/world-match-centre/teams/country=bul/women/index.html,0-4,"Centenary Stadium - Ta'Qali , Malta"
women,2009,6,Friendly Women,2000010102,Wednesday 10/06/2009,"",300082887,20090610,mlt,Malta,/world-match-centre/teams/country=mlt/women/index.html,bul,Bulgaria,/world-match-centre/teams/country=bul/women/index.html,0-1,"Centenary Stadium - Ta'Qali , Malta"
women,2009,6,Friendly Women,2000010102,Wednesday 10/06/2009,"",300082886,20090610,lux,Luxembourg,/world-match-centre/teams/country=lux/women/index.html,lva,Latvia,/world-match-centre/teams/country=lva/women/index.html,0-1,"Centenary Stadium - Ta'Qali , Malta"
women,2009,6,Friendly Women,2000010102,Saturday 20/06/2009,"",300092621,20090620,nam,Namibia,/world-match-centre/teams/country=nam/women/index.html,rsa,South Africa,/world-match-centre/teams/country=rsa/women/index.html,1-3,"Sam Nujoma Stadium - Windhoek , Namibia"
women,2009,6,Friendly Women,2000010102,Tuesday 23/06/2009,"",300092370,20090623,alg,Algeria,/world-match-centre/teams/country=alg/women/index.html,tun,Tunisia,/world-match-centre/teams/country=tun/women/index.html,4-0,"SIX FOURS LES PLAGES - Six Fours Les Plages , France"
women,2009,6,Friendly Women,2000010102,Sunday 28/06/2009,"",300096019,20090628,vie,Vietnam,/world-match-centre/teams/country=vie/women/index.html,uzb,Uzbekistan,/world-match-centre/teams/country=uzb/women/index.html,4-0,"HO CHI MINH CITY - Ho Chi Minh City , Vietnam"
women,2009,6,Friendly Women Beach Soccer,2000010104,Thursday 04/06/2009,"",300255921,20090604,sui,Switzerland,/world-match-centre/teams/country=sui/women/index.html,ger,Germany,/world-match-centre/teams/country=ger/women/index.html,11-4,"BASEL - Basel , Switzerland"
women,2009,7,FIFA Women's World Cup Qualifier,253335,Saturday 04/07/2009,Group B,300091676,20090704,tha,Thailand,/world-match-centre/teams/country=tha/women/index.html,uzb,Uzbekistan,/world-match-centre/teams/country=uzb/women/index.html,6-1,"Rajamangala National Stadium - Bangkok , Thailand"
women,2009,7,FIFA Women's World Cup Qualifier,253335,Saturday 04/07/2009,Group C,300091677,20090704,vie,Vietnam,/world-match-centre/teams/country=vie/women/index.html,kgz,Kyrgyzstan,/world-match-centre/teams/country=kgz/women/index.html,10-1,"Thanh Long Sports Centre - Ho Chi Minh City , Vietnam"
women,2009,7,FIFA Women's World Cup Qualifier,253335,Monday 06/07/2009,Group B,300090956,20090706,irn,Iran,/world-match-centre/teams/country=irn/women/index.html,uzb,Uzbekistan,/world-match-centre/teams/country=uzb/women/index.html,1-4,"Rajamangala National Stadium - Bangkok , Thailand"
women,2009,7,FIFA Women's World Cup Qualifier,253335,Monday 06/07/2009,Group C,300090958,20090706,hkg,Hong Kong,/world-match-centre/teams/country=hkg/women/index.html,kgz,Kyrgyzstan,/world-match-centre/teams/country=kgz/women/index.html,2-0,"Thanh Long Sports Centre - Ho Chi Minh City , Vietnam"
women,2009,7,FIFA Women's World Cup Qualifier,253335,Wednesday 08/07/2009,Group B,300090955,20090708,tha,Thailand,/world-match-centre/teams/country=tha/women/index.html,irn,Iran,/world-match-centre/teams/country=irn/women/index.html,8-1,"Rajamangala National Stadium - Bangkok , Thailand"
women,2009,7,FIFA Women's World Cup Qualifier,253335,Wednesday 08/07/2009,Group C,300090957,20090708,vie,Vietnam,/world-match-centre/teams/country=vie/women/index.html,hkg,Hong Kong,/world-match-centre/teams/country=hkg/women/index.html,7-0,"Thanh Long Sports Centre - Ho Chi Minh City , Vietnam"
women,2009,7,FIFA Women's World Cup Qualifier,253335,Friday 10/07/2009,Group A,300091675,20090710,tpe,Chinese Taipei,/world-match-centre/teams/country=tpe/women/index.html,jor,Jordan,/world-match-centre/teams/country=jor/women/index.html,0-1,"Tainan County Stadium - Tainan , Chinese Taipei"
women,2009,7,FIFA Women's World Cup Qualifier,253335,Sunday 12/07/2009,Group A,300090954,20090712,mya,Myanmar,/world-match-centre/teams/country=mya/women/index.html,jor,Jordan,/world-match-centre/teams/country=jor/women/index.html,3-0,"Tainan County Stadium - Tainan , Chinese Taipei"
women,2009,7,FIFA Women's World Cup Qualifier,253335,Tuesday 14/07/2009,Group A,300090953,20090714,tpe,Chinese Taipei,/world-match-centre/teams/country=tpe/women/index.html,mya,Myanmar,/world-match-centre/teams/country=mya/women/index.html,2-5,"Tainan County Stadium - Tainan , Chinese Taipei"
women,2009,7,Friendly Women,2000010102,Monday 06/07/2009,"",300085138,20090706,rus,Russia,/world-match-centre/teams/country=rus/women/index.html,chn,China PR,/world-match-centre/teams/country=chn/women/index.html,0-0,"KRASNOARMEYSK - Krasnoarmeysk , Russia"
women,2009,7,Friendly Women,2000010102,Thursday 09/07/2009,"",300085137,20090709,rus,Russia,/world-match-centre/teams/country=rus/women/index.html,chn,China PR,/world-match-centre/teams/country=chn/women/index.html,0-1,"KRASNOARMEYSK - Krasnoarmeysk , Russia"
women,2009,7,Friendly Women,2000010102,Saturday 11/07/2009,"",300091117,20090711,chn,China PR,/world-match-centre/teams/country=chn/women/index.html,rsa,South Africa,/world-match-centre/teams/country=rsa/women/index.html,5-0,"Olympic Stadium - Amsterdam , Netherlands"
women,2009,7,Friendly Women,2000010102,Saturday 11/07/2009,"",300091116,20090711,ned,Netherlands,/world-match-centre/teams/country=ned/women/index.html,sui,Switzerland,/world-match-centre/teams/country=sui/women/index.html,5-0,"Olympic Stadium - Amsterdam , Netherlands"
women,2009,7,Friendly Women,2000010102,Monday 13/07/2009,"",300091115,20090713,sui,Switzerland,/world-match-centre/teams/country=sui/women/index.html,chn,China PR,/world-match-centre/teams/country=chn/women/index.html,0-2,"Olympic Stadium - Amsterdam , Netherlands"
women,2009,7,Friendly Women,2000010102,Monday 13/07/2009,"",300091114,20090713,ned,Netherlands,/world-match-centre/teams/country=ned/women/index.html,rsa,South Africa,/world-match-centre/teams/country=rsa/women/index.html,3-2,"Olympic Stadium - Amsterdam , Netherlands"
women,2009,7,Friendly Women,2000010102,Wednesday 15/07/2009,"",300091113,20090715,rsa,South Africa,/world-match-centre/teams/country=rsa/women/index.html,sui,Switzerland,/world-match-centre/teams/country=sui/women/index.html,3-2,"Olympic Stadium - Amsterdam , Netherlands"
women,2009,7,Friendly Women,2000010102,Wednesday 15/07/2009,"",300091112,20090715,ned,Netherlands,/world-match-centre/teams/country=ned/women/index.html,chn,China PR,/world-match-centre/teams/country=chn/women/index.html,2-4,"Olympic Stadium - Amsterdam , Netherlands"
women,2009,7,Friendly Women,2000010102,Thursday 16/07/2009,"",300079462,20090716,eng,England,/world-match-centre/teams/country=eng/women/index.html,isl,Iceland,/world-match-centre/teams/country=isl/women/index.html,0-2,"COLCHESTER - Colchester , England"
women,2009,7,Friendly Women,2000010102,Friday 17/07/2009,"",300100893,20090717,ltu,Lithuania,/world-match-centre/teams/country=ltu/women/index.html,aze,Azerbaijan,/world-match-centre/teams/country=aze/women/index.html,0-0,"SIAULIAI - Siauliai , Lithuania"
women,2009,7,Friendly Women,2000010102,Sunday 19/07/2009,"",300091870,20090719,swe,Sweden,/world-match-centre/teams/country=swe/women/index.html,chn,China PR,/world-match-centre/teams/country=chn/women/index.html,2-0,"JONKOPING - Jonkoping , Sweden"
women,2009,7,Friendly Women,2000010102,Sunday 19/07/2009,"",300076136,20090719,den,Denmark,/world-match-centre/teams/country=den/women/index.html,isl,Iceland,/world-match-centre/teams/country=isl/women/index.html,2-1,"Wheatsheaf Park - Staines , England"
women,2009,7,Friendly Women,2000010102,Sunday 19/07/2009,"",300090744,20090719,usa,USA,/world-match-centre/teams/country=usa/women/index.html,can,Canada,/world-match-centre/teams/country=can/women/index.html,1-0,"Rochester Rhinos Stadium - Rochester , USA"
women,2009,7,Friendly Women,2000010102,Wednesday 22/07/2009,"",300076219,20090722,fin,Finland,/world-match-centre/teams/country=fin/women/index.html,swe,Sweden,/world-match-centre/teams/country=swe/women/index.html,1-3,"Porin - Pori , Finland"
women,2009,7,Friendly Women,2000010102,Wednesday 22/07/2009,"",300080900,20090722,eng,England,/world-match-centre/teams/country=eng/women/index.html,den,Denmark,/world-match-centre/teams/country=den/women/index.html,1-0,"SWINDON - Swindon , England"
women,2009,7,Friendly Women,2000010102,Wednesday 22/07/2009,"",300090743,20090722,usa,USA,/world-match-centre/teams/country=usa/women/index.html,can,Canada,/world-match-centre/teams/country=can/women/index.html,1-0,"Blackbaud Stadium - Charleston , USA"
women,2009,7,Friendly Women,2000010102,Friday 24/07/2009,"",300100421,20090724,mex,Mexico,/world-match-centre/teams/country=mex/women/index.html,ven,Venezuela,/world-match-centre/teams/country=ven/women/index.html,6-0,"Centro de Alto Rendimiento de la F.M.F. - Mexico City , Mexico"
women,2009,7,Friendly Women,2000010102,Saturday 25/07/2009,"",300091484,20090725,ger,Germany,/world-match-centre/teams/country=ger/women/index.html,ned,Netherlands,/world-match-centre/teams/country=ned/women/index.html,6-0,"Rhein-Neckar-Arena - Sinsheim , Germany"
women,2009,7,Friendly Women,2000010102,Sunday 26/07/2009,"",300100420,20090726,mex,Mexico,/world-match-centre/teams/country=mex/women/index.html,ven,Venezuela,/world-match-centre/teams/country=ven/women/index.html,4-0,"Nido del Halcon - Taxco , Mexico"
women,2009,7,Friendly Women,2000010102,Wednesday 29/07/2009,"",300087105,20090729,ger,Germany,/world-match-centre/teams/country=ger/women/index.html,jpn,Japan,/world-match-centre/teams/country=jpn/women/index.html,0-0,"Carl-Benz - Mannheim , Germany"
women,2009,7,Friendly Women,2000010102,Saturday 01/08/2009,"",300091221,20090801,fra,France,/world-match-centre/teams/country=fra/women/index.html,jpn,Japan,/world-match-centre/teams/country=jpn/women/index.html,0-4,"MONTARGIS - Montargis , France"
women,2009,7,Friendly Women,2000010102,Saturday 01/08/2009,"",300111964,20090801,ven,Venezuela,/world-match-centre/teams/country=ven/women/index.html,per,Peru,/world-match-centre/teams/country=per/women/index.html,2-1,"MEDELLIN - Medellin , Colombia"
women,2009,8,Womens Continental Final,252679,Sunday 23/08/2009,Group A,300076122,20090823,ukr,Ukraine,/world-match-centre/teams/country=ukr/women/index.html,ned,Netherlands,/world-match-centre/teams/country=ned/women/index.html,0-2,"Turku Stadium - Turku , Finland"
women,2009,8,Womens Continental Final,252679,Sunday 23/08/2009,Group A,300076123,20090823,fin,Finland,/world-match-centre/teams/country=fin/women/index.html,den,Denmark,/world-match-centre/teams/country=den/women/index.html,1-0,"Olympic Stadium - Helsinki , Finland"
women,2009,8,Womens Continental Final,252679,Monday 24/08/2009,Group B,300076128,20090824,isl,Iceland,/world-match-centre/teams/country=isl/women/index.html,fra,France,/world-match-centre/teams/country=fra/women/index.html,1-3,"Tampere Stadium - Tampere , Finland"
women,2009,8,Womens Continental Final,252679,Monday 24/08/2009,Group B,300076129,20090824,ger,Germany,/world-match-centre/teams/country=ger/women/index.html,nor,Norway,/world-match-centre/teams/country=nor/women/index.html,4-0,"Tampere Stadium - Tampere , Finland"
women,2009,8,Womens Continental Final,252679,Tuesday 25/08/2009,Group C,300076134,20090825,swe,Sweden,/world-match-centre/teams/country=swe/women/index.html,rus,Russia,/world-match-centre/teams/country=rus/women/index.html,3-0,"Turku Stadium - Turku , Finland"
women,2009,8,Womens Continental Final,252679,Tuesday 25/08/2009,Group C,300076135,20090825,eng,England,/world-match-centre/teams/country=eng/women/index.html,ita,Italy,/world-match-centre/teams/country=ita/women/index.html,1-2,"Lahti Stadium - Lahti , Finland"
women,2009,8,Womens Continental Final,252679,Wednesday 26/08/2009,Group A,300076121,20090826,ukr,Ukraine,/world-match-centre/teams/country=ukr/women/index.html,den,Denmark,/world-match-centre/teams/country=den/women/index.html,1-2,"Sonera Stadium - Helsinki , Finland"
women,2009,8,Womens Continental Final,252679,Wednesday 26/08/2009,Group A,300076120,20090826,ned,Netherlands,/world-match-centre/teams/country=ned/women/index.html,fin,Finland,/world-match-centre/teams/country=fin/women/index.html,1-2,"Olympic Stadium - Helsinki , Finland"
women,2009,8,Womens Continental Final,252679,Thursday 27/08/2009,Group B,300076126,20090827,fra,France,/world-match-centre/teams/country=fra/women/index.html,ger,Germany,/world-match-centre/teams/country=ger/women/index.html,1-5,"Tampere Stadium - Tampere , Finland"
women,2009,8,Womens Continental Final,252679,Thursday 27/08/2009,Group B,300076127,20090827,isl,Iceland,/world-match-centre/teams/country=isl/women/index.html,nor,Norway,/world-match-centre/teams/country=nor/women/index.html,0-1,"Lahti Stadium - Lahti , Finland"
women,2009,8,Womens Continental Final,252679,Friday 28/08/2009,Group C,300076133,20090828,ita,Italy,/world-match-centre/teams/country=ita/women/index.html,swe,Sweden,/world-match-centre/teams/country=swe/women/index.html,0-2,"Turku Stadium - Turku , Finland"
women,2009,8,Womens Continental Final,252679,Friday 28/08/2009,Group C,300076132,20090828,eng,England,/world-match-centre/teams/country=eng/women/index.html,rus,Russia,/world-match-centre/teams/country=rus/women/index.html,3-2,"Sonera Stadium - Helsinki , Finland"
women,2009,8,Womens Continental Final,252679,Saturday 29/08/2009,Group A,300076118,20090829,den,Denmark,/world-match-centre/teams/country=den/women/index.html,ned,Netherlands,/world-match-centre/teams/country=ned/women/index.html,1-2,"Lahti Stadium - Lahti , Finland"
women,2009,8,Womens Continental Final,252679,Saturday 29/08/2009,Group A,300076119,20090829,fin,Finland,/world-match-centre/teams/country=fin/women/index.html,ukr,Ukraine,/world-match-centre/teams/country=ukr/women/index.html,0-1,"Olympic Stadium - Helsinki , Finland"
women,2009,8,Womens Continental Final,252679,Sunday 30/08/2009,Group B,300076124,20090830,ger,Germany,/world-match-centre/teams/country=ger/women/index.html,isl,Iceland,/world-match-centre/teams/country=isl/women/index.html,1-0,"Tampere Stadium - Tampere , Finland"
women,2009,8,Womens Continental Final,252679,Sunday 30/08/2009,Group B,300076125,20090830,nor,Norway,/world-match-centre/teams/country=nor/women/index.html,fra,France,/world-match-centre/teams/country=fra/women/index.html,1-1,"Sonera Stadium - Helsinki , Finland"
women,2009,8,Womens Continental Final,252679,Monday 31/08/2009,Group C,300076130,20090831,swe,Sweden,/world-match-centre/teams/country=swe/women/index.html,eng,England,/world-match-centre/teams/country=eng/women/index.html,1-1,"Turku Stadium - Turku , Finland"
women,2009,8,Womens Continental Final,252679,Monday 31/08/2009,Group C,300076131,20090831,rus,Russia,/world-match-centre/teams/country=rus/women/index.html,ita,Italy,/world-match-centre/teams/country=ita/women/index.html,0-2,"Olympic Stadium - Helsinki , Finland"
women,2009,8,FIFA Women's World Cup Qualifier,253275,Saturday 15/08/2009,Group 1,300090532,20090815,isl,Iceland,/world-match-centre/teams/country=isl/women/index.html,srb,Serbia,/world-match-centre/teams/country=srb/women/index.html,5-0,"Laugardalsvollur - Reykjavik , Iceland"
women,2009,8,Friendly Women,2000010102,Saturday 01/08/2009,"",300091221,20090801,fra,France,/world-match-centre/teams/country=fra/women/index.html,jpn,Japan,/world-match-centre/teams/country=jpn/women/index.html,0-4,"MONTARGIS - Montargis , France"
women,2009,8,Friendly Women,2000010102,Saturday 01/08/2009,"",300111964,20090801,ven,Venezuela,/world-match-centre/teams/country=ven/women/index.html,per,Peru,/world-match-centre/teams/country=per/women/index.html,2-1,"MEDELLIN - Medellin , Colombia"
women,2009,8,Friendly Women,2000010102,Thursday 06/08/2009,"",300087104,20090806,ger,Germany,/world-match-centre/teams/country=ger/women/index.html,rus,Russia,/world-match-centre/teams/country=rus/women/index.html,3-1,"rewirpowerSTADION - Bochum , Germany"
women,2009,8,Friendly Women,2000010102,Saturday 08/08/2009,"",300091866,20090808,ned,Netherlands,/world-match-centre/teams/country=ned/women/index.html,pol,Poland,/world-match-centre/teams/country=pol/women/index.html,2-0,"The Willem II Stadium - Tilburg , Netherlands"
women,2009,8,Friendly Women,2000010102,Monday 10/08/2009,"",300077766,20090810,fin,Finland,/world-match-centre/teams/country=fin/women/index.html,nir,Northern Ireland,/world-match-centre/teams/country=nir/women/index.html,4-0,"Sonera Stadium - Helsinki , Finland"
women,2009,8,Friendly Women,2000010102,Wednesday 12/08/2009,"",300092369,20090812,fra,France,/world-match-centre/teams/country=fra/women/index.html,sco,Scotland,/world-match-centre/teams/country=sco/women/index.html,4-0,"CHARTRES - Chartres , France"
women,2009,8,Friendly Women,2000010102,Thursday 13/08/2009,"",300085139,20090813,rus,Russia,/world-match-centre/teams/country=rus/women/index.html,ned,Netherlands,/world-match-centre/teams/country=ned/women/index.html,1-0,"MOSCOW - Moscow , Russia"
women,2009,8,Friendly Women,2000010102,Friday 14/08/2009,"",300078871,20090814,den,Denmark,/world-match-centre/teams/country=den/women/index.html,sco,Scotland,/world-match-centre/teams/country=sco/women/index.html,5-2,"Gladsaxe Stadium - Copenhagen , Denmark"
women,2009,8,Friendly Women,2000010102,Monday 17/08/2009,"",300103412,20090817,blr,Belarus,/world-match-centre/teams/country=blr/women/index.html,isr,Israel,/world-match-centre/teams/country=isr/women/index.html,1-0,"MINSK - Minsk , Belarus"
women,2009,8,Friendly Women,2000010102,Wednesday 19/08/2009,"",300076218,20090819,swe,Sweden,/world-match-centre/teams/country=swe/women/index.html,nor,Norway,/world-match-centre/teams/country=nor/women/index.html,0-1,"ENKOPING - Enk旦Ping , Sweden"
women,2009,8,Friendly Women,2000010102,Wednesday 19/08/2009,"",300119730,20090819,bih,Bosnia and Herzegovina,/world-match-centre/teams/country=bih/women/index.html,cro,Croatia,/world-match-centre/teams/country=cro/women/index.html,1-1,"Mionica - Mionica , Bosnia and Herzegovina"
women,2009,8,Friendly Women,2000010102,Friday 21/08/2009,"",300119731,20090821,cro,Croatia,/world-match-centre/teams/country=cro/women/index.html,bih,Bosnia and Herzegovina,/world-match-centre/teams/country=bih/women/index.html,1-0,"By Sava - Slavonski Brod , Croatia"
women,2009,8,Friendly Women,2000010102,Saturday 22/08/2009,"",300100394,20090822,tpe,Chinese Taipei,/world-match-centre/teams/country=tpe/women/index.html,hkg,Hong Kong,/world-match-centre/teams/country=hkg/women/index.html,8-1,"Tainan County Stadium - Tainan , Chinese Taipei"
women,2009,8,Friendly Women,2000010102,Sunday 23/08/2009,"",300096021,20090823,wal,Wales,/world-match-centre/teams/country=wal/women/index.html,svn,Slovenia,/world-match-centre/teams/country=svn/women/index.html,3-0,"Stebonheath Park - Llanelli , Wales"
women,2009,8,Friendly Women,2000010102,Monday 24/08/2009,"",300100395,20090824,gum,Guam,/world-match-centre/teams/country=gum/women/index.html,kor,Korea Republic,/world-match-centre/teams/country=kor/women/index.html,0-9,"Tainan County Stadium - Tainan , Chinese Taipei"
women,2009,8,Friendly Women,2000010102,Tuesday 25/08/2009,"",300104335,20090825,por,Portugal,/world-match-centre/teams/country=por/women/index.html,svk,Slovakia,/world-match-centre/teams/country=svk/women/index.html,1-0,"Alfredo da Silva - Barreiro , Portugal"
women,2009,8,Friendly Women,2000010102,Wednesday 26/08/2009,"",300100398,20090826,tpe,Chinese Taipei,/world-match-centre/teams/country=tpe/women/index.html,gum,Guam,/world-match-centre/teams/country=gum/women/index.html,10-0,"Tainan County Stadium - Tainan , Chinese Taipei"
women,2009,8,Friendly Women,2000010102,Thursday 27/08/2009,"",300104336,20090827,por,Portugal,/world-match-centre/teams/country=por/women/index.html,svk,Slovakia,/world-match-centre/teams/country=svk/women/index.html,4-1,"Estadio do Real SC Massama - Massama , Portugal"
women,2009,8,Friendly Women,2000010102,Friday 28/08/2009,"",300100397,20090828,hkg,Hong Kong,/world-match-centre/teams/country=hkg/women/index.html,kor,Korea Republic,/world-match-centre/teams/country=kor/women/index.html,0-7,"Tainan County Stadium - Tainan , Chinese Taipei"
women,2009,8,Friendly Women,2000010102,Sunday 30/08/2009,"",300100396,20090830,gum,Guam,/world-match-centre/teams/country=gum/women/index.html,hkg,Hong Kong,/world-match-centre/teams/country=hkg/women/index.html,0-1,"Tainan County Stadium - Tainan , Chinese Taipei"
women,2009,8,Friendly Women,2000010102,Sunday 30/08/2009,"",300100399,20090830,tpe,Chinese Taipei,/world-match-centre/teams/country=tpe/women/index.html,kor,Korea Republic,/world-match-centre/teams/country=kor/women/index.html,0-6,"Tainan County Stadium - Tainan , Chinese Taipei"
women,2009,9,Womens Continental Final,252679,Thursday 03/09/2009,Quarter-final,300104707,20090903,ned,Netherlands,/world-match-centre/teams/country=ned/women/index.html,fra,France,/world-match-centre/teams/country=fra/women/index.html,0-0 (5-4) Win on penalty,"Tampere Stadium - Tampere , Finland"
women,2009,9,Womens Continental Final,252679,Thursday 03/09/2009,Quarter-final,300104708,20090903,fin,Finland,/world-match-centre/teams/country=fin/women/index.html,eng,England,/world-match-centre/teams/country=eng/women/index.html,2-3,"Turku Stadium - Turku , Finland"
women,2009,9,Womens Continental Final,252679,Friday 04/09/2009,Quarter-final,300104706,20090904,ger,Germany,/world-match-centre/teams/country=ger/women/index.html,ita,Italy,/world-match-centre/teams/country=ita/women/index.html,2-1,"Lahti Stadium - Lahti , Finland"
women,2009,9,Womens Continental Final,252679,Friday 04/09/2009,Quarter-final,300104705,20090904,swe,Sweden,/world-match-centre/teams/country=swe/women/index.html,nor,Norway,/world-match-centre/teams/country=nor/women/index.html,1-3,"Sonera Stadium - Helsinki , Finland"
women,2009,9,Womens Continental Final,252679,Sunday 06/09/2009,Semi-final,300105262,20090906,eng,England,/world-match-centre/teams/country=eng/women/index.html,ned,Netherlands,/world-match-centre/teams/country=ned/women/index.html,2-1 AET,"Tampere Stadium - Tampere , Finland"
women,2009,9,Womens Continental Final,252679,Monday 07/09/2009,Semi-final,300105261,20090907,ger,Germany,/world-match-centre/teams/country=ger/women/index.html,nor,Norway,/world-match-centre/teams/country=nor/women/index.html,3-1,"Sonera Stadium - Helsinki , Finland"
women,2009,9,Womens Continental Final,252679,Thursday 10/09/2009,Final,300105263,20090910,eng,England,/world-match-centre/teams/country=eng/women/index.html,ger,Germany,/world-match-centre/teams/country=ger/women/index.html,2-6,"Olympic Stadium - Helsinki , Finland"
women,2009,9,FIFA Women's World Cup Qualifier,253275,Thursday 17/09/2009,Group 1,300090531,20090917,isl,Iceland,/world-match-centre/teams/country=isl/women/index.html,est,Estonia,/world-match-centre/teams/country=est/women/index.html,12-0,"Laugardalsvollur - Reykjavik , Iceland"
women,2009,9,FIFA Women's World Cup Qualifier,253275,Saturday 19/09/2009,Group 2,300090380,20090919,svk,Slovakia,/world-match-centre/teams/country=svk/women/index.html,mkd,FYR Macedonia,/world-match-centre/teams/country=mkd/women/index.html,9-0,"National Stadium - Senec , Slovakia"
women,2009,9,FIFA Women's World Cup Qualifier,253275,Saturday 19/09/2009,Group 4,300090397,20090919,pol,Poland,/world-match-centre/teams/country=pol/women/index.html,ukr,Ukraine,/world-match-centre/teams/country=ukr/women/index.html,4-1,"Sandecja - Nowy Sacz , Poland"
women,2009,9,FIFA Women's World Cup Qualifier,253275,Saturday 19/09/2009,Group 4,300090396,20090919,bih,Bosnia and Herzegovina,/world-match-centre/teams/country=bih/women/index.html,hun,Hungary,/world-match-centre/teams/country=hun/women/index.html,0-2,"Asim Ferhatovic Hase Stadium - Sarajevo , Bosnia and Herzegovina"
women,2009,9,FIFA Women's World Cup Qualifier,253275,Saturday 19/09/2009,Group 5,300090406,20090919,mlt,Malta,/world-match-centre/teams/country=mlt/women/index.html,esp,Spain,/world-match-centre/teams/country=esp/women/index.html,0-13,"Centenary Stadium - Ta'Qali , Malta"
women,2009,9,FIFA Women's World Cup Qualifier,253275,Saturday 19/09/2009,Group 6 (Promotion),300090398,20090919,sui,Switzerland,/world-match-centre/teams/country=sui/women/index.html,irl,Republic of Ireland,/world-match-centre/teams/country=irl/women/index.html,2-0,"Niedermatten - Wohlen , Switzerland"
women,2009,9,FIFA Women's World Cup Qualifier,253275,Saturday 19/09/2009,Group 7 (Promotion),300090430,20090919,svn,Slovenia,/world-match-centre/teams/country=svn/women/index.html,ita,Italy,/world-match-centre/teams/country=ita/women/index.html,0-8,"Sportni Park - Domzale , Slovenia"
women,2009,9,FIFA Women's World Cup Qualifier,253275,Saturday 19/09/2009,Group 7 (Promotion),300090417,20090919,arm,Armenia,/world-match-centre/teams/country=arm/women/index.html,fin,Finland,/world-match-centre/teams/country=fin/women/index.html,0-4,"Hrazdan Stadium - Yerevan , Armenia"
women,2009,9,FIFA Women's World Cup Qualifier,253275,Sunday 20/09/2009,Group 8 (Promotion),300090429,20090920,wal,Wales,/world-match-centre/teams/country=wal/women/index.html,bel,Belgium,/world-match-centre/teams/country=bel/women/index.html,0-1,"New Bridge Meadow - Haverfordwest , Wales"
women,2009,9,FIFA Women's World Cup Qualifier,253275,Wednesday 23/09/2009,Group 1,300090437,20090923,cro,Croatia,/world-match-centre/teams/country=cro/women/index.html,fra,France,/world-match-centre/teams/country=fra/women/index.html,0-7,"SRC Zapresic Stadium - Zapresic , Croatia"
women,2009,9,FIFA Women's World Cup Qualifier,253275,Wednesday 23/09/2009,Group 3,300090389,20090923,gre,Greece,/world-match-centre/teams/country=gre/women/index.html,den,Denmark,/world-match-centre/teams/country=den/women/index.html,0-6,"Akratitos - Athens , Greece"
women,2009,9,FIFA Women's World Cup Qualifier,253275,Wednesday 23/09/2009,Group 4,300090395,20090923,rou,Romania,/world-match-centre/teams/country=rou/women/index.html,bih,Bosnia and Herzegovina,/world-match-centre/teams/country=bih/women/index.html,4-0,"Town Stadium - Buftea , Romania"
women,2009,9,FIFA Women's World Cup Qualifier,253275,Wednesday 23/09/2009,Group 6 (Promotion),300090411,20090923,sui,Switzerland,/world-match-centre/teams/country=sui/women/index.html,rus,Russia,/world-match-centre/teams/country=rus/women/index.html,1-2,"Stadion Esp - Baden , Switzerland"
women,2009,9,FIFA Women's World Cup Qualifier,253275,Wednesday 23/09/2009,Group 7 (Promotion),300090416,20090923,ita,Italy,/world-match-centre/teams/country=ita/women/index.html,por,Portugal,/world-match-centre/teams/country=por/women/index.html,2-0,"Centro d'Italia - Rieti , Italy"
women,2009,9,FIFA Women's World Cup Qualifier,253275,Wednesday 23/09/2009,Group 8 (Promotion),300090427,20090923,wal,Wales,/world-match-centre/teams/country=wal/women/index.html,cze,Czech Republic,/world-match-centre/teams/country=cze/women/index.html,2-0,"Stebonheath Park - Llanelli , Wales"
women,2009,9,FIFA Women's World Cup Qualifier,253275,Wednesday 23/09/2009,Group 8 (Promotion),300090428,20090923,swe,Sweden,/world-match-centre/teams/country=swe/women/index.html,bel,Belgium,/world-match-centre/teams/country=bel/women/index.html,2-1,"Gamla Ullevi - Gothenburg , Sweden"
women,2009,9,FIFA Women's World Cup Qualifier,253275,Thursday 24/09/2009,Group 4,300090394,20090924,hun,Hungary,/world-match-centre/teams/country=hun/women/index.html,pol,Poland,/world-match-centre/teams/country=pol/women/index.html,4-2,"Stadion Varosi - Sopron , Hungary"
women,2009,9,FIFA Women's World Cup Qualifier,253275,Thursday 24/09/2009,Group 6 (Promotion),300090410,20090924,irl,Republic of Ireland,/world-match-centre/teams/country=irl/women/index.html,kaz,Kazakhstan,/world-match-centre/teams/country=kaz/women/index.html,2-1,"Turner's Cross - Cork , Republic of Ireland"
women,2009,9,FIFA Women's World Cup Qualifier,253275,Saturday 26/09/2009,Group 1,300090530,20090926,srb,Serbia,/world-match-centre/teams/country=srb/women/index.html,cro,Croatia,/world-match-centre/teams/country=cro/women/index.html,1-1,"Delijski Vis Stadium - Nis , Serbia"
women,2009,9,Womens Continental Final Futsal,265348,Thursday 03/09/2009,Group B,300225206,20090903,col,Colombia,/world-match-centre/teams/country=col/women/index.html,uru,Uruguay,/world-match-centre/teams/country=uru/women/index.html,4-1,"CAMPINAS - Campinas , Brazil"
women,2009,9,Womens Continental Final Futsal,265348,Thursday 03/09/2009,Group B,300225207,20090903,per,Peru,/world-match-centre/teams/country=per/women/index.html,bol,Bolivia,/world-match-centre/teams/country=bol/women/index.html,3-1,"CAMPINAS - Campinas , Brazil"
women,2009,9,Womens Continental Final Futsal,265348,Thursday 03/09/2009,Group A,300225209,20090903,bra,Brazil,/world-match-centre/teams/country=bra/women/index.html,ven,Venezuela,/world-match-centre/teams/country=ven/women/index.html,13-1,"CAMPINAS - Campinas , Brazil"
women,2009,9,Womens Continental Final Futsal,265348,Friday 04/09/2009,Group A,300225212,20090904,bra,Brazil,/world-match-centre/teams/country=bra/women/index.html,arg,Argentina,/world-match-centre/teams/country=arg/women/index.html,8-0,"CAMPINAS - Campinas , Brazil"
women,2009,9,Womens Continental Final Futsal,265348,Friday 04/09/2009,Group B,300225203,20090904,per,Peru,/world-match-centre/teams/country=per/women/index.html,uru,Uruguay,/world-match-centre/teams/country=uru/women/index.html,4-2,"CAMPINAS - Campinas , Brazil"
women,2009,9,Womens Continental Final Futsal,265348,Friday 04/09/2009,Group B,300225201,20090904,col,Colombia,/world-match-centre/teams/country=col/women/index.html,bol,Bolivia,/world-match-centre/teams/country=bol/women/index.html,14-1,"CAMPINAS - Campinas , Brazil"
women,2009,9,Womens Continental Final Futsal,265348,Saturday 05/09/2009,Group A,300225202,20090905,ven,Venezuela,/world-match-centre/teams/country=ven/women/index.html,arg,Argentina,/world-match-centre/teams/country=arg/women/index.html,5-2,"CAMPINAS - Campinas , Brazil"
women,2009,9,Womens Continental Final Futsal,265348,Saturday 05/09/2009,Group B,300225208,20090905,col,Colombia,/world-match-centre/teams/country=col/women/index.html,per,Peru,/world-match-centre/teams/country=per/women/index.html,11-1,"CAMPINAS - Campinas , Brazil"
women,2009,9,Womens Continental Final Futsal,265348,Saturday 05/09/2009,Group B,300225211,20090905,bol,Bolivia,/world-match-centre/teams/country=bol/women/index.html,uru,Uruguay,/world-match-centre/teams/country=uru/women/index.html,3-2,"CAMPINAS - Campinas , Brazil"
women,2009,9,Womens Continental Final Futsal,265348,Sunday 06/09/2009,Semi-final,300225205,20090906,bra,Brazil,/world-match-centre/teams/country=bra/women/index.html,per,Peru,/world-match-centre/teams/country=per/women/index.html,11-0,"CAMPINAS - Campinas , Brazil"
women,2009,9,Womens Continental Final Futsal,265348,Sunday 06/09/2009,5th-7th place,300225213,20090906,arg,Argentina,/world-match-centre/teams/country=arg/women/index.html,uru,Uruguay,/world-match-centre/teams/country=uru/women/index.html,3-1,"CAMPINAS - Campinas , Brazil"
women,2009,9,Womens Continental Final Futsal,265348,Sunday 06/09/2009,Semi-final,300225200,20090906,col,Colombia,/world-match-centre/teams/country=col/women/index.html,ven,Venezuela,/world-match-centre/teams/country=ven/women/index.html,4-3,"CAMPINAS - Campinas , Brazil"
women,2009,9,Womens Continental Final Futsal,265348,Monday 07/09/2009,Match for third place,300225199,20090907,ven,Venezuela,/world-match-centre/teams/country=ven/women/index.html,per,Peru,/world-match-centre/teams/country=per/women/index.html,6-2,"CAMPINAS - Campinas , Brazil"
women,2009,9,Womens Continental Final Futsal,265348,Monday 07/09/2009,5th-7th place,300225204,20090907,arg,Argentina,/world-match-centre/teams/country=arg/women/index.html,bol,Bolivia,/world-match-centre/teams/country=bol/women/index.html,3-2,"CAMPINAS - Campinas , Brazil"
women,2009,9,Womens Continental Final Futsal,265348,Monday 07/09/2009,Final,300225210,20090907,bra,Brazil,/world-match-centre/teams/country=bra/women/index.html,col,Colombia,/world-match-centre/teams/country=col/women/index.html,7-1,"CAMPINAS - Campinas , Brazil"
women,2009,9,Friendly Women,2000010102,Wednesday 02/09/2009,"",300104719,20090902,srb,Serbia,/world-match-centre/teams/country=srb/women/index.html,hun,Hungary,/world-match-centre/teams/country=hun/women/index.html,1-8,"HAJDUKOVO - Hajdukovo , Serbia"
women,2009,9,Friendly Women,2000010102,Saturday 05/09/2009,"",300103396,20090905,hun,Hungary,/world-match-centre/teams/country=hun/women/index.html,aut,Austria,/world-match-centre/teams/country=aut/women/index.html,3-5,"SOPRON - Sopron , Hungary"
women,2009,9,Friendly Women,2000010102,Saturday 05/09/2009,"",300104750,20090905,rou,Romania,/world-match-centre/teams/country=rou/women/index.html,bel,Belgium,/world-match-centre/teams/country=bel/women/index.html,2-7,"CAMPINA - Campina , Romania"
women,2009,9,Friendly Women,2000010102,Monday 07/09/2009,"",300104749,20090907,rou,Romania,/world-match-centre/teams/country=rou/women/index.html,bel,Belgium,/world-match-centre/teams/country=bel/women/index.html,4-3,"CAMPINA - Campina , Romania"
women,2009,9,Friendly Women,2000010102,Wednesday 09/09/2009,"",300080913,20090909,sui,Switzerland,/world-match-centre/teams/country=sui/women/index.html,sco,Scotland,/world-match-centre/teams/country=sco/women/index.html,0-0,"GC Campus - Niederhasli , Switzerland"
women,2009,9,Friendly Women,2000010102,Wednesday 09/09/2009,"",300105293,20090909,lao,Laos,/world-match-centre/teams/country=lao/women/index.html,mas,Malaysia,/world-match-centre/teams/country=mas/women/index.html,6-0,"Champasak Stadium - Pakse , Laos"
women,2009,10,FIFA Women's World Cup Qualifier,253275,Wednesday 21/10/2009,Group 3,300090390,20091021,bul,Bulgaria,/world-match-centre/teams/country=bul/index.html,gre,Greece,/world-match-centre/teams/country=gre/index.html,0-1,"Gradski - Lovech , Bulgaria"
women,2009,10,FIFA Women's World Cup Qualifier,253275,Saturday 24/10/2009,Group 1,300090435,20091024,cro,Croatia,/world-match-centre/teams/country=cro/index.html,nir,Northern Ireland,/world-match-centre/teams/country=nir/index.html,0-1,"SRC Zapresic Stadium - Zapresic , Croatia"
women,2009,10,FIFA Women's World Cup Qualifier,253275,Saturday 24/10/2009,Group 1,300090436,20091024,fra,France,/world-match-centre/teams/country=fra/index.html,isl,Iceland,/world-match-centre/teams/country=isl/index.html,2-0,"Stade de Gerland - Lyon , France"
women,2009,10,FIFA Women's World Cup Qualifier,253275,Saturday 24/10/2009,Group 2,300090379,20091024,nor,Norway,/world-match-centre/teams/country=nor/index.html,ned,Netherlands,/world-match-centre/teams/country=ned/index.html,3-0,"Nadderud - Bekkestua , Norway"
women,2009,10,FIFA Women's World Cup Qualifier,253275,Saturday 24/10/2009,Group 3,300090387,20091024,den,Denmark,/world-match-centre/teams/country=den/index.html,geo,Georgia,/world-match-centre/teams/country=geo/index.html,15-0,"VEJLE - Vejle , Denmark"
women,2009,10,FIFA Women's World Cup Qualifier,253275,Saturday 24/10/2009,Group 3,300090388,20091024,gre,Greece,/world-match-centre/teams/country=gre/index.html,sco,Scotland,/world-match-centre/teams/country=sco/index.html,0-1,"Akratitos - Athens , Greece"
women,2009,10,FIFA Women's World Cup Qualifier,253275,Saturday 24/10/2009,Group 4,300090393,20091024,pol,Poland,/world-match-centre/teams/country=pol/index.html,rou,Romania,/world-match-centre/teams/country=rou/index.html,2-0,"Groclin Dyskobolia - Grodzisk Wielkopolski , Poland"
women,2009,10,FIFA Women's World Cup Qualifier,253275,Saturday 24/10/2009,Group 5,300090424,20091024,esp,Spain,/world-match-centre/teams/country=esp/index.html,aut,Austria,/world-match-centre/teams/country=aut/index.html,2-0,"Estadio Nuevo Arc叩ngel - Cordoba , Spain"
women,2009,10,FIFA Women's World Cup Qualifier,253275,Saturday 24/10/2009,Group 6 (Promotion),300090409,20091024,isr,Israel,/world-match-centre/teams/country=isr/index.html,kaz,Kazakhstan,/world-match-centre/teams/country=kaz/index.html,1-0,"NES-ZIONA - Nes-Ziona , Israel"
women,2009,10,FIFA Women's World Cup Qualifier,253275,Saturday 24/10/2009,Group 7 (Promotion),300090415,20091024,svn,Slovenia,/world-match-centre/teams/country=svn/index.html,fin,Finland,/world-match-centre/teams/country=fin/index.html,0-3,"Matija Gubec - Krsko , Slovenia"
women,2009,10,FIFA Women's World Cup Qualifier,253275,Saturday 24/10/2009,Group 7 (Promotion),300090414,20091024,arm,Armenia,/world-match-centre/teams/country=arm/index.html,ita,Italy,/world-match-centre/teams/country=ita/index.html,0-8,"Republican Stadium - Yerevan , Armenia"
women,2009,10,FIFA Women's World Cup Qualifier,253275,Saturday 24/10/2009,Group 8 (Promotion),300090426,20091024,aze,Azerbaijan,/world-match-centre/teams/country=aze/index.html,swe,Sweden,/world-match-centre/teams/country=swe/index.html,0-3,"Ismet Qaibov - Baku , Azerbaijan"
women,2009,10,FIFA Women's World Cup Qualifier,253275,Sunday 25/10/2009,Group 2,300090378,20091025,mkd,FYR Macedonia,/world-match-centre/teams/country=mkd/index.html,blr,Belarus,/world-match-centre/teams/country=blr/index.html,1-6,"Gradski - Kumanovo , FYR Macedonia"
women,2009,10,FIFA Women's World Cup Qualifier,253275,Sunday 25/10/2009,Group 4,300090384,20091025,ukr,Ukraine,/world-match-centre/teams/country=ukr/index.html,bih,Bosnia and Herzegovina,/world-match-centre/teams/country=bih/index.html,7-0,"Yuri Gagarin - Chernigov , Ukraine"
women,2009,10,FIFA Women's World Cup Qualifier,253275,Sunday 25/10/2009,Group 5,300090405,20091025,eng,England,/world-match-centre/teams/country=eng/index.html,mlt,Malta,/world-match-centre/teams/country=mlt/index.html,8-0,"Bloomfield Road - Blackpool , England"
women,2009,10,FIFA Women's World Cup Qualifier,253275,Sunday 25/10/2009,Group 6 (Promotion),300090408,20091025,rus,Russia,/world-match-centre/teams/country=rus/index.html,irl,Republic of Ireland,/world-match-centre/teams/country=irl/index.html,3-0,"KRASNOARMEYSK - Krasnoarmeysk , Russia"
women,2009,10,FIFA Women's World Cup Qualifier,253275,Sunday 25/10/2009,Group 8 (Promotion),300090423,20091025,cze,Czech Republic,/world-match-centre/teams/country=cze/index.html,wal,Wales,/world-match-centre/teams/country=wal/index.html,2-1,"Stadion Dol鱈cek - Prague , Czech Republic"
women,2009,10,FIFA Women's World Cup Qualifier,253275,Wednesday 28/10/2009,Group 1,300090433,20091028,fra,France,/world-match-centre/teams/country=fra/index.html,est,Estonia,/world-match-centre/teams/country=est/index.html,12-0,"Municipal Jules-Deschaseaux - Le Havre , France"
women,2009,10,FIFA Women's World Cup Qualifier,253275,Wednesday 28/10/2009,Group 1,300090434,20091028,nir,Northern Ireland,/world-match-centre/teams/country=nir/index.html,isl,Iceland,/world-match-centre/teams/country=isl/index.html,0-1,"The Oval - Belfast , Northern Ireland"
women,2009,10,FIFA Women's World Cup Qualifier,253275,Wednesday 28/10/2009,Group 2,300090377,20091028,nor,Norway,/world-match-centre/teams/country=nor/index.html,svk,Slovakia,/world-match-centre/teams/country=svk/index.html,1-0,"Odd - Skien , Norway"
women,2009,10,FIFA Women's World Cup Qualifier,253275,Wednesday 28/10/2009,Group 3,300090385,20091028,bul,Bulgaria,/world-match-centre/teams/country=bul/index.html,den,Denmark,/world-match-centre/teams/country=den/index.html,0-0,"Gradski - Lovech , Bulgaria"
women,2009,10,FIFA Women's World Cup Qualifier,253275,Wednesday 28/10/2009,Group 4,300090383,20091028,hun,Hungary,/world-match-centre/teams/country=hun/index.html,rou,Romania,/world-match-centre/teams/country=rou/index.html,1-1,"Stadion Varosi - Sopron , Hungary"
women,2009,10,FIFA Women's World Cup Qualifier,253275,Wednesday 28/10/2009,Group 6 (Promotion),300090419,20091028,isr,Israel,/world-match-centre/teams/country=isr/index.html,sui,Switzerland,/world-match-centre/teams/country=sui/index.html,1-2,"NES-ZIONA - Nes-Ziona , Israel"
women,2009,10,FIFA Women's World Cup Qualifier,253275,Wednesday 28/10/2009,Group 7 (Promotion),300090425,20091028,por,Portugal,/world-match-centre/teams/country=por/index.html,fin,Finland,/world-match-centre/teams/country=fin/index.html,0-1,"Est叩dio Jo達o Cardoso - Tondela , Portugal"
women,2009,10,FIFA Women's World Cup Qualifier,253275,Wednesday 28/10/2009,Group 7 (Promotion),300090402,20091028,arm,Armenia,/world-match-centre/teams/country=arm/index.html,svn,Slovenia,/world-match-centre/teams/country=svn/index.html,1-5,"Republican Stadium - Yerevan , Armenia"
women,2009,10,FIFA Women's World Cup Qualifier,253275,Wednesday 28/10/2009,Group 8 (Promotion),300090422,20091028,bel,Belgium,/world-match-centre/teams/country=bel/index.html,swe,Sweden,/world-match-centre/teams/country=swe/index.html,1-4,"LEUVEN - Leuven , Belgium"
women,2009,10,FIFA Women's World Cup Qualifier,253275,Wednesday 28/10/2009,Group 8 (Promotion),300090421,20091028,aze,Azerbaijan,/world-match-centre/teams/country=aze/index.html,wal,Wales,/world-match-centre/teams/country=wal/index.html,2-1,"Ismet Qaibov - Baku , Azerbaijan"
women,2009,10,FIFA Women's World Cup Qualifier,253275,Thursday 29/10/2009,Group 2,300090376,20091029,ned,Netherlands,/world-match-centre/teams/country=ned/index.html,mkd,FYR Macedonia,/world-match-centre/teams/country=mkd/index.html,13-1,"FC Zwolle Stadion - Zwolle , Netherlands"
women,2009,10,FIFA Women's World Cup Qualifier,253275,Thursday 29/10/2009,Group 3,300090386,20091029,sco,Scotland,/world-match-centre/teams/country=sco/index.html,geo,Georgia,/world-match-centre/teams/country=geo/index.html,3-1,"Tynecastle - Edinburgh , Scotland"
women,2009,10,FIFA Women's World Cup Qualifier,253275,Thursday 29/10/2009,Group 4,300090392,20091029,bih,Bosnia and Herzegovina,/world-match-centre/teams/country=bih/index.html,pol,Poland,/world-match-centre/teams/country=pol/index.html,0-4,"Asim Ferhatovic Hase Stadium - Sarajevo , Bosnia and Herzegovina"
women,2009,10,FIFA Women's World Cup Qualifier,253275,Thursday 29/10/2009,Group 5,300090404,20091029,aut,Austria,/world-match-centre/teams/country=aut/index.html,esp,Spain,/world-match-centre/teams/country=esp/index.html,0-1,"Ertl Glas (SKU) - Amstetten , Austria"
women,2009,10,FIFA Women's World Cup Qualifier,253275,Thursday 29/10/2009,Group 6 (Promotion),300090418,20091029,kaz,Kazakhstan,/world-match-centre/teams/country=kaz/index.html,irl,Republic of Ireland,/world-match-centre/teams/country=irl/index.html,1-2,"Zhetysu - Taldykorgan , Kazakhstan"
women,2009,10,Friendly Women,2000010102,Thursday 15/10/2009,"",300104701,20091015,nir,Northern Ireland,/world-match-centre/teams/country=nir/women/index.html,sco,Scotland,/world-match-centre/teams/country=sco/women/index.html,0-3,"The Oval - Belfast , Northern Ireland"
women,2009,10,Friendly Women,2000010102,Saturday 17/10/2009,"",300110318,20091017,vie,Vietnam,/world-match-centre/teams/country=vie/women/index.html,lao,Laos,/world-match-centre/teams/country=lao/women/index.html,5-0,"Cua Ong Stadium - Cam Pha , Vietnam"
women,2009,10,Friendly Women,2000010102,Sunday 18/10/2009,"",300111017,20091018,isr,Israel,/world-match-centre/teams/country=isr/women/index.html,lux,Luxembourg,/world-match-centre/teams/country=lux/women/index.html,9-1,"NES-ZIONA - Nes-Ziona , Israel"
women,2009,10,Friendly Women,2000010102,Tuesday 20/10/2009,"",300110242,20091020,lao,Laos,/world-match-centre/teams/country=lao/women/index.html,tha,Thailand,/world-match-centre/teams/country=tha/women/index.html,0-5,"Cua Ong Stadium - Cam Pha , Vietnam"
women,2009,10,Friendly Women,2000010102,Friday 23/10/2009,"",300110319,20091023,vie,Vietnam,/world-match-centre/teams/country=vie/women/index.html,tha,Thailand,/world-match-centre/teams/country=tha/women/index.html,2-0,"Cua Ong Stadium - Cam Pha , Vietnam"
women,2009,10,Friendly Women,2000010102,Monday 26/10/2009,"",300111059,20091026,ple,Palestine,/world-match-centre/teams/country=ple/women/index.html,jor,Jordan,/world-match-centre/teams/country=jor/women/index.html,2-2,"Faysal Al-Husseini Stadium - Al Ram , Palestine"
women,2009,10,Friendly Women,2000010102,Thursday 29/10/2009,"",300103777,20091029,ger,Germany,/world-match-centre/teams/country=ger/women/index.html,usa,USA,/world-match-centre/teams/country=usa/women/index.html,0-1,"Impuls Arena - Augsburg , Germany"
women,2009,10,Friendly Women Futsal,2000010106,Wednesday 14/10/2009,"",300225184,20091014,irn,Iran,/world-match-centre/teams/country=irn/women/index.html,ukr,Ukraine,/world-match-centre/teams/country=ukr/women/index.html,5-1,"TEHRAN - Tehran , Iran"
women,2009,10,Friendly Women Futsal,2000010106,Thursday 15/10/2009,"",300225182,20091015,irn,Iran,/world-match-centre/teams/country=irn/women/index.html,ukr,Ukraine,/world-match-centre/teams/country=ukr/women/index.html,9-4,"TEHRAN - Tehran , Iran"
women,2009,10,Friendly Women Futsal,2000010106,Friday 16/10/2009,"",300225176,20091016,irn,Iran,/world-match-centre/teams/country=irn/women/index.html,ukr,Ukraine,/world-match-centre/teams/country=ukr/women/index.html,1-2,"TEHRAN - Tehran , Iran"
women,2009,10,Friendly Women Futsal,2000010106,Wednesday 28/10/2009,"",300225195,20091028,jor,Jordan,/world-match-centre/teams/country=jor/women/index.html,mas,Malaysia,/world-match-centre/teams/country=mas/women/index.html,5-2,"HO CHI MINH CITY - Ho Chi Minh City , Vietnam"
women,2009,10,Friendly Women Futsal,2000010106,Wednesday 28/10/2009,"",300225198,20091028,vie,Vietnam,/world-match-centre/teams/country=vie/women/index.html,tha,Thailand,/world-match-centre/teams/country=tha/women/index.html,1-6,"HO CHI MINH CITY - Ho Chi Minh City , Vietnam"
women,2009,10,Friendly Women Futsal,2000010106,Thursday 29/10/2009,"",300225187,20091029,jpn,Japan,/world-match-centre/teams/country=jpn/women/index.html,uzb,Uzbekistan,/world-match-centre/teams/country=uzb/women/index.html,5-3,"HO CHI MINH CITY - Ho Chi Minh City , Vietnam"
women,2009,10,Friendly Women Futsal,2000010106,Friday 30/10/2009,"",300225193,20091030,vie,Vietnam,/world-match-centre/teams/country=vie/women/index.html,mas,Malaysia,/world-match-centre/teams/country=mas/women/index.html,3-0,"HO CHI MINH CITY - Ho Chi Minh City , Vietnam"
women,2009,10,Friendly Women Futsal,2000010106,Friday 30/10/2009,"",300225186,20091030,tha,Thailand,/world-match-centre/teams/country=tha/women/index.html,jor,Jordan,/world-match-centre/teams/country=jor/women/index.html,3-2,"HO CHI MINH CITY - Ho Chi Minh City , Vietnam"
women,2009,10,Friendly Women Futsal,2000010106,Saturday 31/10/2009,"",300225192,20091031,irn,Iran,/world-match-centre/teams/country=irn/women/index.html,uzb,Uzbekistan,/world-match-centre/teams/country=uzb/women/index.html,6-1,"HO CHI MINH CITY - Ho Chi Minh City , Vietnam"
women,2009,10,Friendly Women Futsal,2000010106,Sunday 01/11/2009,"",300225191,20091101,vie,Vietnam,/world-match-centre/teams/country=vie/women/index.html,jor,Jordan,/world-match-centre/teams/country=jor/women/index.html,2-3,"HO CHI MINH CITY - Ho Chi Minh City , Vietnam"
women,2009,10,Friendly Women Futsal,2000010106,Sunday 01/11/2009,"",300225197,20091101,tha,Thailand,/world-match-centre/teams/country=tha/women/index.html,mas,Malaysia,/world-match-centre/teams/country=mas/women/index.html,9-0,"HO CHI MINH CITY - Ho Chi Minh City , Vietnam"
women,2009,11,FIFA Women's World Cup Qualifier,253275,Saturday 14/11/2009,Group 4,300090391,20091114,hun,Hungary,/world-match-centre/teams/country=hun/index.html,ukr,Ukraine,/world-match-centre/teams/country=ukr/index.html,1-1,"Stadion Varosi - Sopron , Hungary"
women,2009,11,FIFA Women's World Cup Qualifier,253275,Tuesday 17/11/2009,Group 6 (Promotion),300090407,20091117,isr,Israel,/world-match-centre/teams/country=isr/index.html,rus,Russia,/world-match-centre/teams/country=rus/index.html,1-6,"Ramat-Gan (National Stadium) - Ramat-Gan , Israel"
women,2009,11,FIFA Women's World Cup Qualifier,253275,Wednesday 18/11/2009,Group 5,300090413,20091118,mlt,Malta,/world-match-centre/teams/country=mlt/index.html,aut,Austria,/world-match-centre/teams/country=aut/index.html,0-2,"Centenary Stadium - Ta'Qali , Malta"
women,2009,11,FIFA Women's World Cup Qualifier,253275,Saturday 21/11/2009,Group 1,300090432,20091121,srb,Serbia,/world-match-centre/teams/country=srb/index.html,fra,France,/world-match-centre/teams/country=fra/index.html,0-2,"Gradski - Indjija , Serbia"
women,2009,11,FIFA Women's World Cup Qualifier,253275,Saturday 21/11/2009,Group 2,300090375,20091121,ned,Netherlands,/world-match-centre/teams/country=ned/index.html,blr,Belarus,/world-match-centre/teams/country=blr/index.html,1-1,"Kyocera Stadium - Den Haag , Netherlands"
women,2009,11,FIFA Women's World Cup Qualifier,253275,Saturday 21/11/2009,Group 3,300090382,20091121,bul,Bulgaria,/world-match-centre/teams/country=bul/index.html,geo,Georgia,/world-match-centre/teams/country=geo/index.html,5-0,"Gradski - Lovech , Bulgaria"
women,2009,11,FIFA Women's World Cup Qualifier,253275,Saturday 21/11/2009,Group 5,300090412,20091121,tur,Turkey,/world-match-centre/teams/country=tur/index.html,esp,Spain,/world-match-centre/teams/country=esp/index.html,0-5,"19 Mayis - Manisa , Turkey"
women,2009,11,FIFA Women's World Cup Qualifier,253275,Saturday 21/11/2009,Group 7 (Promotion),300090401,20091121,svn,Slovenia,/world-match-centre/teams/country=svn/index.html,por,Portugal,/world-match-centre/teams/country=por/index.html,0-4,"Sportni Park - Nova Gorica , Slovenia"
women,2009,11,FIFA Women's World Cup Qualifier,253275,Saturday 21/11/2009,Group 7 (Promotion),300090400,20091121,fin,Finland,/world-match-centre/teams/country=fin/index.html,arm,Armenia,/world-match-centre/teams/country=arm/index.html,7-0,"Sonera Stadium - Helsinki , Finland"
women,2009,11,FIFA Women's World Cup Qualifier,253275,Sunday 22/11/2009,Group 8 (Promotion),300090420,20091122,aze,Azerbaijan,/world-match-centre/teams/country=aze/index.html,bel,Belgium,/world-match-centre/teams/country=bel/index.html,0-0,"Ismet Qaibov - Baku , Azerbaijan"
women,2009,11,FIFA Women's World Cup Qualifier,253275,Wednesday 25/11/2009,Group 7 (Promotion),300090399,20091125,ita,Italy,/world-match-centre/teams/country=ita/index.html,arm,Armenia,/world-match-centre/teams/country=arm/index.html,7-0,"Comunale - Francavilla Al Mare , Italy"
women,2009,11,FIFA Women's World Cup Qualifier,253275,Thursday 26/11/2009,Group 3,300090381,20091126,gre,Greece,/world-match-centre/teams/country=gre/index.html,geo,Georgia,/world-match-centre/teams/country=geo/index.html,5-0,"Kesariani - Athens , Greece"
women,2009,11,FIFA Women's World Cup Qualifier,253275,Thursday 26/11/2009,Group 5,300090403,20091126,tur,Turkey,/world-match-centre/teams/country=tur/index.html,eng,England,/world-match-centre/teams/country=eng/index.html,0-3,"Yeni Buca - Izmir , Turkey"
women,2009,11,FIFA Women's World Cup Qualifier,253275,Thursday 26/11/2009,Group 8 (Promotion),300090431,20091126,cze,Czech Republic,/world-match-centre/teams/country=cze/index.html,bel,Belgium,/world-match-centre/teams/country=bel/index.html,1-2,"Spartak - Pisek , Czech Republic"
women,2009,11,Friendly Women,2000010102,Monday 02/11/2009,"",300111103,20091102,egy,Egypt,/world-match-centre/teams/country=egy/women/index.html,alg,Algeria,/world-match-centre/teams/country=alg/women/index.html,1-1,"BIZERTE - Bizerte , Tunisia"
women,2009,11,Friendly Women,2000010102,Wednesday 04/11/2009,"",300111102,20091104,tun,Tunisia,/world-match-centre/teams/country=tun/women/index.html,alg,Algeria,/world-match-centre/teams/country=alg/women/index.html,1-0,"SOUSSE - Sousse , Tunisia"
women,2009,11,Friendly Women,2000010102,Friday 06/11/2009,"",300111101,20091106,tun,Tunisia,/world-match-centre/teams/country=tun/women/index.html,egy,Egypt,/world-match-centre/teams/country=egy/women/index.html,6-2,"Stade Olympique El Menzah - Tunis , Tunisia"
women,2009,11,Friendly Women,2000010102,Wednesday 11/11/2009,"",300111949,20091111,mex,Mexico,/world-match-centre/teams/country=mex/women/index.html,chi,Chile,/world-match-centre/teams/country=chi/women/index.html,3-0,"Estadio 10 de Diciembre - Jasso , Mexico"
women,2009,11,Friendly Women,2000010102,Friday 13/11/2009,"",300111948,20091113,mex,Mexico,/world-match-centre/teams/country=mex/women/index.html,chi,Chile,/world-match-centre/teams/country=chi/women/index.html,2-0,"Estadio 10 de Diciembre - Jasso , Mexico"
women,2009,11,Friendly Women,2000010102,Saturday 14/11/2009,"",300107590,20091114,jpn,Japan,/world-match-centre/teams/country=jpn/women/index.html,nzl,New Zealand,/world-match-centre/teams/country=nzl/women/index.html,2-1,"Saitama City Komaba Stadium - Saitama , Japan"
women,2009,11,Friendly Women,2000010102,Tuesday 17/11/2009,"",300112111,20091117,per,Peru,/world-match-centre/teams/country=per/women/index.html,col,Colombia,/world-match-centre/teams/country=col/women/index.html,0-3,"Olimpico Patria - Sucre , Bolivia"
women,2009,11,Friendly Women,2000010102,Tuesday 17/11/2009,"",300112110,20091117,bol,Bolivia,/world-match-centre/teams/country=bol/women/index.html,ecu,Ecuador,/world-match-centre/teams/country=ecu/women/index.html,0-2,"Olimpico Patria - Sucre , Bolivia"
women,2009,11,Friendly Women,2000010102,Thursday 19/11/2009,"",300112109,20091119,col,Colombia,/world-match-centre/teams/country=col/women/index.html,ven,Venezuela,/world-match-centre/teams/country=ven/women/index.html,2-0,"Olimpico Patria - Sucre , Bolivia"
women,2009,11,Friendly Women,2000010102,Thursday 19/11/2009,"",300112108,20091119,bol,Bolivia,/world-match-centre/teams/country=bol/women/index.html,per,Peru,/world-match-centre/teams/country=per/women/index.html,2-2,"Olimpico Patria - Sucre , Bolivia"
women,2009,11,Friendly Women,2000010102,Saturday 21/11/2009,"",300112107,20091121,ecu,Ecuador,/world-match-centre/teams/country=ecu/women/index.html,col,Colombia,/world-match-centre/teams/country=col/women/index.html,0-1,"Olimpico Patria - Sucre , Bolivia"
women,2009,11,Friendly Women,2000010102,Saturday 21/11/2009,"",300112106,20091121,ven,Venezuela,/world-match-centre/teams/country=ven/women/index.html,per,Peru,/world-match-centre/teams/country=per/women/index.html,3-1,"Olimpico Patria - Sucre , Bolivia"
women,2009,11,Friendly Women,2000010102,Monday 23/11/2009,"",300112105,20091123,ecu,Ecuador,/world-match-centre/teams/country=ecu/women/index.html,per,Peru,/world-match-centre/teams/country=per/women/index.html,3-1,"Olimpico Patria - Sucre , Bolivia"
women,2009,11,Friendly Women,2000010102,Monday 23/11/2009,"",300112104,20091123,bol,Bolivia,/world-match-centre/teams/country=bol/women/index.html,ven,Venezuela,/world-match-centre/teams/country=ven/women/index.html,1-2,"Olimpico Patria - Sucre , Bolivia"
women,2009,11,Friendly Women,2000010102,Wednesday 25/11/2009,"",300112103,20091125,ven,Venezuela,/world-match-centre/teams/country=ven/women/index.html,ecu,Ecuador,/world-match-centre/teams/country=ecu/women/index.html,1-2,"Olimpico Patria - Sucre , Bolivia"
women,2009,11,Friendly Women,2000010102,Wednesday 25/11/2009,"",300112102,20091125,bol,Bolivia,/world-match-centre/teams/country=bol/women/index.html,col,Colombia,/world-match-centre/teams/country=col/women/index.html,2-4,"Olimpico Patria - Sucre , Bolivia"
women,2009,11,Friendly Women Futsal,2000010106,Sunday 01/11/2009,"",300225191,20091101,vie,Vietnam,/world-match-centre/teams/country=vie/women/index.html,jor,Jordan,/world-match-centre/teams/country=jor/women/index.html,2-3,"HO CHI MINH CITY - Ho Chi Minh City , Vietnam"
women,2009,11,Friendly Women Futsal,2000010106,Sunday 01/11/2009,"",300225197,20091101,tha,Thailand,/world-match-centre/teams/country=tha/women/index.html,mas,Malaysia,/world-match-centre/teams/country=mas/women/index.html,9-0,"HO CHI MINH CITY - Ho Chi Minh City , Vietnam"
women,2009,11,Friendly Women Futsal,2000010106,Monday 02/11/2009,"",300225190,20091102,irn,Iran,/world-match-centre/teams/country=irn/women/index.html,jpn,Japan,/world-match-centre/teams/country=jpn/women/index.html,3-2,"HO CHI MINH CITY - Ho Chi Minh City , Vietnam"
women,2009,11,Friendly Women Futsal,2000010106,Wednesday 04/11/2009,"",300225189,20091104,jpn,Japan,/world-match-centre/teams/country=jpn/women/index.html,tha,Thailand,/world-match-centre/teams/country=tha/women/index.html,5-2,"HO CHI MINH CITY - Ho Chi Minh City , Vietnam"
women,2009,11,Friendly Women Futsal,2000010106,Wednesday 04/11/2009,"",300225194,20091104,jor,Jordan,/world-match-centre/teams/country=jor/women/index.html,irn,Iran,/world-match-centre/teams/country=irn/women/index.html,2-1,"HO CHI MINH CITY - Ho Chi Minh City , Vietnam"
women,2009,11,Friendly Women Futsal,2000010106,Friday 06/11/2009,"",300225196,20091106,jpn,Japan,/world-match-centre/teams/country=jpn/women/index.html,jor,Jordan,/world-match-centre/teams/country=jor/women/index.html,5-0,"HO CHI MINH CITY - Ho Chi Minh City , Vietnam"
women,2009,11,Friendly Women Futsal,2000010106,Friday 06/11/2009,"",300225188,20091106,tha,Thailand,/world-match-centre/teams/country=tha/women/index.html,irn,Iran,/world-match-centre/teams/country=irn/women/index.html,5-4,"HO CHI MINH CITY - Ho Chi Minh City , Vietnam"
women,2009,11,Friendly Women Futsal,2000010106,Sunday 15/11/2009,"",300225185,20091115,col,Colombia,/world-match-centre/teams/country=col/women/index.html,ven,Venezuela,/world-match-centre/teams/country=ven/women/index.html,8-4,"SUCRE - Sucre , Bolivia"
women,2009,11,Friendly Women Futsal,2000010106,Monday 16/11/2009,"",300225181,20091116,bol,Bolivia,/world-match-centre/teams/country=bol/women/index.html,ven,Venezuela,/world-match-centre/teams/country=ven/women/index.html,2-4,"SUCRE - Sucre , Bolivia"
women,2009,11,Friendly Women Futsal,2000010106,Tuesday 17/11/2009,"",300225177,20091117,bol,Bolivia,/world-match-centre/teams/country=bol/women/index.html,col,Colombia,/world-match-centre/teams/country=col/women/index.html,1-4,"SUCRE - Sucre , Bolivia"
women,2009,11,Friendly Women Futsal,2000010106,Wednesday 18/11/2009,"",300225183,20091118,col,Colombia,/world-match-centre/teams/country=col/women/index.html,ven,Venezuela,/world-match-centre/teams/country=ven/women/index.html,4-1,"SUCRE - Sucre , Bolivia"
women,2009,11,Friendly Women Futsal,2000010106,Thursday 19/11/2009,"",300225178,20091119,bol,Bolivia,/world-match-centre/teams/country=bol/women/index.html,ven,Venezuela,/world-match-centre/teams/country=ven/women/index.html,1-3,"SUCRE - Sucre , Bolivia"
women,2009,11,Friendly Women Futsal,2000010106,Thursday 19/11/2009,"",300225179,20091119,bol,Bolivia,/world-match-centre/teams/country=bol/women/index.html,col,Colombia,/world-match-centre/teams/country=col/women/index.html,2-4,"SUCRE - Sucre , Bolivia"
women,2009,12,Friendly Women,2000010102,Friday 04/12/2009,"",300112346,20091204,mas,Malaysia,/world-match-centre/teams/country=mas/women/index.html,tha,Thailand,/world-match-centre/teams/country=tha/women/index.html,0-14,"Stade National - Vientiane , Laos"
women,2009,12,Friendly Women,2000010102,Friday 04/12/2009,"",300112347,20091204,lao,Laos,/world-match-centre/teams/country=lao/women/index.html,mya,Myanmar,/world-match-centre/teams/country=mya/women/index.html,1-1,"Stade National - Vientiane , Laos"
women,2009,12,Friendly Women,2000010102,Sunday 06/12/2009,"",300112344,20091206,mas,Malaysia,/world-match-centre/teams/country=mas/women/index.html,vie,Vietnam,/world-match-centre/teams/country=vie/women/index.html,0-8,"Stade National - Vientiane , Laos"
women,2009,12,Friendly Women,2000010102,Sunday 06/12/2009,"",300112345,20091206,mya,Myanmar,/world-match-centre/teams/country=mya/women/index.html,tha,Thailand,/world-match-centre/teams/country=tha/women/index.html,2-2,"Stade National - Vientiane , Laos"
women,2009,12,Friendly Women,2000010102,Tuesday 08/12/2009,"",300112342,20091208,lao,Laos,/world-match-centre/teams/country=lao/women/index.html,tha,Thailand,/world-match-centre/teams/country=tha/women/index.html,1-4,"Stade National - Vientiane , Laos"
women,2009,12,Friendly Women,2000010102,Tuesday 08/12/2009,"",300112343,20091208,mya,Myanmar,/world-match-centre/teams/country=mya/women/index.html,vie,Vietnam,/world-match-centre/teams/country=vie/women/index.html,1-1,"Stade National - Vientiane , Laos"
women,2009,12,Friendly Women,2000010102,Wednesday 09/12/2009,"",300112336,20091209,bra,Brazil,/world-match-centre/teams/country=bra/women/index.html,chi,Chile,/world-match-centre/teams/country=chi/women/index.html,3-1,"Pacaembu - Sao Paulo , Brazil"
women,2009,12,Friendly Women,2000010102,Wednesday 09/12/2009,"",300112337,20091209,chn,China PR,/world-match-centre/teams/country=chn/women/index.html,mex,Mexico,/world-match-centre/teams/country=mex/women/index.html,3-0,"Pacaembu - Sao Paulo , Brazil"
women,2009,12,Friendly Women,2000010102,Friday 11/12/2009,"",300112340,20091211,tha,Thailand,/world-match-centre/teams/country=tha/women/index.html,vie,Vietnam,/world-match-centre/teams/country=vie/women/index.html,2-2,"Stade National - Vientiane , Laos"
women,2009,12,Friendly Women,2000010102,Friday 11/12/2009,"",300112341,20091211,lao,Laos,/world-match-centre/teams/country=lao/women/index.html,mas,Malaysia,/world-match-centre/teams/country=mas/women/index.html,5-0,"Stade National - Vientiane , Laos"
women,2009,12,Friendly Women,2000010102,Sunday 13/12/2009,"",300112338,20091213,mas,Malaysia,/world-match-centre/teams/country=mas/women/index.html,mya,Myanmar,/world-match-centre/teams/country=mya/women/index.html,1-7,"Stade National - Vientiane , Laos"
women,2009,12,Friendly Women,2000010102,Sunday 13/12/2009,"",300112339,20091213,lao,Laos,/world-match-centre/teams/country=lao/women/index.html,vie,Vietnam,/world-match-centre/teams/country=vie/women/index.html,0-3,"Stade National - Vientiane , Laos"
women,2009,12,Friendly Women,2000010102,Sunday 13/12/2009,"",300112335,20091213,chi,Chile,/world-match-centre/teams/country=chi/women/index.html,chn,China PR,/world-match-centre/teams/country=chn/women/index.html,1-0,"Pacaembu - Sao Paulo , Brazil"
women,2009,12,Friendly Women,2000010102,Sunday 13/12/2009,"",300112334,20091213,bra,Brazil,/world-match-centre/teams/country=bra/women/index.html,mex,Mexico,/world-match-centre/teams/country=mex/women/index.html,3-2,"Pacaembu - Sao Paulo , Brazil"
women,2009,12,Friendly Women,2000010102,Wednesday 16/12/2009,"",300114030,20091216,tha,Thailand,/world-match-centre/teams/country=tha/women/index.html,vie,Vietnam,/world-match-centre/teams/country=vie/women/index.html,0-0 (0-3) Win on penalty,"Stade National - Vientiane , Laos"
women,2009,12,Friendly Women,2000010102,Wednesday 16/12/2009,"",300112332,20091216,bra,Brazil,/world-match-centre/teams/country=bra/women/index.html,chn,China PR,/world-match-centre/teams/country=chn/women/index.html,3-0,"Pacaembu - Sao Paulo , Brazil"
women,2009,12,Friendly Women,2000010102,Wednesday 16/12/2009,"",300112333,20091216,chi,Chile,/world-match-centre/teams/country=chi/women/index.html,mex,Mexico,/world-match-centre/teams/country=mex/women/index.html,0-6,"Pacaembu - Sao Paulo , Brazil"
women,2009,12,Friendly Women,2000010102,Saturday 19/12/2009,"",300116496,20091219,guy,Guyana,/world-match-centre/teams/country=guy/women/index.html,sur,Suriname,/world-match-centre/teams/country=sur/women/index.html,2-1,"McKenzie Sport Club - Linden , Guyana"
women,2009,12,Friendly Women,2000010102,Sunday 20/12/2009,"",300114075,20091220,chn,China PR,/world-match-centre/teams/country=chn/women/index.html,chi,Chile,/world-match-centre/teams/country=chi/women/index.html,2-0,"Pacaembu - Sao Paulo , Brazil"
women,2009,12,Friendly Women,2000010102,Sunday 20/12/2009,"",300114074,20091220,bra,Brazil,/world-match-centre/teams/country=bra/women/index.html,mex,Mexico,/world-match-centre/teams/country=mex/women/index.html,5-2,"Pacaembu - Sao Paulo , Brazil"
women,2009,12,Friendly Women,2000010102,Sunday 27/12/2009,"",300114060,20091227,chn,China PR,/world-match-centre/teams/country=chn/women/index.html,prk,Korea DPR,/world-match-centre/teams/country=prk/women/index.html,1-1,"JIANGYIN - Jiangyin , China PR"
