men,1971,1,Continental Qualifier,236470,Sunday 03/01/1971,First Stage,42181,19710103,egy,Egypt,/world-match-centre/teams/country=egy/index.html,lby,Libya,/world-match-centre/teams/country=lby/index.html,2-1,"CAIRO - Cairo , Egypt"
men,1971,1,Friendly,2000010101,Friday 08/01/1971,"",48389,19710108,arg,Argentina,/world-match-centre/teams/country=arg/index.html,fra,France,/world-match-centre/teams/country=fra/index.html,3-4,"BUENOS AIRES - Buenos Aires , Argentina"
men,1971,1,Friendly,2000010101,Sunday 10/01/1971,"",48388,19710110,gha,Ghana,/world-match-centre/teams/country=gha/index.html,zai,Zaire,/world-match-centre/teams/country=zai/index.html,1-1,"ACCRA - Accra , Ghana"
men,1971,1,Friendly,2000010101,Wednesday 13/01/1971,"",48387,19710113,arg,Argentina,/world-match-centre/teams/country=arg/index.html,fra,France,/world-match-centre/teams/country=fra/index.html,2-0,"MAR DEL PLATA - Mar Del Plata , Argentina"
men,1971,1,Friendly,2000010101,Sunday 31/01/1971,"",48386,19710131,gha,Ghana,/world-match-centre/teams/country=gha/index.html,sle,Sierra Leone,/world-match-centre/teams/country=sle/index.html,1-2,"FREETOWN - Freetown , Sierra Leone"
men,1971,2,Continental Qualifier,3129,Wednesday 03/02/1971,Group 3,9428,19710203,mlt,Malta,/world-match-centre/teams/country=mlt/index.html,eng,England,/world-match-centre/teams/country=eng/index.html,0-1,"Empire - Gzira , Malta"
men,1971,2,Continental Qualifier,3129,Wednesday 03/02/1971,Group 4,9451,19710203,cyp,Cyprus,/world-match-centre/teams/country=cyp/index.html,nir,Northern Ireland,/world-match-centre/teams/country=nir/index.html,0-3,"NICOSIA - Nicosia , Cyprus"
men,1971,2,Continental Qualifier,3129,Wednesday 03/02/1971,Group 5,9464,19710203,bel,Belgium,/world-match-centre/teams/country=bel/index.html,sco,Scotland,/world-match-centre/teams/country=sco/index.html,3-0,"LIEGE - Liege , Belgium"
men,1971,2,Continental Qualifier,3129,Wednesday 17/02/1971,Group 5,9465,19710217,bel,Belgium,/world-match-centre/teams/country=bel/index.html,por,Portugal,/world-match-centre/teams/country=por/index.html,3-0,"BRUSSELS - Brussels , Belgium"
men,1971,2,Continental Qualifier,3129,Wednesday 17/02/1971,Group 8,9500,19710217,alb,Albania,/world-match-centre/teams/country=alb/index.html,frg,Germany FR,/world-match-centre/teams/country=frg/index.html,0-1,"TIRANA - Tirana , Albania"
men,1971,2,Continental Qualifier,3129,Wednesday 24/02/1971,Group 7,9489,19710224,ned,Netherlands,/world-match-centre/teams/country=ned/index.html,lux,Luxembourg,/world-match-centre/teams/country=lux/index.html,6-0,"ROTTERDAM - Rotterdam , Netherlands"
men,1971,2,Friendly,2000010101,Tuesday 02/02/1971,"",48385,19710202,chi,Chile,/world-match-centre/teams/country=chi/index.html,gdr,German DR,/world-match-centre/teams/country=gdr/index.html,0-1,"SANTIAGO DE CHILE - Santiago De Chile , Chile"
men,1971,2,Friendly,2000010101,Sunday 07/02/1971,"",48384,19710207,gha,Ghana,/world-match-centre/teams/country=gha/index.html,sle,Sierra Leone,/world-match-centre/teams/country=sle/index.html,2-1,"ACCRA - Accra , Ghana"
men,1971,2,Friendly,2000010101,Monday 08/02/1971,"",48383,19710208,uru,Uruguay,/world-match-centre/teams/country=uru/index.html,gdr,German DR,/world-match-centre/teams/country=gdr/index.html,0-3,"MONTEVIDEO - Montevideo , Uruguay"
men,1971,2,Friendly,2000010101,Wednesday 10/02/1971,"",48382,19710210,uru,Uruguay,/world-match-centre/teams/country=uru/index.html,gdr,German DR,/world-match-centre/teams/country=gdr/index.html,1-1,"MONTEVIDEO - Montevideo , Uruguay"
men,1971,2,Friendly,2000010101,Saturday 13/02/1971,"",48381,19710213,nga,Nigeria,/world-match-centre/teams/country=nga/index.html,sle,Sierra Leone,/world-match-centre/teams/country=sle/index.html,1-0,"LAGOS - Lagos , Nigeria"
men,1971,2,Friendly,2000010101,Wednesday 17/02/1971,"",55807,19710217,mex,Mexico,/world-match-centre/teams/country=mex/index.html,urs,Soviet Union,/world-match-centre/teams/country=urs/index.html,0-0,"GUADALAJARA - Guadalajara , Mexico"
men,1971,2,Friendly,2000010101,Saturday 20/02/1971,"",55806,19710220,mex,Mexico,/world-match-centre/teams/country=mex/index.html,urs,Soviet Union,/world-match-centre/teams/country=urs/index.html,0-0,"MEXICO CITY - Mexico City , Mexico"
men,1971,2,Friendly,2000010101,Saturday 20/02/1971,"",48379,19710220,ita,Italy,/world-match-centre/teams/country=ita/index.html,esp,Spain,/world-match-centre/teams/country=esp/index.html,1-2,"Sant Elia - Cagliari , Italy"
men,1971,3,Continental Qualifier,236470,Sunday 14/03/1971,Second Stage,42189,19710314,mar,Morocco,/world-match-centre/teams/country=mar/index.html,egy,Egypt,/world-match-centre/teams/country=egy/index.html,3-0,""
men,1971,3,Continental Qualifier,236470,Sunday 21/03/1971,Second Stage,42193,19710321,egy,Egypt,/world-match-centre/teams/country=egy/index.html,mar,Morocco,/world-match-centre/teams/country=mar/index.html,3-2,""
men,1971,3,Friendly,2000010101,Tuesday 02/03/1971,"",48375,19710302,isr,Israel,/world-match-centre/teams/country=isr/index.html,swe,Sweden,/world-match-centre/teams/country=swe/index.html,2-1,"TEL AVIV - Tel Aviv , Israel"
men,1971,3,Friendly,2000010101,Thursday 04/03/1971,"",48378,19710304,cmr,Cameroon,/world-match-centre/teams/country=cmr/index.html,sen,Senegal,/world-match-centre/teams/country=sen/index.html,1-1,""
men,1971,3,Friendly,2000010101,Sunday 07/03/1971,"",48376,19710307,les,Lesotho,/world-match-centre/teams/country=les/index.html,mad,Madagascar,/world-match-centre/teams/country=mad/index.html,1-2,""
men,1971,3,Friendly,2000010101,Monday 08/03/1971,"",48377,19710308,cmr,Cameroon,/world-match-centre/teams/country=cmr/index.html,sen,Senegal,/world-match-centre/teams/country=sen/index.html,1-2,""
men,1971,3,Friendly,2000010101,Wednesday 17/03/1971,"",48374,19710317,esp,Spain,/world-match-centre/teams/country=esp/index.html,fra,France,/world-match-centre/teams/country=fra/index.html,2-2,"VALENCIA - Valencia , Spain"
men,1971,3,Friendly,2000010101,Thursday 18/03/1971,"",48373,19710318,mwi,Malawi,/world-match-centre/teams/country=mwi/index.html,zam,Zambia,/world-match-centre/teams/country=zam/index.html,5-4,""
men,1971,3,Friendly,2000010101,Saturday 20/03/1971,"",48372,19710320,mwi,Malawi,/world-match-centre/teams/country=mwi/index.html,zam,Zambia,/world-match-centre/teams/country=zam/index.html,1-3,""
men,1971,3,Friendly,2000010101,Tuesday 23/03/1971,"",48371,19710323,mwi,Malawi,/world-match-centre/teams/country=mwi/index.html,zam,Zambia,/world-match-centre/teams/country=zam/index.html,0-3,""
men,1971,3,Friendly,2000010101,Sunday 28/03/1971,"",48370,19710328,mad,Madagascar,/world-match-centre/teams/country=mad/index.html,mri,Mauritius,/world-match-centre/teams/country=mri/index.html,3-0,""
men,1971,4,Continental Qualifier,3129,Sunday 04/04/1971,Group 7,9490,19710404,yug,Yugoslavia,/world-match-centre/teams/country=yug/index.html,ned,Netherlands,/world-match-centre/teams/country=ned/index.html,2-0,""
men,1971,4,Continental Qualifier,3129,Wednesday 21/04/1971,Group 1,9416,19710421,wal,Wales,/world-match-centre/teams/country=wal/index.html,tch,Czechoslovakia,/world-match-centre/teams/country=tch/index.html,1-3,"Vetch Field - Swansea , Wales"
men,1971,4,Continental Qualifier,3129,Wednesday 21/04/1971,Group 3,9429,19710421,sui,Switzerland,/world-match-centre/teams/country=sui/index.html,mlt,Malta,/world-match-centre/teams/country=mlt/index.html,5-0,"Swissporarena - Lucerne , Switzerland"
men,1971,4,Continental Qualifier,3129,Wednesday 21/04/1971,Group 3,9430,19710421,eng,England,/world-match-centre/teams/country=eng/index.html,gre,Greece,/world-match-centre/teams/country=gre/index.html,3-0,"LONDON - London , England"
men,1971,4,Continental Qualifier,3129,Wednesday 21/04/1971,Group 4,9452,19710421,nir,Northern Ireland,/world-match-centre/teams/country=nir/index.html,cyp,Cyprus,/world-match-centre/teams/country=cyp/index.html,5-0,"BELFAST - Belfast , Northern Ireland"
men,1971,4,Continental Qualifier,3129,Wednesday 21/04/1971,Group 5,9466,19710421,por,Portugal,/world-match-centre/teams/country=por/index.html,sco,Scotland,/world-match-centre/teams/country=sco/index.html,2-0,"LISBON - Lisbon , Portugal"
men,1971,4,Continental Qualifier,3129,Saturday 24/04/1971,Group 2,9440,19710424,hun,Hungary,/world-match-centre/teams/country=hun/index.html,fra,France,/world-match-centre/teams/country=fra/index.html,1-1,"BUDAPEST - Budapest , Hungary"
men,1971,4,Continental Qualifier,3129,Saturday 24/04/1971,Group 7,9491,19710424,gdr,German DR,/world-match-centre/teams/country=gdr/index.html,lux,Luxembourg,/world-match-centre/teams/country=lux/index.html,2-1,"Freundschaft - Gera , Germany"
men,1971,4,Continental Qualifier,3129,Sunday 25/04/1971,Group 8,9501,19710425,tur,Turkey,/world-match-centre/teams/country=tur/index.html,frg,Germany FR,/world-match-centre/teams/country=frg/index.html,0-3,"ISTANBUL - Istanbul , Turkey"
men,1971,4,Friendly,2000010101,Sunday 04/04/1971,"",48369,19710404,aut,Austria,/world-match-centre/teams/country=aut/index.html,hun,Hungary,/world-match-centre/teams/country=hun/index.html,0-2,"VIENNA - Vienna , Austria"
men,1971,4,Friendly,2000010101,Wednesday 07/04/1971,"",48368,19710407,gre,Greece,/world-match-centre/teams/country=gre/index.html,bul,Bulgaria,/world-match-centre/teams/country=bul/index.html,0-1,"PIRAEUS - Piraeus , Greece"
men,1971,4,Friendly,2000010101,Wednesday 21/04/1971,"",48366,19710421,yug,Yugoslavia,/world-match-centre/teams/country=yug/index.html,rou,Romania,/world-match-centre/teams/country=rou/index.html,0-1,NOVI SAD - Novi Sad
men,1971,4,Friendly,2000010101,Saturday 24/04/1971,"",48365,19710424,sle,Sierra Leone,/world-match-centre/teams/country=sle/index.html,gam,Gambia,/world-match-centre/teams/country=gam/index.html,3-1,""
men,1971,5,Continental Qualifier,3129,Sunday 09/05/1971,Group 4,9453,19710509,cyp,Cyprus,/world-match-centre/teams/country=cyp/index.html,esp,Spain,/world-match-centre/teams/country=esp/index.html,0-2,"NICOSIA - Nicosia , Cyprus"
men,1971,5,Continental Qualifier,3129,Sunday 09/05/1971,Group 7,9492,19710509,gdr,German DR,/world-match-centre/teams/country=gdr/index.html,yug,Yugoslavia,/world-match-centre/teams/country=yug/index.html,1-2,"Zentralstadion - Leipzig , Germany"
men,1971,5,Continental Qualifier,3129,Monday 10/05/1971,Group 6,9477,19710510,irl,Republic of Ireland,/world-match-centre/teams/country=irl/index.html,ita,Italy,/world-match-centre/teams/country=ita/index.html,1-2,"DUBLIN - Dublin , Republic of Ireland"
men,1971,5,Continental Qualifier,3129,Wednesday 12/05/1971,Group 3,9431,19710512,sui,Switzerland,/world-match-centre/teams/country=sui/index.html,gre,Greece,/world-match-centre/teams/country=gre/index.html,1-0,"Stade de Suisse - Berne , Switzerland"
men,1971,5,Continental Qualifier,3129,Wednesday 12/05/1971,Group 3,9432,19710512,eng,England,/world-match-centre/teams/country=eng/index.html,mlt,Malta,/world-match-centre/teams/country=mlt/index.html,5-0,"LONDON - London , England"
men,1971,5,Continental Qualifier,3129,Wednesday 12/05/1971,Group 5,9467,19710512,por,Portugal,/world-match-centre/teams/country=por/index.html,den,Denmark,/world-match-centre/teams/country=den/index.html,5-0,"PORTO - Porto , Portugal"
men,1971,5,Continental Qualifier,3129,Wednesday 12/05/1971,Group 8,9502,19710512,alb,Albania,/world-match-centre/teams/country=alb/index.html,pol,Poland,/world-match-centre/teams/country=pol/index.html,1-1,"TIRANA - Tirana , Albania"
men,1971,5,Continental Qualifier,3129,Sunday 16/05/1971,Group 1,9417,19710516,tch,Czechoslovakia,/world-match-centre/teams/country=tch/index.html,rou,Romania,/world-match-centre/teams/country=rou/index.html,1-0,"BRATISLAVA - Bratislava , Slovakia"
men,1971,5,Continental Qualifier,3129,Wednesday 19/05/1971,Group 2,9441,19710519,bul,Bulgaria,/world-match-centre/teams/country=bul/index.html,hun,Hungary,/world-match-centre/teams/country=hun/index.html,3-0,"SOFIA - Sofia , Bulgaria"
men,1971,5,Continental Qualifier,3129,Wednesday 26/05/1971,Group 1,9418,19710526,fin,Finland,/world-match-centre/teams/country=fin/index.html,wal,Wales,/world-match-centre/teams/country=wal/index.html,0-1,"HELSINKI - Helsinki , Finland"
men,1971,5,Continental Qualifier,3129,Wednesday 26/05/1971,Group 5,9468,19710526,den,Denmark,/world-match-centre/teams/country=den/index.html,bel,Belgium,/world-match-centre/teams/country=bel/index.html,1-2,"COPENHAGEN - Copenhagen , Denmark"
men,1971,5,Continental Qualifier,3129,Wednesday 26/05/1971,Group 6,9478,19710526,swe,Sweden,/world-match-centre/teams/country=swe/index.html,aut,Austria,/world-match-centre/teams/country=aut/index.html,1-0,"Rasunda Stadium - Solna , Sweden"
men,1971,5,Continental Qualifier,3129,Sunday 30/05/1971,Group 4,9454,19710530,urs,Soviet Union,/world-match-centre/teams/country=urs/index.html,esp,Spain,/world-match-centre/teams/country=esp/index.html,2-1,"[MOSCOW] - Moscow , Russia"
men,1971,5,Continental Qualifier,3129,Sunday 30/05/1971,Group 6,9479,19710530,irl,Republic of Ireland,/world-match-centre/teams/country=irl/index.html,aut,Austria,/world-match-centre/teams/country=aut/index.html,1-4,"DUBLIN - Dublin , Republic of Ireland"
men,1971,5,Continental Qualifier,236376,Friday 21/05/1971,Preliminary Stage,41991,19710521,tha,Thailand,/world-match-centre/teams/country=tha/index.html,cam,Khmer,/world-match-centre/teams/country=cam/index.html,1-1,"BANGKOK - Bangkok , Thailand"
men,1971,5,Continental Qualifier,236376,Saturday 22/05/1971,Preliminary Stage,41992,19710522,idn,Indonesia,/world-match-centre/teams/country=idn/index.html,hkg,Hong Kong,/world-match-centre/teams/country=hkg/index.html,2-1,"BANGKOK - Bangkok , Thailand"
men,1971,5,Continental Qualifier,236376,Saturday 22/05/1971,Preliminary Stage,41993,19710522,mas,Malaysia,/world-match-centre/teams/country=mas/index.html,bru,Brunei Darussalam,/world-match-centre/teams/country=bru/index.html,8-0,"BANGKOK - Bangkok , Thailand"
men,1971,5,Continental Qualifier,236376,Monday 24/05/1971,Group A,41994,19710524,tha,Thailand,/world-match-centre/teams/country=tha/index.html,bru,Brunei Darussalam,/world-match-centre/teams/country=bru/index.html,10-0,"BANGKOK - Bangkok , Thailand"
men,1971,5,Continental Qualifier,236376,Monday 24/05/1971,Group B,41997,19710524,cam,Khmer,/world-match-centre/teams/country=cam/index.html,hkg,Hong Kong,/world-match-centre/teams/country=hkg/index.html,2-1,"BANGKOK - Bangkok , Thailand"
men,1971,5,Continental Qualifier,236376,Wednesday 26/05/1971,Group A,41995,19710526,tha,Thailand,/world-match-centre/teams/country=tha/index.html,idn,Indonesia,/world-match-centre/teams/country=idn/index.html,0-1,"BANGKOK - Bangkok , Thailand"
men,1971,5,Continental Qualifier,236376,Wednesday 26/05/1971,Group B,41998,19710526,mas,Malaysia,/world-match-centre/teams/country=mas/index.html,cam,Khmer,/world-match-centre/teams/country=cam/index.html,2-1,"BANGKOK - Bangkok , Thailand"
men,1971,5,Continental Qualifier,236376,Friday 28/05/1971,Group A,41996,19710528,idn,Indonesia,/world-match-centre/teams/country=idn/index.html,bru,Brunei Darussalam,/world-match-centre/teams/country=bru/index.html,9-0,"BANGKOK - Bangkok , Thailand"
men,1971,5,Continental Qualifier,236376,Friday 28/05/1971,Group B,41999,19710528,mas,Malaysia,/world-match-centre/teams/country=mas/index.html,hkg,Hong Kong,/world-match-centre/teams/country=hkg/index.html,2-1,"BANGKOK - Bangkok , Thailand"
men,1971,5,Continental Qualifier,236376,Sunday 30/05/1971,Semifinals,42000,19710530,cam,Khmer,/world-match-centre/teams/country=cam/index.html,idn,Indonesia,/world-match-centre/teams/country=idn/index.html,2-0,"BANGKOK - Bangkok , Thailand"
men,1971,5,Continental Qualifier,236376,Sunday 30/05/1971,Semifinals,42001,19710530,tha,Thailand,/world-match-centre/teams/country=tha/index.html,mas,Malaysia,/world-match-centre/teams/country=mas/index.html,1-0,"BANGKOK - Bangkok , Thailand"
men,1971,5,Friendly,2000010101,Sunday 02/05/1971,"",48364,19710502,gui,Guinea,/world-match-centre/teams/country=gui/index.html,gam,Gambia,/world-match-centre/teams/country=gam/index.html,4-2,""
men,1971,5,Friendly,2000010101,Sunday 02/05/1971,"",52463,19710502,kor,Korea Republic,/world-match-centre/teams/country=kor/index.html,tha,Thailand,/world-match-centre/teams/country=tha/index.html,1-0,"SEOUL - Seoul , Korea Republic"
men,1971,5,Friendly,2000010101,Sunday 02/05/1971,"",52468,19710502,hkg,Hong Kong,/world-match-centre/teams/country=hkg/index.html,vie,South Vietnam,/world-match-centre/teams/country=vie/index.html,2-0,"SEOUL - Seoul , Korea Republic"
men,1971,5,Friendly,2000010101,Sunday 02/05/1971,"",52469,19710502,mya,Burma,/world-match-centre/teams/country=mya/index.html,idn,Indonesia,/world-match-centre/teams/country=idn/index.html,3-1,"SEOUL - Seoul , Korea Republic"
men,1971,5,Friendly,2000010101,Monday 03/05/1971,"",52462,19710503,mas,Malaysia,/world-match-centre/teams/country=mas/index.html,cam,Khmer,/world-match-centre/teams/country=cam/index.html,3-1,"SEOUL - Seoul , Korea Republic"
men,1971,5,Friendly,2000010101,Tuesday 04/05/1971,"",52466,19710504,idn,Indonesia,/world-match-centre/teams/country=idn/index.html,vie,South Vietnam,/world-match-centre/teams/country=vie/index.html,9-1,"SEOUL - Seoul , Korea Republic"
men,1971,5,Friendly,2000010101,Tuesday 04/05/1971,"",52467,19710504,mya,Burma,/world-match-centre/teams/country=mya/index.html,hkg,Hong Kong,/world-match-centre/teams/country=hkg/index.html,2-0,"SEOUL - Seoul , Korea Republic"
men,1971,5,Friendly,2000010101,Wednesday 05/05/1971,"",48363,19710505,sui,Switzerland,/world-match-centre/teams/country=sui/index.html,pol,Poland,/world-match-centre/teams/country=pol/index.html,2-4,"LAUSANNE - Lausanne , Switzerland"
men,1971,5,Friendly,2000010101,Wednesday 05/05/1971,"",52461,19710505,tha,Thailand,/world-match-centre/teams/country=tha/index.html,cam,Khmer,/world-match-centre/teams/country=cam/index.html,4-3,"SEOUL - Seoul , Korea Republic"
men,1971,5,Friendly,2000010101,Thursday 06/05/1971,"",52460,19710506,kor,Korea Republic,/world-match-centre/teams/country=kor/index.html,mas,Malaysia,/world-match-centre/teams/country=mas/index.html,5-1,"SEOUL - Seoul , Korea Republic"
men,1971,5,Friendly,2000010101,Thursday 06/05/1971,"",52464,19710506,idn,Indonesia,/world-match-centre/teams/country=idn/index.html,hkg,Hong Kong,/world-match-centre/teams/country=hkg/index.html,2-1,"SEOUL - Seoul , Korea Republic"
men,1971,5,Friendly,2000010101,Thursday 06/05/1971,"",52465,19710506,mya,Burma,/world-match-centre/teams/country=mya/index.html,vie,South Vietnam,/world-match-centre/teams/country=vie/index.html,2-0,"SEOUL - Seoul , Korea Republic"
men,1971,5,Friendly,2000010101,Saturday 08/05/1971,"",52459,19710508,mas,Malaysia,/world-match-centre/teams/country=mas/index.html,tha,Thailand,/world-match-centre/teams/country=tha/index.html,4-1,"SEOUL - Seoul , Korea Republic"
men,1971,5,Friendly,2000010101,Sunday 09/05/1971,"",52458,19710509,kor,Korea Republic,/world-match-centre/teams/country=kor/index.html,cam,Khmer,/world-match-centre/teams/country=cam/index.html,2-0,"SEOUL - Seoul , Korea Republic"
men,1971,5,Friendly,2000010101,Tuesday 11/05/1971,"",52470,19710511,kor,Korea Republic,/world-match-centre/teams/country=kor/index.html,idn,Indonesia,/world-match-centre/teams/country=idn/index.html,3-0,"SEOUL - Seoul , Korea Republic"
men,1971,5,Friendly,2000010101,Tuesday 11/05/1971,"",52471,19710511,mya,Burma,/world-match-centre/teams/country=mya/index.html,mas,Malaysia,/world-match-centre/teams/country=mas/index.html,6-1,"SEOUL - Seoul , Korea Republic"
men,1971,5,Friendly,2000010101,Thursday 13/05/1971,"",52472,19710513,idn,Indonesia,/world-match-centre/teams/country=idn/index.html,mas,Malaysia,/world-match-centre/teams/country=mas/index.html,4-2,"SEOUL - Seoul , Korea Republic"
men,1971,5,Friendly,2000010101,Thursday 13/05/1971,"",52474,19710513,kor,Korea Republic,/world-match-centre/teams/country=kor/index.html,mya,Burma,/world-match-centre/teams/country=mya/index.html,0-0,"SEOUL - Seoul , Korea Republic"
men,1971,5,Friendly,2000010101,Saturday 15/05/1971,"",44228,19710515,nir,Northern Ireland,/world-match-centre/teams/country=nir/index.html,eng,England,/world-match-centre/teams/country=eng/index.html,0-1,"BELFAST - Belfast , Northern Ireland"
men,1971,5,Friendly,2000010101,Saturday 15/05/1971,"",44229,19710515,wal,Wales,/world-match-centre/teams/country=wal/index.html,sco,Scotland,/world-match-centre/teams/country=sco/index.html,0-0,"CARDIFF - Cardiff , Wales"
men,1971,5,Friendly,2000010101,Saturday 15/05/1971,"",52473,19710515,kor,Korea Republic,/world-match-centre/teams/country=kor/index.html,mya,Burma,/world-match-centre/teams/country=mya/index.html,0-0,"SEOUL - Seoul , Korea Republic"
men,1971,5,Friendly,2000010101,Tuesday 18/05/1971,"",44230,19710518,sco,Scotland,/world-match-centre/teams/country=sco/index.html,nir,Northern Ireland,/world-match-centre/teams/country=nir/index.html,0-1,"GLASGOW - Glasgow , Scotland"
men,1971,5,Friendly,2000010101,Wednesday 19/05/1971,"",44231,19710519,eng,England,/world-match-centre/teams/country=eng/index.html,wal,Wales,/world-match-centre/teams/country=wal/index.html,0-0,"LONDON - London , England"
men,1971,5,Friendly,2000010101,Thursday 20/05/1971,"",52311,19710520,swe,Sweden,/world-match-centre/teams/country=swe/index.html,fin,Finland,/world-match-centre/teams/country=fin/index.html,4-1,"BORAS - Boras , Sweden"
men,1971,5,Friendly,2000010101,Thursday 20/05/1971,"",48361,19710520,lux,Luxembourg,/world-match-centre/teams/country=lux/index.html,bel,Belgium,/world-match-centre/teams/country=bel/index.html,0-4,"LUXEMBOURG - Luxembourg , Luxembourg"
men,1971,5,Friendly,2000010101,Saturday 22/05/1971,"",44232,19710522,eng,England,/world-match-centre/teams/country=eng/index.html,sco,Scotland,/world-match-centre/teams/country=sco/index.html,3-1,"LONDON - London , England"
men,1971,5,Friendly,2000010101,Saturday 22/05/1971,"",44233,19710522,nir,Northern Ireland,/world-match-centre/teams/country=nir/index.html,wal,Wales,/world-match-centre/teams/country=wal/index.html,1-0,"BELFAST - Belfast , Northern Ireland"
men,1971,5,Friendly,2000010101,Tuesday 25/05/1971,"",48360,19710525,uga,Uganda,/world-match-centre/teams/country=uga/index.html,mwi,Malawi,/world-match-centre/teams/country=mwi/index.html,3-3,""
men,1971,5,Friendly,2000010101,Wednesday 26/05/1971,"",48359,19710526,nor,Norway,/world-match-centre/teams/country=nor/index.html,isl,Iceland,/world-match-centre/teams/country=isl/index.html,3-1,"BERGEN - Bergen , Norway"
men,1971,6,Continental Qualifier,3129,Monday 07/06/1971,Group 4,9455,19710607,urs,Soviet Union,/world-match-centre/teams/country=urs/index.html,cyp,Cyprus,/world-match-centre/teams/country=cyp/index.html,6-1,"[MOSCOW] - Moscow , Russia"
men,1971,6,Continental Qualifier,3129,Wednesday 09/06/1971,Group 2,9442,19710609,nor,Norway,/world-match-centre/teams/country=nor/index.html,bul,Bulgaria,/world-match-centre/teams/country=bul/index.html,1-4,"OSLO - Oslo , Norway"
men,1971,6,Continental Qualifier,3129,Wednesday 09/06/1971,Group 5,9469,19710609,den,Denmark,/world-match-centre/teams/country=den/index.html,sco,Scotland,/world-match-centre/teams/country=sco/index.html,1-0,"COPENHAGEN - Copenhagen , Denmark"
men,1971,6,Continental Qualifier,3129,Wednesday 09/06/1971,Group 6,9480,19710609,swe,Sweden,/world-match-centre/teams/country=swe/index.html,ita,Italy,/world-match-centre/teams/country=ita/index.html,0-0,"Rasunda Stadium - Solna , Sweden"
men,1971,6,Continental Qualifier,3129,Saturday 12/06/1971,Group 8,9503,19710612,frg,Germany FR,/world-match-centre/teams/country=frg/index.html,alb,Albania,/world-match-centre/teams/country=alb/index.html,2-0,"Wildparkstadion - Karlsruhe , Germany"
men,1971,6,Continental Qualifier,3129,Wednesday 16/06/1971,Group 1,9419,19710616,fin,Finland,/world-match-centre/teams/country=fin/index.html,tch,Czechoslovakia,/world-match-centre/teams/country=tch/index.html,0-4,"HELSINKI - Helsinki , Finland"
men,1971,6,Continental Qualifier,3129,Friday 18/06/1971,Group 3,9433,19710618,gre,Greece,/world-match-centre/teams/country=gre/index.html,mlt,Malta,/world-match-centre/teams/country=mlt/index.html,2-0,"ATHENS - Athens , Greece"
men,1971,6,Continental Qualifier,236376,Tuesday 01/06/1971,Match for 3rd place,42002,19710601,mas,Malaysia,/world-match-centre/teams/country=mas/index.html,idn,Indonesia,/world-match-centre/teams/country=idn/index.html,3-0,"BANGKOK - Bangkok , Thailand"
men,1971,6,Continental Qualifier,236376,Tuesday 01/06/1971,Final,42003,19710601,tha,Thailand,/world-match-centre/teams/country=tha/index.html,cam,Khmer,/world-match-centre/teams/country=cam/index.html,4-2,"BANGKOK - Bangkok , Thailand"
men,1971,6,Friendly,2000010101,Sunday 20/06/1971,"",52310,19710620,den,Denmark,/world-match-centre/teams/country=den/index.html,swe,Sweden,/world-match-centre/teams/country=swe/index.html,1-3,"COPENHAGEN - Copenhagen , Denmark"
men,1971,6,Friendly,2000010101,Tuesday 22/06/1971,"",48357,19710622,nor,Norway,/world-match-centre/teams/country=nor/index.html,frg,Germany FR,/world-match-centre/teams/country=frg/index.html,1-7,"OSLO - Oslo , Norway"
men,1971,6,Friendly,2000010101,Sunday 27/06/1971,"",48355,19710627,swe,Sweden,/world-match-centre/teams/country=swe/index.html,frg,Germany FR,/world-match-centre/teams/country=frg/index.html,1-0,"GOTHENBURG - Gothenburg , Sweden"
men,1971,6,Friendly,2000010101,Sunday 27/06/1971,"",48356,19710627,mad,Madagascar,/world-match-centre/teams/country=mad/index.html,mri,Mauritius,/world-match-centre/teams/country=mri/index.html,1-1,""
men,1971,6,Friendly,2000010101,Wednesday 30/06/1971,"",48354,19710630,den,Denmark,/world-match-centre/teams/country=den/index.html,frg,Germany FR,/world-match-centre/teams/country=frg/index.html,1-3,"COPENHAGEN - Copenhagen , Denmark"
men,1971,7,Continental Qualifier,236470,Sunday 04/07/1971,Second Stage,42185,19710704,ken,Kenya,/world-match-centre/teams/country=ken/index.html,mri,Mauritius,/world-match-centre/teams/country=mri/index.html,2-1,""
men,1971,7,Continental Qualifier,236470,Tuesday 13/07/1971,First Stage,42182,19710713,lby,Libya,/world-match-centre/teams/country=lby/index.html,egy,Egypt,/world-match-centre/teams/country=egy/index.html,0-1,"TRIPOLI - Tripoli , Libya"
men,1971,7,Continental Qualifier,236470,Sunday 18/07/1971,Second Stage,42186,19710718,mri,Mauritius,/world-match-centre/teams/country=mri/index.html,ken,Kenya,/world-match-centre/teams/country=ken/index.html,0-0,"PORT LOUIS - Port Louis , Mauritius"
men,1971,7,Friendly,2000010101,Sunday 04/07/1971,"",48353,19710704,par,Paraguay,/world-match-centre/teams/country=par/index.html,arg,Argentina,/world-match-centre/teams/country=arg/index.html,1-1,"ASUNCION - Asuncion , Paraguay"
men,1971,7,Friendly,2000010101,Tuesday 06/07/1971,"",48352,19710706,mex,Mexico,/world-match-centre/teams/country=mex/index.html,gre,Greece,/world-match-centre/teams/country=gre/index.html,1-1,"MEXICO CITY - Mexico City , Mexico"
men,1971,7,Friendly,2000010101,Friday 09/07/1971,"",48351,19710709,arg,Argentina,/world-match-centre/teams/country=arg/index.html,par,Paraguay,/world-match-centre/teams/country=par/index.html,1-0,"ROSARIO - Rosario , Argentina"
men,1971,7,Friendly,2000010101,Sunday 11/07/1971,"",48350,19710711,bra,Brazil,/world-match-centre/teams/country=bra/index.html,aut,Austria,/world-match-centre/teams/country=aut/index.html,1-1,"Morumbi - Est叩dio C鱈cero Pompeu de Toledo - Sao Paulo , Brazil"
men,1971,7,Friendly,2000010101,Wednesday 14/07/1971,"",48346,19710714,tan,Tanzania,/world-match-centre/teams/country=tan/index.html,gui,Guinea,/world-match-centre/teams/country=gui/index.html,3-2,""
men,1971,7,Friendly,2000010101,Wednesday 14/07/1971,"",48347,19710714,chi,Chile,/world-match-centre/teams/country=chi/index.html,par,Paraguay,/world-match-centre/teams/country=par/index.html,3-2,"SANTIAGO DE CHILE - Santiago De Chile , Chile"
men,1971,7,Friendly,2000010101,Wednesday 14/07/1971,"",48348,19710714,bra,Brazil,/world-match-centre/teams/country=bra/index.html,tch,Czechoslovakia,/world-match-centre/teams/country=tch/index.html,1-0,"Estadio do Maracan達 - Rio De Janeiro , Brazil"
men,1971,7,Friendly,2000010101,Wednesday 14/07/1971,"",48349,19710714,arg,Argentina,/world-match-centre/teams/country=arg/index.html,uru,Uruguay,/world-match-centre/teams/country=uru/index.html,1-0,"BUENOS AIRES - Buenos Aires , Argentina"
men,1971,7,Friendly,2000010101,Friday 16/07/1971,"",48345,19710716,lby,Libya,/world-match-centre/teams/country=lby/index.html,sdn,Sudan,/world-match-centre/teams/country=sdn/index.html,4-6,""
men,1971,7,Friendly,2000010101,Sunday 18/07/1971,"",48341,19710718,zam,Zambia,/world-match-centre/teams/country=zam/index.html,gui,Guinea,/world-match-centre/teams/country=gui/index.html,4-2,""
men,1971,7,Friendly,2000010101,Sunday 18/07/1971,"",48342,19710718,uru,Uruguay,/world-match-centre/teams/country=uru/index.html,arg,Argentina,/world-match-centre/teams/country=arg/index.html,1-1,"MONTEVIDEO - Montevideo , Uruguay"
men,1971,7,Friendly,2000010101,Sunday 18/07/1971,"",48344,19710718,bra,Brazil,/world-match-centre/teams/country=bra/index.html,yug,Yugoslavia,/world-match-centre/teams/country=yug/index.html,2-2,"Estadio do Maracan達 - Rio De Janeiro , Brazil"
men,1971,7,Friendly,2000010101,Wednesday 21/07/1971,"",48337,19710721,zam,Zambia,/world-match-centre/teams/country=zam/index.html,gui,Guinea,/world-match-centre/teams/country=gui/index.html,1-5,""
men,1971,7,Friendly,2000010101,Wednesday 21/07/1971,"",48338,19710721,chi,Chile,/world-match-centre/teams/country=chi/index.html,arg,Argentina,/world-match-centre/teams/country=arg/index.html,2-2,"SANTIAGO DE CHILE - Santiago De Chile , Chile"
men,1971,7,Friendly,2000010101,Wednesday 21/07/1971,"",48339,19710721,bra,Brazil,/world-match-centre/teams/country=bra/index.html,hun,Hungary,/world-match-centre/teams/country=hun/index.html,0-0,"Estadio do Maracan達 - Rio De Janeiro , Brazil"
men,1971,7,Friendly,2000010101,Saturday 24/07/1971,"",48336,19710724,bra,Brazil,/world-match-centre/teams/country=bra/index.html,par,Paraguay,/world-match-centre/teams/country=par/index.html,1-0,"RIO DE JANEIRO - Rio De Janeiro , Brazil"
men,1971,7,Friendly,2000010101,Sunday 25/07/1971,"",48334,19710725,zam,Zambia,/world-match-centre/teams/country=zam/index.html,gui,Guinea,/world-match-centre/teams/country=gui/index.html,2-1,""
men,1971,7,Friendly,2000010101,Sunday 25/07/1971,"",48335,19710725,sen,Senegal,/world-match-centre/teams/country=sen/index.html,sle,Sierra Leone,/world-match-centre/teams/country=sle/index.html,2-1,""
men,1971,7,Friendly,2000010101,Tuesday 27/07/1971,"",48333,19710727,per,Peru,/world-match-centre/teams/country=per/index.html,par,Paraguay,/world-match-centre/teams/country=par/index.html,0-0,"LIMA - Lima , Peru"
men,1971,7,Friendly,2000010101,Wednesday 28/07/1971,"",48331,19710728,den,Denmark,/world-match-centre/teams/country=den/index.html,jpn,Japan,/world-match-centre/teams/country=jpn/index.html,3-2,"COPENHAGEN - Copenhagen , Denmark"
men,1971,7,Friendly,2000010101,Wednesday 28/07/1971,"",48332,19710728,arg,Argentina,/world-match-centre/teams/country=arg/index.html,bra,Brazil,/world-match-centre/teams/country=bra/index.html,1-1,"BUENOS AIRES - Buenos Aires , Argentina"
men,1971,7,Friendly,2000010101,Saturday 31/07/1971,"",48330,19710731,arg,Argentina,/world-match-centre/teams/country=arg/index.html,bra,Brazil,/world-match-centre/teams/country=bra/index.html,2-2,"BUENOS AIRES - Buenos Aires , Argentina"
men,1971,8,Continental Qualifier,236470,Wednesday 18/08/1971,First Stage,42183,19710818,gui,Guinea,/world-match-centre/teams/country=gui/index.html,sen,Senegal,/world-match-centre/teams/country=sen/index.html,1-0,""
men,1971,8,Friendly,2000010101,Wednesday 04/08/1971,"",48329,19710804,arg,Argentina,/world-match-centre/teams/country=arg/index.html,chi,Chile,/world-match-centre/teams/country=chi/index.html,1-0,"BUENOS AIRES - Buenos Aires , Argentina"
men,1971,8,Friendly,2000010101,Thursday 05/08/1971,"",51766,19710805,sin,Singapore,/world-match-centre/teams/country=sin/index.html,idn,Indonesia,/world-match-centre/teams/country=idn/index.html,0-4,"Merdeka - Kuala Lumpur , Malaysia"
men,1971,8,Friendly,2000010101,Friday 06/08/1971,"",51742,19710806,mas,Malaysia,/world-match-centre/teams/country=mas/index.html,vie,South Vietnam,/world-match-centre/teams/country=vie/index.html,2-0,"Merdeka - Kuala Lumpur , Malaysia"
men,1971,8,Friendly,2000010101,Friday 06/08/1971,"",51765,19710806,ind,India,/world-match-centre/teams/country=ind/index.html,mya,Burma,/world-match-centre/teams/country=mya/index.html,1-9,"Merdeka - Kuala Lumpur , Malaysia"
men,1971,8,Friendly,2000010101,Saturday 07/08/1971,"",51749,19710807,vie,South Vietnam,/world-match-centre/teams/country=vie/index.html,tha,Thailand,/world-match-centre/teams/country=tha/index.html,4-2,"Merdeka - Kuala Lumpur , Malaysia"
men,1971,8,Friendly,2000010101,Saturday 07/08/1971,"",51764,19710807,phi,Philippines,/world-match-centre/teams/country=phi/index.html,hkg,Hong Kong,/world-match-centre/teams/country=hkg/index.html,1-2,"Merdeka - Kuala Lumpur , Malaysia"
men,1971,8,Friendly,2000010101,Sunday 08/08/1971,"",48327,19710808,par,Paraguay,/world-match-centre/teams/country=par/index.html,chi,Chile,/world-match-centre/teams/country=chi/index.html,2-0,"ASUNCION - Asuncion , Paraguay"
men,1971,8,Friendly,2000010101,Sunday 08/08/1971,"",52309,19710808,swe,Sweden,/world-match-centre/teams/country=swe/index.html,nor,Norway,/world-match-centre/teams/country=nor/index.html,3-0,"MALMO - Malm旦 , Sweden"
men,1971,8,Friendly,2000010101,Sunday 08/08/1971,"",51748,19710808,vie,South Vietnam,/world-match-centre/teams/country=vie/index.html,kor,Korea Republic,/world-match-centre/teams/country=kor/index.html,0-1,"Merdeka - Kuala Lumpur , Malaysia"
men,1971,8,Friendly,2000010101,Sunday 08/08/1971,"",51763,19710808,idn,Indonesia,/world-match-centre/teams/country=idn/index.html,hkg,Hong Kong,/world-match-centre/teams/country=hkg/index.html,3-0,"Merdeka - Kuala Lumpur , Malaysia"
men,1971,8,Friendly,2000010101,Monday 09/08/1971,"",51762,19710809,sin,Singapore,/world-match-centre/teams/country=sin/index.html,ind,India,/world-match-centre/teams/country=ind/index.html,2-2,"Merdeka - Kuala Lumpur , Malaysia"
men,1971,8,Friendly,2000010101,Tuesday 10/08/1971,"",51746,19710810,tha,Thailand,/world-match-centre/teams/country=tha/index.html,tpe,Chinese Taipei,/world-match-centre/teams/country=tpe/index.html,0-4,"Merdeka - Kuala Lumpur , Malaysia"
men,1971,8,Friendly,2000010101,Tuesday 10/08/1971,"",51761,19710810,phi,Philippines,/world-match-centre/teams/country=phi/index.html,mya,Burma,/world-match-centre/teams/country=mya/index.html,0-2,"Merdeka - Kuala Lumpur , Malaysia"
men,1971,8,Friendly,2000010101,Wednesday 11/08/1971,"",48326,19710811,per,Peru,/world-match-centre/teams/country=per/index.html,chi,Chile,/world-match-centre/teams/country=chi/index.html,1-0,"LIMA - Lima , Peru"
men,1971,8,Friendly,2000010101,Wednesday 11/08/1971,"",51745,19710811,vie,South Vietnam,/world-match-centre/teams/country=vie/index.html,tpe,Chinese Taipei,/world-match-centre/teams/country=tpe/index.html,2-3,"Merdeka - Kuala Lumpur , Malaysia"
men,1971,8,Friendly,2000010101,Wednesday 11/08/1971,"",51760,19710811,hkg,Hong Kong,/world-match-centre/teams/country=hkg/index.html,mya,Burma,/world-match-centre/teams/country=mya/index.html,0-4,"Merdeka - Kuala Lumpur , Malaysia"
men,1971,8,Friendly,2000010101,Thursday 12/08/1971,"",51759,19710812,idn,Indonesia,/world-match-centre/teams/country=idn/index.html,ind,India,/world-match-centre/teams/country=ind/index.html,3-1,"Merdeka - Kuala Lumpur , Malaysia"
men,1971,8,Friendly,2000010101,Friday 13/08/1971,"",48325,19710813,isl,Iceland,/world-match-centre/teams/country=isl/index.html,jpn,Japan,/world-match-centre/teams/country=jpn/index.html,0-2,"Laugardalsvollur - Reykjavik , Iceland"
men,1971,8,Friendly,2000010101,Friday 13/08/1971,"",51758,19710813,sin,Singapore,/world-match-centre/teams/country=sin/index.html,phi,Philippines,/world-match-centre/teams/country=phi/index.html,4-4,"Merdeka - Kuala Lumpur , Malaysia"
men,1971,8,Friendly,2000010101,Saturday 14/08/1971,"",51743,19710814,mas,Malaysia,/world-match-centre/teams/country=mas/index.html,tha,Thailand,/world-match-centre/teams/country=tha/index.html,0-2,"Merdeka - Kuala Lumpur , Malaysia"
men,1971,8,Friendly,2000010101,Saturday 14/08/1971,"",51757,19710814,sin,Singapore,/world-match-centre/teams/country=sin/index.html,hkg,Hong Kong,/world-match-centre/teams/country=hkg/index.html,2-1,"Merdeka - Kuala Lumpur , Malaysia"
men,1971,8,Friendly,2000010101,Sunday 15/08/1971,"",48323,19710815,par,Paraguay,/world-match-centre/teams/country=par/index.html,per,Peru,/world-match-centre/teams/country=per/index.html,2-0,"ASUNCION - Asuncion , Paraguay"
men,1971,8,Friendly,2000010101,Sunday 15/08/1971,"",48324,19710815,bol,Bolivia,/world-match-centre/teams/country=bol/index.html,chi,Chile,/world-match-centre/teams/country=chi/index.html,3-4,"LA PAZ - La Paz , Bolivia"
men,1971,8,Friendly,2000010101,Sunday 15/08/1971,"",51741,19710815,tpe,Chinese Taipei,/world-match-centre/teams/country=tpe/index.html,kor,Korea Republic,/world-match-centre/teams/country=kor/index.html,1-0,"Merdeka - Kuala Lumpur , Malaysia"
men,1971,8,Friendly,2000010101,Sunday 15/08/1971,"",51756,19710815,idn,Indonesia,/world-match-centre/teams/country=idn/index.html,mya,Burma,/world-match-centre/teams/country=mya/index.html,2-2,"Merdeka - Kuala Lumpur , Malaysia"
men,1971,8,Friendly,2000010101,Monday 16/08/1971,"",51755,19710816,phi,Philippines,/world-match-centre/teams/country=phi/index.html,ind,India,/world-match-centre/teams/country=ind/index.html,1-5,"Merdeka - Kuala Lumpur , Malaysia"
men,1971,8,Friendly,2000010101,Tuesday 17/08/1971,"",51754,19710817,ind,India,/world-match-centre/teams/country=ind/index.html,hkg,Hong Kong,/world-match-centre/teams/country=hkg/index.html,1-2,"Merdeka - Kuala Lumpur , Malaysia"
men,1971,8,Friendly,2000010101,Wednesday 18/08/1971,"",48321,19710818,chi,Chile,/world-match-centre/teams/country=chi/index.html,per,Peru,/world-match-centre/teams/country=per/index.html,1-0,"SANTIAGO DE CHILE - Santiago De Chile , Chile"
men,1971,8,Friendly,2000010101,Wednesday 18/08/1971,"",48322,19710818,mex,Mexico,/world-match-centre/teams/country=mex/index.html,gdr,German DR,/world-match-centre/teams/country=gdr/index.html,0-1,"GUADALAJARA - Guadalajara , Mexico"
men,1971,8,Friendly,2000010101,Wednesday 18/08/1971,"",51737,19710818,tha,Thailand,/world-match-centre/teams/country=tha/index.html,kor,Korea Republic,/world-match-centre/teams/country=kor/index.html,0-4,"Merdeka - Kuala Lumpur , Malaysia"
men,1971,8,Friendly,2000010101,Wednesday 18/08/1971,"",51752,19710818,sin,Singapore,/world-match-centre/teams/country=sin/index.html,mya,Burma,/world-match-centre/teams/country=mya/index.html,1-0,"Merdeka - Kuala Lumpur , Malaysia"
men,1971,8,Friendly,2000010101,Wednesday 18/08/1971,"",51753,19710818,phi,Philippines,/world-match-centre/teams/country=phi/index.html,idn,Indonesia,/world-match-centre/teams/country=idn/index.html,1-3,"Merdeka - Kuala Lumpur , Malaysia"
men,1971,8,Friendly,2000010101,Friday 20/08/1971,"",51738,19710820,mas,Malaysia,/world-match-centre/teams/country=mas/index.html,tpe,Chinese Taipei,/world-match-centre/teams/country=tpe/index.html,0-0,"Merdeka - Kuala Lumpur , Malaysia"
men,1971,8,Friendly,2000010101,Friday 20/08/1971,"",51767,19710820,tpe,Chinese Taipei,/world-match-centre/teams/country=tpe/index.html,idn,Indonesia,/world-match-centre/teams/country=idn/index.html,0-1,"Merdeka - Kuala Lumpur , Malaysia"
men,1971,8,Friendly,2000010101,Friday 20/08/1971,"",51768,19710820,kor,Korea Republic,/world-match-centre/teams/country=kor/index.html,mya,Burma,/world-match-centre/teams/country=mya/index.html,0-1,"Merdeka - Kuala Lumpur , Malaysia"
men,1971,8,Friendly,2000010101,Saturday 21/08/1971,"",51771,19710821,tha,Thailand,/world-match-centre/teams/country=tha/index.html,phi,Philippines,/world-match-centre/teams/country=phi/index.html,1-3,"Merdeka - Kuala Lumpur , Malaysia"
men,1971,8,Friendly,2000010101,Saturday 21/08/1971,"",51773,19710821,vie,South Vietnam,/world-match-centre/teams/country=vie/index.html,hkg,Hong Kong,/world-match-centre/teams/country=hkg/index.html,3-1,"Merdeka - Kuala Lumpur , Malaysia"
men,1971,8,Friendly,2000010101,Saturday 21/08/1971,"",51774,19710821,mas,Malaysia,/world-match-centre/teams/country=mas/index.html,sin,Singapore,/world-match-centre/teams/country=sin/index.html,4-2,"Merdeka - Kuala Lumpur , Malaysia"
men,1971,8,Friendly,2000010101,Sunday 22/08/1971,"",51769,19710822,tpe,Chinese Taipei,/world-match-centre/teams/country=tpe/index.html,kor,Korea Republic,/world-match-centre/teams/country=kor/index.html,0-2,"Merdeka - Kuala Lumpur , Malaysia"
men,1971,8,Friendly,2000010101,Monday 23/08/1971,"",51770,19710823,idn,Indonesia,/world-match-centre/teams/country=idn/index.html,mya,Burma,/world-match-centre/teams/country=mya/index.html,0-1,"Merdeka - Kuala Lumpur , Malaysia"
men,1971,8,Friendly,2000010101,Wednesday 25/08/1971,"",52308,19710825,fin,Finland,/world-match-centre/teams/country=fin/index.html,nor,Norway,/world-match-centre/teams/country=nor/index.html,1-1,"HELSINKI - Helsinki , Finland"
men,1971,8,Friendly,2000010101,Friday 27/08/1971,"",48320,19710827,kor,Korea Republic,/world-match-centre/teams/country=kor/index.html,phi,Philippines,/world-match-centre/teams/country=phi/index.html,2-1,"KUALA LUMPUR - Shah Alam , Malaysia"
men,1971,8,Friendly,2000010101,Saturday 28/08/1971,"",48319,19710828,kor,Korea Republic,/world-match-centre/teams/country=kor/index.html,sin,Singapore,/world-match-centre/teams/country=sin/index.html,4-1,"SINGAPORE - Singapore , Singapore"
men,1971,8,Friendly,2000010101,Wednesday 01/09/1971,"",48318,19710901,hun,Hungary,/world-match-centre/teams/country=hun/index.html,yug,Yugoslavia,/world-match-centre/teams/country=yug/index.html,2-1,"BUDAPEST - Budapest , Bulgaria"
men,1971,9,Continental Qualifier,3129,Saturday 04/09/1971,Group 6,9481,19710904,aut,Austria,/world-match-centre/teams/country=aut/index.html,swe,Sweden,/world-match-centre/teams/country=swe/index.html,1-0,"VIENNA - Vienna , Austria"
men,1971,9,Continental Qualifier,3129,Wednesday 08/09/1971,Group 2,9443,19710908,nor,Norway,/world-match-centre/teams/country=nor/index.html,fra,France,/world-match-centre/teams/country=fra/index.html,1-3,"OSLO - Oslo , Norway"
men,1971,9,Continental Qualifier,3129,Wednesday 22/09/1971,Group 1,9420,19710922,fin,Finland,/world-match-centre/teams/country=fin/index.html,rou,Romania,/world-match-centre/teams/country=rou/index.html,0-4,"HELSINKI - Helsinki , Finland"
men,1971,9,Continental Qualifier,3129,Wednesday 22/09/1971,Group 4,9456,19710922,urs,Soviet Union,/world-match-centre/teams/country=urs/index.html,nir,Northern Ireland,/world-match-centre/teams/country=nir/index.html,1-0,"[MOSCOW] - Moscow , Russia"
men,1971,9,Continental Qualifier,3129,Wednesday 22/09/1971,Group 8,9504,19710922,pol,Poland,/world-match-centre/teams/country=pol/index.html,tur,Turkey,/world-match-centre/teams/country=tur/index.html,5-1,"KRAKOW - Krakow , Poland"
men,1971,9,Continental Qualifier,3129,Saturday 25/09/1971,Group 2,9444,19710925,hun,Hungary,/world-match-centre/teams/country=hun/index.html,bul,Bulgaria,/world-match-centre/teams/country=bul/index.html,2-0,"BUDAPEST - Budapest , Hungary"
men,1971,9,Continental Qualifier,236470,Wednesday 01/09/1971,First Stage,42184,19710901,sen,Senegal,/world-match-centre/teams/country=sen/index.html,gui,Guinea,/world-match-centre/teams/country=gui/index.html,0-0,""
men,1971,9,Continental Qualifier,236555,Monday 13/09/1971,Central America,42398,19710913,slv,El Salvador,/world-match-centre/teams/country=slv/index.html,nca,Nicaragua,/world-match-centre/teams/country=nca/index.html,3-2,"SAN SALVADOR - San Salvador , El Salvador"
men,1971,9,Continental Qualifier,236555,Wednesday 15/09/1971,Central America,42399,19710915,slv,El Salvador,/world-match-centre/teams/country=slv/index.html,nca,Nicaragua,/world-match-centre/teams/country=nca/index.html,1-0,"SAN SALVADOR - San Salvador , El Salvador"
men,1971,9,Friendly,2000010101,Wednesday 01/09/1971,"",48318,19710901,hun,Hungary,/world-match-centre/teams/country=hun/index.html,yug,Yugoslavia,/world-match-centre/teams/country=yug/index.html,2-1,"BUDAPEST - Budapest , Bulgaria"
men,1971,9,Friendly,2000010101,Wednesday 08/09/1971,"",48317,19710908,frg,Germany FR,/world-match-centre/teams/country=frg/index.html,mex,Mexico,/world-match-centre/teams/country=mex/index.html,5-0,HANOVER - Hanover
men,1971,9,Friendly,2000010101,Wednesday 08/09/1971,"",52307,19710908,den,Denmark,/world-match-centre/teams/country=den/index.html,fin,Finland,/world-match-centre/teams/country=fin/index.html,0-0,"COPENHAGEN - Copenhagen , Denmark"
men,1971,9,Friendly,2000010101,Friday 10/09/1971,"",48316,19710910,kor,Korea Republic,/world-match-centre/teams/country=kor/index.html,irn,Iran,/world-match-centre/teams/country=irn/index.html,2-0,"SEOUL - Seoul , Korea Republic"
men,1971,9,Friendly,2000010101,Saturday 11/09/1971,"",48315,19710911,mar,Morocco,/world-match-centre/teams/country=mar/index.html,mex,Mexico,/world-match-centre/teams/country=mex/index.html,2-1,"CASABLANCA - Casablanca , Morocco"
men,1971,9,Friendly,2000010101,Sunday 12/09/1971,"",48314,19710912,kor,Korea Republic,/world-match-centre/teams/country=kor/index.html,irn,Iran,/world-match-centre/teams/country=irn/index.html,0-2,"SEOUL - Seoul , Korea Republic"
men,1971,9,Friendly,2000010101,Saturday 18/09/1971,"",48313,19710918,gdr,German DR,/world-match-centre/teams/country=gdr/index.html,mex,Mexico,/world-match-centre/teams/country=mex/index.html,1-1,LEIPZIG - Leipzig
men,1971,9,Friendly,2000010101,Wednesday 22/09/1971,"",48312,19710922,yug,Yugoslavia,/world-match-centre/teams/country=yug/index.html,mex,Mexico,/world-match-centre/teams/country=mex/index.html,4-0,SARAJEVO - Sarajevo
men,1971,9,Friendly,2000010101,Saturday 25/09/1971,"",48309,19710925,ken,Kenya,/world-match-centre/teams/country=ken/index.html,tan,Tanzania,/world-match-centre/teams/country=tan/index.html,1-1,""
men,1971,9,Friendly,2000010101,Saturday 25/09/1971,"",48310,19710925,ita,Italy,/world-match-centre/teams/country=ita/index.html,mex,Mexico,/world-match-centre/teams/country=mex/index.html,2-0,"Luigi Ferraris - Genoa , Italy"
men,1971,9,Friendly,2000010101,Saturday 25/09/1971,"",48311,19710925,gdr,German DR,/world-match-centre/teams/country=gdr/index.html,tch,Czechoslovakia,/world-match-centre/teams/country=tch/index.html,1-1,Friedrich-Ludwig-Jahn Sportpark - Berlin East
men,1971,9,Friendly,2000010101,Sunday 26/09/1971,"",48308,19710926,sui,Switzerland,/world-match-centre/teams/country=sui/index.html,tur,Turkey,/world-match-centre/teams/country=tur/index.html,4-0,"Hardturm - Zurich , Switzerland"
men,1971,9,Friendly,2000010101,Sunday 26/09/1971,"",52306,19710926,nor,Norway,/world-match-centre/teams/country=nor/index.html,den,Denmark,/world-match-centre/teams/country=den/index.html,1-4,"OSLO - Oslo , Norway"
men,1971,9,Friendly,2000010101,Wednesday 29/09/1971,"",48307,19710929,uga,Uganda,/world-match-centre/teams/country=uga/index.html,tan,Tanzania,/world-match-centre/teams/country=tan/index.html,1-1,""
men,1971,9,Friendly,2000010101,Thursday 30/09/1971,"",48306,19710930,gre,Greece,/world-match-centre/teams/country=gre/index.html,mex,Mexico,/world-match-centre/teams/country=mex/index.html,0-1,"THESSALONIKI - Thessaloniki , Greece"
men,1971,10,Continental Qualifier,3129,Saturday 09/10/1971,Group 2,9445,19711009,fra,France,/world-match-centre/teams/country=fra/index.html,hun,Hungary,/world-match-centre/teams/country=hun/index.html,0-2,"PARIS - Paris , France"
men,1971,10,Continental Qualifier,3129,Saturday 09/10/1971,Group 6,9482,19711009,ita,Italy,/world-match-centre/teams/country=ita/index.html,swe,Sweden,/world-match-centre/teams/country=swe/index.html,3-0,"Giuseppe Meazza - Milan , Italy"
men,1971,10,Continental Qualifier,3129,Sunday 10/10/1971,Group 6,9483,19711010,aut,Austria,/world-match-centre/teams/country=aut/index.html,irl,Republic of Ireland,/world-match-centre/teams/country=irl/index.html,6-0,"LINZ - Linz , Austria"
men,1971,10,Continental Qualifier,3129,Sunday 10/10/1971,Group 7,9493,19711010,ned,Netherlands,/world-match-centre/teams/country=ned/index.html,gdr,German DR,/world-match-centre/teams/country=gdr/index.html,3-2,"ROTTERDAM - Rotterdam , Netherlands"
men,1971,10,Continental Qualifier,3129,Sunday 10/10/1971,Group 8,9505,19711010,pol,Poland,/world-match-centre/teams/country=pol/index.html,frg,Germany FR,/world-match-centre/teams/country=frg/index.html,1-3,"WARSAW - Warsaw , Poland"
men,1971,10,Continental Qualifier,3129,Wednesday 13/10/1971,Group 1,9421,19711013,wal,Wales,/world-match-centre/teams/country=wal/index.html,fin,Finland,/world-match-centre/teams/country=fin/index.html,3-0,"Vetch Field - Swansea , Wales"
men,1971,10,Continental Qualifier,3129,Wednesday 13/10/1971,Group 3,9434,19711013,sui,Switzerland,/world-match-centre/teams/country=sui/index.html,eng,England,/world-match-centre/teams/country=eng/index.html,2-3,"St. Jakob-Park - Basel , Switzerland"
men,1971,10,Continental Qualifier,3129,Wednesday 13/10/1971,Group 4,9457,19711013,nir,Northern Ireland,/world-match-centre/teams/country=nir/index.html,urs,Soviet Union,/world-match-centre/teams/country=urs/index.html,1-1,"BELFAST - Belfast , Northern Ireland"
men,1971,10,Continental Qualifier,3129,Wednesday 13/10/1971,Group 5,9470,19711013,sco,Scotland,/world-match-centre/teams/country=sco/index.html,por,Portugal,/world-match-centre/teams/country=por/index.html,2-1,"GLASGOW - Glasgow , Scotland"
men,1971,10,Continental Qualifier,3129,Saturday 16/10/1971,Group 7,9494,19711016,yug,Yugoslavia,/world-match-centre/teams/country=yug/index.html,gdr,German DR,/world-match-centre/teams/country=gdr/index.html,0-0,"BELGRADE - Belgrade , Serbia"
men,1971,10,Continental Qualifier,3129,Saturday 23/10/1971,Group 4,9458,19711023,esp,Spain,/world-match-centre/teams/country=esp/index.html,urs,Soviet Union,/world-match-centre/teams/country=urs/index.html,0-0,"SEVILLE - Seville , Spain"
men,1971,10,Continental Qualifier,3129,Wednesday 27/10/1971,Group 1,9422,19711027,tch,Czechoslovakia,/world-match-centre/teams/country=tch/index.html,wal,Wales,/world-match-centre/teams/country=wal/index.html,1-0,"PRAGUE - Prague , Czech Republic"
men,1971,10,Continental Qualifier,3129,Wednesday 27/10/1971,Group 2,9446,19711027,hun,Hungary,/world-match-centre/teams/country=hun/index.html,nor,Norway,/world-match-centre/teams/country=nor/index.html,4-0,"BUDAPEST - Budapest , Hungary"
men,1971,10,Continental Qualifier,3129,Wednesday 27/10/1971,Group 7,9495,19711027,yug,Yugoslavia,/world-match-centre/teams/country=yug/index.html,lux,Luxembourg,/world-match-centre/teams/country=lux/index.html,0-0,""
men,1971,10,Continental Qualifier,236470,Wednesday 13/10/1971,Second Stage,42187,19711013,civ,C担te d'Ivoire,/world-match-centre/teams/country=civ/index.html,cgo,Congo,/world-match-centre/teams/country=cgo/index.html,3-2,"ABU DHABI - Abu Dhabi , United Arab Emirates"
men,1971,10,Continental Qualifier,236470,Wednesday 13/10/1971,Second Stage,42188,19711013,gui,Guinea,/world-match-centre/teams/country=gui/index.html,mli,Mali,/world-match-centre/teams/country=mli/index.html,0-0,""
men,1971,10,Continental Qualifier,236470,Wednesday 13/10/1971,Second Stage,42190,19711013,tog,Togo,/world-match-centre/teams/country=tog/index.html,gha,Ghana,/world-match-centre/teams/country=gha/index.html,0-0,"LOME - Lome , Togo"
men,1971,10,Continental Qualifier,236470,Wednesday 13/10/1971,Second Stage,42191,19711013,zam,Zambia,/world-match-centre/teams/country=zam/index.html,zai,Zaire,/world-match-centre/teams/country=zai/index.html,2-1,""
men,1971,10,Continental Qualifier,236470,Wednesday 27/10/1971,Second Stage,42192,19711027,cgo,Congo,/world-match-centre/teams/country=cgo/index.html,civ,C担te d'Ivoire,/world-match-centre/teams/country=civ/index.html,2-0,"BRAZZAVILLE - Brazzaville , Congo"
men,1971,10,Continental Qualifier,236470,Wednesday 27/10/1971,Second Stage,42194,19711027,gha,Ghana,/world-match-centre/teams/country=gha/index.html,tog,Togo,/world-match-centre/teams/country=tog/index.html,0-1,"ACCRA - Accra , Ghana"
men,1971,10,Continental Qualifier,236470,Wednesday 27/10/1971,Second Stage,42195,19711027,mli,Mali,/world-match-centre/teams/country=mli/index.html,gui,Guinea,/world-match-centre/teams/country=gui/index.html,3-1,""
men,1971,10,Continental Qualifier,236470,Wednesday 27/10/1971,Second Stage,42196,19711027,zai,Zaire,/world-match-centre/teams/country=zai/index.html,zam,Zambia,/world-match-centre/teams/country=zam/index.html,3-0,""
men,1971,10,Continental Qualifier,236555,Friday 01/10/1971,Caribbean,42397,19711001,sur,Suriname,/world-match-centre/teams/country=sur/index.html,guy,Guyana,/world-match-centre/teams/country=guy/index.html,4-1,"PARAMARIBO - Paramaribo , Suriname"
men,1971,10,Continental Qualifier,236555,Monday 04/10/1971,Caribbean,42396,19711004,guy,Guyana,/world-match-centre/teams/country=guy/index.html,sur,Suriname,/world-match-centre/teams/country=sur/index.html,2-3,"GEORGETOWN - Georgetown , Guyana"
men,1971,10,Continental Qualifier,236555,Wednesday 06/10/1971,North America,42400,19711006,ber,Bermuda,/world-match-centre/teams/country=ber/index.html,mex,Mexico,/world-match-centre/teams/country=mex/index.html,0-2,"HAMILTON (BER) - Hamilton , Canada"
men,1971,10,Continental Qualifier,236555,Wednesday 13/10/1971,North America,42401,19711013,mex,Mexico,/world-match-centre/teams/country=mex/index.html,ber,Bermuda,/world-match-centre/teams/country=ber/index.html,4-0,"MEXICO CITY - Mexico City , Mexico"
men,1971,10,Friendly,2000010101,Friday 08/10/1971,"",51379,19711008,egy,Egypt,/world-match-centre/teams/country=egy/index.html,mar,Morocco,/world-match-centre/teams/country=mar/index.html,0-1,"IZMIR - Izmir , Turkey"
men,1971,10,Friendly,2000010101,Tuesday 12/10/1971,"",51369,19711012,tun,Tunisia,/world-match-centre/teams/country=tun/index.html,syr,Syria,/world-match-centre/teams/country=syr/index.html,1-0,"IZMIR - Izmir , Turkey"
men,1971,10,Friendly,2000010101,Wednesday 27/10/1971,"",48305,19711027,uru,Uruguay,/world-match-centre/teams/country=uru/index.html,chi,Chile,/world-match-centre/teams/country=chi/index.html,3-0,"MONTEVIDEO - Montevideo , Uruguay"
men,1971,10,Friendly,2000010101,Monday 01/11/1971,"",50985,19711101,vie,South Vietnam,/world-match-centre/teams/country=vie/index.html,mas,Malaysia,/world-match-centre/teams/country=mas/index.html,1-1,SAIGON - Saigon
men,1971,10,Friendly,2000010101,Monday 01/11/1971,"",48304,19711101,alg,Algeria,/world-match-centre/teams/country=alg/index.html,lby,Libya,/world-match-centre/teams/country=lby/index.html,2-1,""
men,1971,11,FIFA World Cup™ Qualifier,33,Sunday 14/11/1971,Group 1,2101,19711114,mlt,Malta,/world-match-centre/teams/country=mlt/index.html,hun,Hungary,/world-match-centre/teams/country=hun/index.html,0-2,"Ta'Qali National Stadium - Ta'Qali , Malta"
men,1971,11,Continental Qualifier,3129,Wednesday 10/11/1971,Group 2,9447,19711110,fra,France,/world-match-centre/teams/country=fra/index.html,bul,Bulgaria,/world-match-centre/teams/country=bul/index.html,2-1,"NANTES - Nantes , France"
men,1971,11,Continental Qualifier,3129,Wednesday 10/11/1971,Group 3,9435,19711110,eng,England,/world-match-centre/teams/country=eng/index.html,sui,Switzerland,/world-match-centre/teams/country=sui/index.html,1-1,"LONDON - London , England"
men,1971,11,Continental Qualifier,3129,Wednesday 10/11/1971,Group 5,9471,19711110,sco,Scotland,/world-match-centre/teams/country=sco/index.html,bel,Belgium,/world-match-centre/teams/country=bel/index.html,1-0,"Pittodrie - Aberdeen , Scotland"
men,1971,11,Continental Qualifier,3129,Sunday 14/11/1971,Group 1,9423,19711114,rou,Romania,/world-match-centre/teams/country=rou/index.html,tch,Czechoslovakia,/world-match-centre/teams/country=tch/index.html,2-1,"BUCHAREST - Bucharest , Romania"
men,1971,11,Continental Qualifier,3129,Sunday 14/11/1971,Group 8,9506,19711114,alb,Albania,/world-match-centre/teams/country=alb/index.html,tur,Turkey,/world-match-centre/teams/country=tur/index.html,3-0,"TIRANA - Tirana , Albania"
men,1971,11,Continental Qualifier,3129,Wednesday 17/11/1971,Group 7,9496,19711117,lux,Luxembourg,/world-match-centre/teams/country=lux/index.html,ned,Netherlands,/world-match-centre/teams/country=ned/index.html,0-8,"Philips - Eindhoven , Netherlands"
men,1971,11,Continental Qualifier,3129,Wednesday 17/11/1971,Group 8,9507,19711117,frg,Germany FR,/world-match-centre/teams/country=frg/index.html,pol,Poland,/world-match-centre/teams/country=pol/index.html,0-0,"Volksparkstadion - Hamburg , Germany"
men,1971,11,Continental Qualifier,3129,Saturday 20/11/1971,Group 6,9484,19711120,ita,Italy,/world-match-centre/teams/country=ita/index.html,aut,Austria,/world-match-centre/teams/country=aut/index.html,2-2,"ROME - Rome , Italy"
men,1971,11,Continental Qualifier,3129,Sunday 21/11/1971,Group 5,9472,19711121,por,Portugal,/world-match-centre/teams/country=por/index.html,bel,Belgium,/world-match-centre/teams/country=bel/index.html,1-1,"LISBON - Lisbon , Portugal"
men,1971,11,Continental Qualifier,3129,Wednesday 24/11/1971,Group 1,9424,19711124,rou,Romania,/world-match-centre/teams/country=rou/index.html,wal,Wales,/world-match-centre/teams/country=wal/index.html,2-0,"BUCHAREST - Bucharest , Romania"
men,1971,11,Continental Qualifier,3129,Wednesday 24/11/1971,Group 4,9459,19711124,esp,Spain,/world-match-centre/teams/country=esp/index.html,cyp,Cyprus,/world-match-centre/teams/country=cyp/index.html,7-0,"Campo Los Carmenes - Granada , Spain"
men,1971,11,Continental Final,236330,Saturday 20/11/1971,,41926,19711120,tri,Trinidad and Tobago,/world-match-centre/teams/country=tri/index.html,cub,Cuba,/world-match-centre/teams/country=cub/index.html,2-2,"PORT OF SPAIN - Port Of Spain , Trinidad and Tobago"
men,1971,11,Continental Final,236330,Saturday 20/11/1971,,41938,19711120,crc,Costa Rica,/world-match-centre/teams/country=crc/index.html,cub,Cuba,/world-match-centre/teams/country=cub/index.html,3-0,"PORT OF SPAIN - Port Of Spain , Trinidad and Tobago"
men,1971,11,Continental Final,236330,Sunday 21/11/1971,,41927,19711121,mex,Mexico,/world-match-centre/teams/country=mex/index.html,hai,Haiti,/world-match-centre/teams/country=hai/index.html,0-0,"PORT OF SPAIN - Port Of Spain , Trinidad and Tobago"
men,1971,11,Continental Final,236330,Wednesday 24/11/1971,,41929,19711124,cub,Cuba,/world-match-centre/teams/country=cub/index.html,hon,Honduras,/world-match-centre/teams/country=hon/index.html,3-1,"PORT OF SPAIN - Port Of Spain , Trinidad and Tobago"
men,1971,11,Continental Final,236330,Wednesday 24/11/1971,,41930,19711124,hai,Haiti,/world-match-centre/teams/country=hai/index.html,crc,Costa Rica,/world-match-centre/teams/country=crc/index.html,0-0,"PORT OF SPAIN - Port Of Spain , Trinidad and Tobago"
men,1971,11,Continental Final,236330,Friday 26/11/1971,,41931,19711126,tri,Trinidad and Tobago,/world-match-centre/teams/country=tri/index.html,mex,Mexico,/world-match-centre/teams/country=mex/index.html,0-2,"PORT OF SPAIN - Port Of Spain , Trinidad and Tobago"
men,1971,11,Continental Final,236330,Saturday 27/11/1971,,41932,19711127,hai,Haiti,/world-match-centre/teams/country=hai/index.html,hon,Honduras,/world-match-centre/teams/country=hon/index.html,3-1,"PORT OF SPAIN - Port Of Spain , Trinidad and Tobago"
men,1971,11,Continental Final,236330,Saturday 27/11/1971,,41928,19711127,crc,Costa Rica,/world-match-centre/teams/country=crc/index.html,hon,Honduras,/world-match-centre/teams/country=hon/index.html,2-1,"PORT OF SPAIN - Port Of Spain , Trinidad and Tobago"
men,1971,11,Continental Final,236330,Sunday 28/11/1971,,41933,19711128,mex,Mexico,/world-match-centre/teams/country=mex/index.html,cub,Cuba,/world-match-centre/teams/country=cub/index.html,1-0,"PORT OF SPAIN - Port Of Spain , Trinidad and Tobago"
men,1971,11,Continental Final,236330,Tuesday 30/11/1971,,41935,19711130,hai,Haiti,/world-match-centre/teams/country=hai/index.html,cub,Cuba,/world-match-centre/teams/country=cub/index.html,0-0,"PORT OF SPAIN - Port Of Spain , Trinidad and Tobago"
men,1971,11,Friendly,2000010101,Monday 01/11/1971,"",48304,19711101,alg,Algeria,/world-match-centre/teams/country=alg/index.html,lby,Libya,/world-match-centre/teams/country=lby/index.html,2-1,""
men,1971,11,Friendly,2000010101,Monday 01/11/1971,"",50985,19711101,vie,South Vietnam,/world-match-centre/teams/country=vie/index.html,mas,Malaysia,/world-match-centre/teams/country=mas/index.html,1-1,SAIGON - Saigon
men,1971,11,Friendly,2000010101,Wednesday 03/11/1971,"",48302,19711103,chi,Chile,/world-match-centre/teams/country=chi/index.html,uru,Uruguay,/world-match-centre/teams/country=uru/index.html,5-0,"SANTIAGO DE CHILE - Santiago De Chile , Chile"
men,1971,11,Friendly,2000010101,Sunday 07/11/1971,"",48301,19711107,bel,Belgium,/world-match-centre/teams/country=bel/index.html,lux,Luxembourg,/world-match-centre/teams/country=lux/index.html,1-0,"VERVIERS - Verviers , Belgium"
men,1971,11,Friendly,2000010101,Monday 08/11/1971,"",51075,19711108,kor,Korea Republic,/world-match-centre/teams/country=kor/index.html,mas,Malaysia,/world-match-centre/teams/country=mas/index.html,2-2,"BANGKOK - Bangkok , Thailand"
men,1971,11,Friendly,2000010101,Wednesday 10/11/1971,"",51074,19711110,idn,Indonesia,/world-match-centre/teams/country=idn/index.html,mas,Malaysia,/world-match-centre/teams/country=mas/index.html,2-0,"BANGKOK - Bangkok , Thailand"
men,1971,11,Friendly,2000010101,Thursday 11/11/1971,"",48300,19711111,aus,Australia,/world-match-centre/teams/country=aus/index.html,isr,Israel,/world-match-centre/teams/country=isr/index.html,2-2,"BRISBANE - Brisbane , Australia"
men,1971,11,Friendly,2000010101,Friday 12/11/1971,"",51073,19711112,kor,Korea Republic,/world-match-centre/teams/country=kor/index.html,idn,Indonesia,/world-match-centre/teams/country=idn/index.html,0-0,"BANGKOK - Bangkok , Thailand"
men,1971,11,Friendly,2000010101,Saturday 13/11/1971,"",48299,19711113,ven,Venezuela,/world-match-centre/teams/country=ven/index.html,tri,Trinidad and Tobago,/world-match-centre/teams/country=tri/index.html,1-0,"CARACAS - Caracas , Venezuela"
men,1971,11,Friendly,2000010101,Sunday 14/11/1971,"",48297,19711114,gui,Guinea,/world-match-centre/teams/country=gui/index.html,tan,Tanzania,/world-match-centre/teams/country=tan/index.html,3-2,""
men,1971,11,Friendly,2000010101,Sunday 14/11/1971,"",48298,19711114,aus,Australia,/world-match-centre/teams/country=aus/index.html,isr,Israel,/world-match-centre/teams/country=isr/index.html,1-0,"SYDNEY - Sydney , Australia"
men,1971,11,Friendly,2000010101,Sunday 14/11/1971,"",51076,19711114,kor,Korea Republic,/world-match-centre/teams/country=kor/index.html,vie,South Vietnam,/world-match-centre/teams/country=vie/index.html,1-1 (2-1) Win on penalty,"BANGKOK - Bangkok , Thailand"
men,1971,11,Friendly,2000010101,Tuesday 16/11/1971,"",51077,19711116,tha,Thailand,/world-match-centre/teams/country=tha/index.html,kor,Korea Republic,/world-match-centre/teams/country=kor/index.html,0-1,"BANGKOK - Bangkok , Thailand"
men,1971,11,Friendly,2000010101,Wednesday 17/11/1971,"",48296,19711117,bul,Bulgaria,/world-match-centre/teams/country=bul/index.html,gre,Greece,/world-match-centre/teams/country=gre/index.html,2-2,"SOFIA - Sofia , Bulgaria"
men,1971,11,Friendly,2000010101,Sunday 21/11/1971,"",48295,19711121,aus,Australia,/world-match-centre/teams/country=aus/index.html,isr,Israel,/world-match-centre/teams/country=isr/index.html,1-3,"MELBOURNE - Melbourne , Australia"
men,1971,11,Friendly,2000010101,Sunday 21/11/1971,"",48303,19711121,gui,Guinea,/world-match-centre/teams/country=gui/index.html,tan,Tanzania,/world-match-centre/teams/country=tan/index.html,4-2,""
men,1971,11,Friendly,2000010101,Wednesday 24/11/1971,"",48294,19711124,lby,Libya,/world-match-centre/teams/country=lby/index.html,alg,Algeria,/world-match-centre/teams/country=alg/index.html,0-0,"TRIPOLI - Tripoli , Libya"
men,1971,11,Friendly,2000010101,Saturday 27/11/1971,"",48293,19711127,nga,Nigeria,/world-match-centre/teams/country=nga/index.html,upper-volta-1895300,Upper Volta,/world-match-centre/clubs/club=upper-volta-1895300/index.html,4-0,"LAGOS - Lagos , Nigeria"
men,1971,11,Friendly,2000010101,Tuesday 30/11/1971,"",48292,19711130,tog,Togo,/world-match-centre/teams/country=tog/index.html,upper-volta-1895300,Upper Volta,/world-match-centre/clubs/club=upper-volta-1895300/index.html,1-0,"LOME - Lome , Togo"
men,1971,12,Continental Qualifier,3129,Wednesday 01/12/1971,Group 3,9436,19711201,gre,Greece,/world-match-centre/teams/country=gre/index.html,eng,England,/world-match-centre/teams/country=eng/index.html,0-2,"ATHENS - Athens , Greece"
men,1971,12,Continental Qualifier,3129,Saturday 04/12/1971,Group 2,9448,19711204,bul,Bulgaria,/world-match-centre/teams/country=bul/index.html,fra,France,/world-match-centre/teams/country=fra/index.html,2-1,"SOFIA - Sofia , Bulgaria"
men,1971,12,Continental Qualifier,3129,Sunday 05/12/1971,Group 8,9508,19711205,tur,Turkey,/world-match-centre/teams/country=tur/index.html,pol,Poland,/world-match-centre/teams/country=pol/index.html,1-0,"IZMIR - Izmir , Turkey"
men,1971,12,Continental Final,236330,Wednesday 01/12/1971,,41936,19711201,tri,Trinidad and Tobago,/world-match-centre/teams/country=tri/index.html,hon,Honduras,/world-match-centre/teams/country=hon/index.html,1-1,"PORT OF SPAIN - Port Of Spain , Trinidad and Tobago"
men,1971,12,Continental Final,236330,Thursday 02/12/1971,,41937,19711202,mex,Mexico,/world-match-centre/teams/country=mex/index.html,crc,Costa Rica,/world-match-centre/teams/country=crc/index.html,1-0,"PORT OF SPAIN - Port Of Spain , Trinidad and Tobago"
men,1971,12,Continental Final,236330,Saturday 04/12/1971,,41939,19711204,mex,Mexico,/world-match-centre/teams/country=mex/index.html,hon,Honduras,/world-match-centre/teams/country=hon/index.html,2-1,"PORT OF SPAIN - Port Of Spain , Trinidad and Tobago"
men,1971,12,Continental Final,236330,Sunday 05/12/1971,,41940,19711205,tri,Trinidad and Tobago,/world-match-centre/teams/country=tri/index.html,hai,Haiti,/world-match-centre/teams/country=hai/index.html,0-6,"PORT OF SPAIN - Port Of Spain , Trinidad and Tobago"
men,1971,12,Continental Final,236330,Sunday 05/12/1971,,41934,19711205,tri,Trinidad and Tobago,/world-match-centre/teams/country=tri/index.html,crc,Costa Rica,/world-match-centre/teams/country=crc/index.html,3-1,"PORT OF SPAIN - Port Of Spain , Trinidad and Tobago"
men,1971,12,Continental Qualifier,236376,Friday 10/12/1971,Preliminary Stage,42004,19711210,kuw,Kuwait,/world-match-centre/teams/country=kuw/index.html,irq,Iraq,/world-match-centre/teams/country=irq/index.html,1-1,"BANGKOK - Bangkok , Thailand"
men,1971,12,Continental Qualifier,236376,Saturday 11/12/1971,Preliminary Stage,42005,19711211,bhr,Bahrain,/world-match-centre/teams/country=bhr/index.html,lib,Lebanon,/world-match-centre/teams/country=lib/index.html,3-0,"BANGKOK - Bangkok , Thailand"
men,1971,12,Continental Qualifier,236376,Saturday 11/12/1971,Preliminary Stage,42006,19711211,syr,Syria,/world-match-centre/teams/country=syr/index.html,jor,Jordan,/world-match-centre/teams/country=jor/index.html,0-0,"BANGKOK - Bangkok , Thailand"
men,1971,12,Continental Qualifier,236376,Monday 13/12/1971,Group A,42007,19711213,irq,Iraq,/world-match-centre/teams/country=irq/index.html,sri,Sri Lanka,/world-match-centre/teams/country=sri/index.html,5-0,"BANGKOK - Bangkok , Thailand"
men,1971,12,Continental Qualifier,236376,Monday 13/12/1971,Group A,42008,19711213,jor,Jordan,/world-match-centre/teams/country=jor/index.html,bhr,Bahrain,/world-match-centre/teams/country=bhr/index.html,3-2,"BANGKOK - Bangkok , Thailand"
men,1971,12,Continental Qualifier,236376,Tuesday 14/12/1971,Group B,42013,19711214,kuw,Kuwait,/world-match-centre/teams/country=kuw/index.html,lib,Lebanon,/world-match-centre/teams/country=lib/index.html,1-0,"BANGKOK - Bangkok , Thailand"
men,1971,12,Continental Qualifier,236376,Wednesday 15/12/1971,Group A,42009,19711215,irq,Iraq,/world-match-centre/teams/country=irq/index.html,bhr,Bahrain,/world-match-centre/teams/country=bhr/index.html,1-0,"BANGKOK - Bangkok , Thailand"
men,1971,12,Continental Qualifier,236376,Thursday 16/12/1971,Group A,42010,19711216,jor,Jordan,/world-match-centre/teams/country=jor/index.html,sri,Sri Lanka,/world-match-centre/teams/country=sri/index.html,2-1,"BANGKOK - Bangkok , Thailand"
men,1971,12,Continental Qualifier,236376,Friday 17/12/1971,Group B,42014,19711217,kuw,Kuwait,/world-match-centre/teams/country=kuw/index.html,syr,Syria,/world-match-centre/teams/country=syr/index.html,2-2,"BANGKOK - Bangkok , Thailand"
men,1971,12,Continental Qualifier,236376,Saturday 18/12/1971,Group A,42011,19711218,irq,Iraq,/world-match-centre/teams/country=irq/index.html,jor,Jordan,/world-match-centre/teams/country=jor/index.html,2-0,"BANGKOK - Bangkok , Thailand"
men,1971,12,Continental Qualifier,236376,Sunday 19/12/1971,Group B,42015,19711219,lib,Lebanon,/world-match-centre/teams/country=lib/index.html,syr,Syria,/world-match-centre/teams/country=syr/index.html,3-2,"BANGKOK - Bangkok , Thailand"
men,1971,12,Continental Qualifier,236376,Monday 20/12/1971,Group A,42012,19711220,bhr,Bahrain,/world-match-centre/teams/country=bhr/index.html,sri,Sri Lanka,/world-match-centre/teams/country=sri/index.html,3-0,"BANGKOK - Bangkok , Thailand"
men,1971,12,Continental Qualifier,236376,Tuesday 21/12/1971,Semifinals,42016,19711221,kuw,Kuwait,/world-match-centre/teams/country=kuw/index.html,jor,Jordan,/world-match-centre/teams/country=jor/index.html,2-0,"BANGKOK - Bangkok , Thailand"
men,1971,12,Continental Qualifier,236376,Wednesday 22/12/1971,Semifinals,42017,19711222,irq,Iraq,/world-match-centre/teams/country=irq/index.html,lib,Lebanon,/world-match-centre/teams/country=lib/index.html,4-1,"BANGKOK - Bangkok , Thailand"
men,1971,12,Continental Qualifier,236376,Friday 24/12/1971,Match for 3rd place,42018,19711224,lib,Lebanon,/world-match-centre/teams/country=lib/index.html,jor,Jordan,/world-match-centre/teams/country=jor/index.html,2-0,"BANGKOK - Bangkok , Thailand"
men,1971,12,Continental Qualifier,236376,Friday 24/12/1971,Final,42019,19711224,kuw,Kuwait,/world-match-centre/teams/country=kuw/index.html,irq,Iraq,/world-match-centre/teams/country=irq/index.html,0-1,"BANGKOK - Bangkok , Thailand"
men,1971,12,Friendly,2000010101,Wednesday 01/12/1971,"",48290,19711201,ned,Netherlands,/world-match-centre/teams/country=ned/index.html,sco,Scotland,/world-match-centre/teams/country=sco/index.html,2-1,"AMSTERDAM - Amsterdam , Netherlands"
men,1971,12,Friendly,2000010101,Wednesday 01/12/1971,"",48291,19711201,gui,Guinea,/world-match-centre/teams/country=gui/index.html,nga,Nigeria,/world-match-centre/teams/country=nga/index.html,3-0,""
men,1971,12,Friendly,2000010101,Saturday 04/12/1971,"",48289,19711204,sle,Sierra Leone,/world-match-centre/teams/country=sle/index.html,nga,Nigeria,/world-match-centre/teams/country=nga/index.html,0-1,""
men,1971,12,Friendly,2000010101,Sunday 05/12/1971,"",48288,19711205,ken,Kenya,/world-match-centre/teams/country=ken/index.html,zam,Zambia,/world-match-centre/teams/country=zam/index.html,1-0,""
men,1971,12,Friendly,2000010101,Wednesday 08/12/1971,"",48286,19711208,mlt,Malta,/world-match-centre/teams/country=mlt/index.html,alg,Algeria,/world-match-centre/teams/country=alg/index.html,1-1,"VALLETTA - Valletta , Malta"
men,1971,12,Friendly,2000010101,Sunday 12/12/1971,"",48285,19711212,upper-volta-1895300,Upper Volta,/world-match-centre/clubs/club=upper-volta-1895300/index.html,tog,Togo,/world-match-centre/teams/country=tog/index.html,1-2,"OUAGADOUGOU - Ouagadougou , Burkina Faso"
men,1971,12,Friendly,2000010101,Sunday 12/12/1971,"",50547,19711212,mas,Malaysia,/world-match-centre/teams/country=mas/index.html,lao,Laos,/world-match-centre/teams/country=lao/index.html,5-0,"KUALA LUMPUR - Shah Alam , Malaysia"
men,1971,12,Friendly,2000010101,Sunday 12/12/1971,"",50548,19711212,cam,Khmer,/world-match-centre/teams/country=cam/index.html,tha,Thailand,/world-match-centre/teams/country=tha/index.html,1-1,"KUALA LUMPUR - Shah Alam , Malaysia"
men,1971,12,Friendly,2000010101,Sunday 12/12/1971,"",50551,19711212,mya,Burma,/world-match-centre/teams/country=mya/index.html,vie,South Vietnam,/world-match-centre/teams/country=vie/index.html,0-0,"KUALA LUMPUR - Shah Alam , Malaysia"
men,1971,12,Friendly,2000010101,Tuesday 14/12/1971,"",50545,19711214,mas,Malaysia,/world-match-centre/teams/country=mas/index.html,tha,Thailand,/world-match-centre/teams/country=tha/index.html,4-2,"KUALA LUMPUR - Shah Alam , Malaysia"
men,1971,12,Friendly,2000010101,Tuesday 14/12/1971,"",50546,19711214,cam,Khmer,/world-match-centre/teams/country=cam/index.html,lao,Laos,/world-match-centre/teams/country=lao/index.html,2-0,"KUALA LUMPUR - Shah Alam , Malaysia"
men,1971,12,Friendly,2000010101,Tuesday 14/12/1971,"",50550,19711214,vie,South Vietnam,/world-match-centre/teams/country=vie/index.html,sin,Singapore,/world-match-centre/teams/country=sin/index.html,3-1,"KUALA LUMPUR - Shah Alam , Malaysia"
men,1971,12,Friendly,2000010101,Wednesday 15/12/1971,"",50543,19711215,tha,Thailand,/world-match-centre/teams/country=tha/index.html,lao,Laos,/world-match-centre/teams/country=lao/index.html,3-0,"KUALA LUMPUR - Shah Alam , Malaysia"
men,1971,12,Friendly,2000010101,Wednesday 15/12/1971,"",50544,19711215,mas,Malaysia,/world-match-centre/teams/country=mas/index.html,cam,Khmer,/world-match-centre/teams/country=cam/index.html,3-0,"KUALA LUMPUR - Shah Alam , Malaysia"
men,1971,12,Friendly,2000010101,Wednesday 15/12/1971,"",50549,19711215,mya,Burma,/world-match-centre/teams/country=mya/index.html,sin,Singapore,/world-match-centre/teams/country=sin/index.html,8-1,"KUALA LUMPUR - Shah Alam , Malaysia"
men,1971,12,Friendly,2000010101,Friday 17/12/1971,"",50552,19711217,mas,Malaysia,/world-match-centre/teams/country=mas/index.html,vie,South Vietnam,/world-match-centre/teams/country=vie/index.html,3-2,"KUALA LUMPUR - Shah Alam , Malaysia"
men,1971,12,Friendly,2000010101,Friday 17/12/1971,"",50553,19711217,mya,Burma,/world-match-centre/teams/country=mya/index.html,tha,Thailand,/world-match-centre/teams/country=tha/index.html,3-1,"KUALA LUMPUR - Shah Alam , Malaysia"
men,1971,12,Friendly,2000010101,Saturday 18/12/1971,"",50554,19711218,tha,Thailand,/world-match-centre/teams/country=tha/index.html,vie,South Vietnam,/world-match-centre/teams/country=vie/index.html,0-0,"KUALA LUMPUR - Shah Alam , Malaysia"
men,1971,12,Friendly,2000010101,Saturday 18/12/1971,"",50555,19711218,mas,Malaysia,/world-match-centre/teams/country=mas/index.html,mya,Burma,/world-match-centre/teams/country=mya/index.html,1-2,"KUALA LUMPUR - Shah Alam , Malaysia"
men,1971,12,Friendly,2000010101,Sunday 19/12/1971,"",48284,19711219,sen,Senegal,/world-match-centre/teams/country=sen/index.html,mli,Mali,/world-match-centre/teams/country=mli/index.html,4-1,""
