women,2001,1,Friendly Women,2000010102,Thursday 11/01/2001,"",22445,20010111,aus,Australia,/world-match-centre/teams/country=aus/women/index.html,fra,France,/world-match-centre/teams/country=fra/women/index.html,2-1,"International Sports Stadium - Coffs Harbour , Australia"
women,2001,1,Friendly Women,2000010102,Thursday 11/01/2001,"",22444,20010111,chn,China PR,/world-match-centre/teams/country=chn/women/index.html,usa,USA,/world-match-centre/teams/country=usa/women/index.html,1-0,"Ying Dong Stadium - Panyu , China PR"
women,2001,1,Friendly Women,2000010102,Friday 12/01/2001,"",22426,20010112,nor,Norway,/world-match-centre/teams/country=nor/women/index.html,swe,Sweden,/world-match-centre/teams/country=swe/women/index.html,2-1,"LA MANGA - La Manga , Spain"
women,2001,1,Friendly Women,2000010102,Sunday 14/01/2001,"",22447,20010114,aus,Australia,/world-match-centre/teams/country=aus/women/index.html,fra,France,/world-match-centre/teams/country=fra/women/index.html,1-1,"LISMORE - Lismore , Australia"
women,2001,1,Friendly Women,2000010102,Sunday 14/01/2001,"",22446,20010114,chn,China PR,/world-match-centre/teams/country=chn/women/index.html,usa,USA,/world-match-centre/teams/country=usa/women/index.html,1-1,"Hangzhou Dragon Stadium - Hangzhou , China PR"
women,2001,1,Friendly Women,2000010102,Wednesday 17/01/2001,"",22448,20010117,aus,Australia,/world-match-centre/teams/country=aus/women/index.html,fra,France,/world-match-centre/teams/country=fra/women/index.html,1-0,"GOLD COAST - Gold Coast , Australia"
women,2001,1,Friendly Women,2000010102,Wednesday 17/01/2001,"",22449,20010117,ita,Italy,/world-match-centre/teams/country=ita/women/index.html,sco,Scotland,/world-match-centre/teams/country=sco/women/index.html,3-0,"VIBO VALENTINA - Vibo Valentina , Italy"
women,2001,2,Friendly Women,2000010102,Saturday 10/02/2001,"",22464,20010210,mar,Morocco,/world-match-centre/teams/country=mar/women/index.html,can,Canada,/world-match-centre/teams/country=can/women/index.html,0-4,""
women,2001,2,Friendly Women,2000010102,Monday 12/02/2001,"",22465,20010212,mar,Morocco,/world-match-centre/teams/country=mar/women/index.html,can,Canada,/world-match-centre/teams/country=can/women/index.html,1-0,""
women,2001,2,Friendly Women,2000010102,Saturday 17/02/2001,"",22466,20010217,fra,France,/world-match-centre/teams/country=fra/women/index.html,nor,Norway,/world-match-centre/teams/country=nor/women/index.html,0-0,"Leo Lagrange - Bonneuil Sur Marne , France"
women,2001,2,Friendly Women,2000010102,Saturday 17/02/2001,"",22467,20010217,por,Portugal,/world-match-centre/teams/country=por/women/index.html,sco,Scotland,/world-match-centre/teams/country=sco/women/index.html,2-2,"CASTRO VERDE - Castro Verde , Portugal"
women,2001,3,Friendly Women,2000010102,Tuesday 06/03/2001,"",22468,20010306,ger,Germany,/world-match-centre/teams/country=ger/women/index.html,chn,China PR,/world-match-centre/teams/country=chn/women/index.html,1-0,"AUGSBURG - Augsburg , Germany"
women,2001,3,Friendly Women,2000010102,Wednesday 07/03/2001,"",22469,20010307,ita,Italy,/world-match-centre/teams/country=ita/women/index.html,usa,USA,/world-match-centre/teams/country=usa/women/index.html,1-0,"Centro d'Italia - Rieti , Italy"
women,2001,3,Friendly Women,2000010102,Thursday 08/03/2001,"",22470,20010308,ger,Germany,/world-match-centre/teams/country=ger/women/index.html,chn,China PR,/world-match-centre/teams/country=chn/women/index.html,2-4,"ULM - Ulm , Germany"
women,2001,3,Friendly Women,2000010102,Thursday 08/03/2001,"",22564,20010308,por,Portugal,/world-match-centre/teams/country=por/women/index.html,rus,Russia,/world-match-centre/teams/country=rus/women/index.html,0-0,"FARO - Faro , Portugal"
women,2001,3,Friendly Women,2000010102,Sunday 11/03/2001,"",22487,20010311,usa,USA,/world-match-centre/teams/country=usa/women/index.html,can,Canada,/world-match-centre/teams/country=can/women/index.html,0-3,"LAGOS (POR) - Lagos , Portugal"
women,2001,3,Friendly Women,2000010102,Sunday 11/03/2001,"",22488,20010311,swe,Sweden,/world-match-centre/teams/country=swe/women/index.html,por,Portugal,/world-match-centre/teams/country=por/women/index.html,4-1,"LAGOS (POR) - Lagos , Portugal"
women,2001,3,Friendly Women,2000010102,Sunday 11/03/2001,"",22493,20010311,chn,China PR,/world-match-centre/teams/country=chn/women/index.html,den,Denmark,/world-match-centre/teams/country=den/women/index.html,1-2,"VILA REAL ST. ANTONIO - Vila Real St. Antonio , Portugal"
women,2001,3,Friendly Women,2000010102,Sunday 11/03/2001,"",22494,20010311,fin,Finland,/world-match-centre/teams/country=fin/women/index.html,nor,Norway,/world-match-centre/teams/country=nor/women/index.html,1-5,"VILA REAL ST. ANTONIO - Vila Real St. Antonio , Portugal"
women,2001,3,Friendly Women,2000010102,Tuesday 13/03/2001,"",22489,20010313,swe,Sweden,/world-match-centre/teams/country=swe/women/index.html,can,Canada,/world-match-centre/teams/country=can/women/index.html,5-2,"SILVES - Silves , Portugal"
women,2001,3,Friendly Women,2000010102,Tuesday 13/03/2001,"",22490,20010313,usa,USA,/world-match-centre/teams/country=usa/women/index.html,por,Portugal,/world-match-centre/teams/country=por/women/index.html,2-0,"SILVES - Silves , Portugal"
women,2001,3,Friendly Women,2000010102,Tuesday 13/03/2001,"",22495,20010313,fin,Finland,/world-match-centre/teams/country=fin/women/index.html,den,Denmark,/world-match-centre/teams/country=den/women/index.html,0-6,"OLHAO - Olhao , Portugal"
women,2001,3,Friendly Women,2000010102,Tuesday 13/03/2001,"",22496,20010313,nor,Norway,/world-match-centre/teams/country=nor/women/index.html,chn,China PR,/world-match-centre/teams/country=chn/women/index.html,0-2,"OLHAO - Olhao , Portugal"
women,2001,3,Friendly Women,2000010102,Thursday 15/03/2001,"",22491,20010315,usa,USA,/world-match-centre/teams/country=usa/women/index.html,swe,Sweden,/world-match-centre/teams/country=swe/women/index.html,0-2,"ALBUFEIRA - Albufeira , Portugal"
women,2001,3,Friendly Women,2000010102,Thursday 15/03/2001,"",22492,20010315,por,Portugal,/world-match-centre/teams/country=por/women/index.html,can,Canada,/world-match-centre/teams/country=can/women/index.html,1-2,"ALBUFEIRA - Albufeira , Portugal"
women,2001,3,Friendly Women,2000010102,Thursday 15/03/2001,"",22497,20010315,chn,China PR,/world-match-centre/teams/country=chn/women/index.html,fin,Finland,/world-match-centre/teams/country=fin/women/index.html,3-0,"Estadio do Portimonense - Portimao , Portugal"
women,2001,3,Friendly Women,2000010102,Thursday 15/03/2001,"",22498,20010315,den,Denmark,/world-match-centre/teams/country=den/women/index.html,nor,Norway,/world-match-centre/teams/country=nor/women/index.html,0-1,"Estadio do Portimonense - Portimao , Portugal"
women,2001,3,Friendly Women,2000010102,Saturday 17/03/2001,"",22471,20010317,fra,France,/world-match-centre/teams/country=fra/women/index.html,sco,Scotland,/world-match-centre/teams/country=sco/women/index.html,5-0,"QUIMPER - Quimper , France"
women,2001,3,Friendly Women,2000010102,Saturday 17/03/2001,"",22499,20010317,por,Portugal,/world-match-centre/teams/country=por/women/index.html,fin,Finland,/world-match-centre/teams/country=fin/women/index.html,1-3,"MONTECHORO - Montechoro , Portugal"
women,2001,3,Friendly Women,2000010102,Saturday 17/03/2001,"",22500,20010317,usa,USA,/world-match-centre/teams/country=usa/women/index.html,nor,Norway,/world-match-centre/teams/country=nor/women/index.html,3-4,"QUARTEIRA - Quarteira , Portugal"
women,2001,3,Friendly Women,2000010102,Saturday 17/03/2001,"",22501,20010317,can,Canada,/world-match-centre/teams/country=can/women/index.html,chn,China PR,/world-match-centre/teams/country=chn/women/index.html,1-5,"FARO - Faro , Portugal"
women,2001,3,Friendly Women,2000010102,Saturday 17/03/2001,"",22502,20010317,swe,Sweden,/world-match-centre/teams/country=swe/women/index.html,den,Denmark,/world-match-centre/teams/country=den/women/index.html,3-0,"LOULE - Loule , Portugal"
women,2001,3,Friendly Women,2000010102,Tuesday 20/03/2001,"",22912,20010320,bel,Belgium,/world-match-centre/teams/country=bel/women/index.html,ned,Netherlands,/world-match-centre/teams/country=ned/women/index.html,0-4,"KONTICH - Kontich , Belgium"
women,2001,3,Friendly Women,2000010102,Tuesday 20/03/2001,"",22472,20010320,fra,France,/world-match-centre/teams/country=fra/women/index.html,chn,China PR,/world-match-centre/teams/country=chn/women/index.html,1-1,"MANTES-LA-VILLE - Mantes-La-Ville , France"
women,2001,3,Friendly Women,2000010102,Thursday 22/03/2001,"",22473,20010322,eng,England,/world-match-centre/teams/country=eng/women/index.html,esp,Spain,/world-match-centre/teams/country=esp/women/index.html,4-2,"LUTON - Luton , England"
women,2001,4,Friendly Women,2000010102,Monday 09/04/2001,"",33367,20010409,ned,Netherlands,/world-match-centre/teams/country=ned/women/index.html,den,Denmark,/world-match-centre/teams/country=den/women/index.html,1-1,"ELST - Elst , Netherlands"
women,2001,4,Friendly Women,2000010102,Wednesday 11/04/2001,"",33368,20010411,ned,Netherlands,/world-match-centre/teams/country=ned/women/index.html,den,Denmark,/world-match-centre/teams/country=den/women/index.html,0-3,"HOOGEVEEN - Hoogeveen , Netherlands"
women,2001,4,Friendly Women,2000010102,Wednesday 11/04/2001,"",22474,20010411,fra,France,/world-match-centre/teams/country=fra/women/index.html,swe,Sweden,/world-match-centre/teams/country=swe/women/index.html,2-1,"TROYES - Troyes , France"
women,2001,4,Friendly Women,2000010102,Sunday 15/04/2001,"",22475,20010415,fra,France,/world-match-centre/teams/country=fra/women/index.html,sui,Switzerland,/world-match-centre/teams/country=sui/women/index.html,1-1,"MONTAIGU - Montaigu , France"
women,2001,4,Friendly Women,2000010102,Friday 27/04/2001,"",33352,20010427,yug,Yugoslavia,/world-match-centre/teams/country=yug/women/index.html,svk,Slovakia,/world-match-centre/teams/country=svk/women/index.html,0-0,ZRENJANIN - Zrenjanin
women,2001,4,Friendly Women,2000010102,Sunday 29/04/2001,"",33353,20010429,yug,Yugoslavia,/world-match-centre/teams/country=yug/women/index.html,svk,Slovakia,/world-match-centre/teams/country=svk/women/index.html,2-2,SUBOTICA - Subotica
women,2001,4,Friendly Women,2000010102,Tuesday 01/05/2001,"",22565,20010501,ita,Italy,/world-match-centre/teams/country=ita/women/index.html,bel,Belgium,/world-match-centre/teams/country=bel/women/index.html,2-0,"Brianteo - Monza , Italy"
women,2001,4,Friendly Women Futsal,2000010106,Saturday 07/04/2001,"",300225489,20010407,esp,Spain,/world-match-centre/teams/country=esp/women/index.html,por,Portugal,/world-match-centre/teams/country=por/women/index.html,4-3,"QUINTANAR DE LA ORDEN - Quintanar De La Orden , Spain"
women,2001,5,Friendly Women,2000010102,Tuesday 01/05/2001,"",22565,20010501,ita,Italy,/world-match-centre/teams/country=ita/women/index.html,bel,Belgium,/world-match-centre/teams/country=bel/women/index.html,2-0,"Brianteo - Monza , Italy"
women,2001,5,Friendly Women,2000010102,Thursday 10/05/2001,"",22566,20010510,sco,Scotland,/world-match-centre/teams/country=sco/women/index.html,ned,Netherlands,/world-match-centre/teams/country=ned/women/index.html,0-2,"Livingston - Livingston , Scotland"
women,2001,5,Friendly Women,2000010102,Thursday 10/05/2001,"",22504,20010510,ger,Germany,/world-match-centre/teams/country=ger/women/index.html,ita,Italy,/world-match-centre/teams/country=ita/women/index.html,1-0,"Troisdorf - Troisdorf , Germany"
women,2001,5,Friendly Women,2000010102,Sunday 13/05/2001,"",22505,20010513,nor,Norway,/world-match-centre/teams/country=nor/women/index.html,swe,Sweden,/world-match-centre/teams/country=swe/women/index.html,3-1,"STAVANGER - Stavanger , Norway"
women,2001,5,Friendly Women,2000010102,Thursday 17/05/2001,"",22506,20010517,ger,Germany,/world-match-centre/teams/country=ger/women/index.html,rus,Russia,/world-match-centre/teams/country=rus/women/index.html,1-1,"GERA - Gera , Germany"
women,2001,5,Friendly Women,2000010102,Sunday 20/05/2001,"",24714,20010520,gre,Greece,/world-match-centre/teams/country=gre/women/index.html,tur,Turkey,/world-match-centre/teams/country=tur/women/index.html,1-0,"TABANAS - Tabanas , Greece"
women,2001,5,Friendly Women,2000010102,Wednesday 23/05/2001,"",33354,20010523,yug,Yugoslavia,/world-match-centre/teams/country=yug/women/index.html,pol,Poland,/world-match-centre/teams/country=pol/women/index.html,1-0,CELAREVO - Celarevo
women,2001,5,Friendly Women,2000010102,Thursday 24/05/2001,"",22507,20010524,sui,Switzerland,/world-match-centre/teams/country=sui/women/index.html,aut,Austria,/world-match-centre/teams/country=aut/women/index.html,4-1,"Gemeindesportplatz - Gossau , Switzerland"
women,2001,5,Friendly Women,2000010102,Saturday 26/05/2001,"",57919,20010526,cro,Croatia,/world-match-centre/teams/country=cro/women/index.html,pol,Poland,/world-match-centre/teams/country=pol/women/index.html,0-3,"KECSKEMET - Kecskemet , Hungary"
women,2001,5,Friendly Women,2000010102,Sunday 27/05/2001,"",22508,20010527,eng,England,/world-match-centre/teams/country=eng/women/index.html,sco,Scotland,/world-match-centre/teams/country=sco/women/index.html,1-0,"BOLTON - Bolton , England"
women,2001,5,Friendly Women,2000010102,Sunday 27/05/2001,"",57918,20010527,cro,Croatia,/world-match-centre/teams/country=cro/women/index.html,svn,Slovenia,/world-match-centre/teams/country=svn/women/index.html,8-2,"KECSKEMET - Kecskemet , Hungary"
women,2001,5,Friendly Women,2000010102,Thursday 31/05/2001,"",23805,20010531,phi,Philippines,/world-match-centre/teams/country=phi/women/index.html,gum,Guam,/world-match-centre/teams/country=gum/women/index.html,10-0,"MANILA - Manila , Philippines"
women,2001,6,Womens Continental Final,5095,Saturday 23/06/2001,Group A,22914,20010623,ger,Germany,/world-match-centre/teams/country=ger/women/index.html,swe,Sweden,/world-match-centre/teams/country=swe/women/index.html,3-1,"Steigerwaldstadion - Erfurt , Germany"
women,2001,6,Womens Continental Final,5095,Sunday 24/06/2001,Group A,22915,20010624,rus,Russia,/world-match-centre/teams/country=rus/women/index.html,eng,England,/world-match-centre/teams/country=eng/women/index.html,1-1,"Ernst-Abbe Sportfeld - Jena , Germany"
women,2001,6,Womens Continental Final,5095,Monday 25/06/2001,Group B,22920,20010625,ita,Italy,/world-match-centre/teams/country=ita/women/index.html,den,Denmark,/world-match-centre/teams/country=den/women/index.html,2-1,"AALEN - Aalen , Germany"
women,2001,6,Womens Continental Final,5095,Monday 25/06/2001,Group B,22921,20010625,nor,Norway,/world-match-centre/teams/country=nor/women/index.html,fra,France,/world-match-centre/teams/country=fra/women/index.html,3-0,"ULM - Ulm , Germany"
women,2001,6,Womens Continental Final,5095,Wednesday 27/06/2001,Group A,22916,20010627,ger,Germany,/world-match-centre/teams/country=ger/women/index.html,rus,Russia,/world-match-centre/teams/country=rus/women/index.html,5-0,"Steigerwaldstadion - Erfurt , Germany"
women,2001,6,Womens Continental Final,5095,Wednesday 27/06/2001,Group A,22917,20010627,swe,Sweden,/world-match-centre/teams/country=swe/women/index.html,eng,England,/world-match-centre/teams/country=eng/women/index.html,4-0,"Ernst-Abbe Sportfeld - Jena , Germany"
women,2001,6,Womens Continental Final,5095,Thursday 28/06/2001,Group B,22922,20010628,fra,France,/world-match-centre/teams/country=fra/women/index.html,den,Denmark,/world-match-centre/teams/country=den/women/index.html,3-4,"REUTLINGEN - Reutlingen , Germany"
women,2001,6,Womens Continental Final,5095,Thursday 28/06/2001,Group B,22923,20010628,nor,Norway,/world-match-centre/teams/country=nor/women/index.html,ita,Italy,/world-match-centre/teams/country=ita/women/index.html,1-1,"REUTLINGEN - Reutlingen , Germany"
women,2001,6,Womens Continental Final,5095,Saturday 30/06/2001,Group A,22918,20010630,eng,England,/world-match-centre/teams/country=eng/women/index.html,ger,Germany,/world-match-centre/teams/country=ger/women/index.html,0-3,"Ernst-Abbe Sportfeld - Jena , Germany"
women,2001,6,Womens Continental Final,5095,Saturday 30/06/2001,Group A,22919,20010630,swe,Sweden,/world-match-centre/teams/country=swe/women/index.html,rus,Russia,/world-match-centre/teams/country=rus/women/index.html,1-0,"Steigerwaldstadion - Erfurt , Germany"
women,2001,6,Friendly Women,2000010102,Saturday 02/06/2001,"",23806,20010602,sin,Singapore,/world-match-centre/teams/country=sin/women/index.html,gum,Guam,/world-match-centre/teams/country=gum/women/index.html,4-0,"MANILA - Manila , Philippines"
women,2001,6,Friendly Women,2000010102,Tuesday 05/06/2001,"",23807,20010605,phi,Philippines,/world-match-centre/teams/country=phi/women/index.html,sin,Singapore,/world-match-centre/teams/country=sin/women/index.html,5-0,"MANILA - Manila , Philippines"
women,2001,6,Friendly Women,2000010102,Sunday 10/06/2001,"",22509,20010610,swe,Sweden,/world-match-centre/teams/country=swe/women/index.html,can,Canada,/world-match-centre/teams/country=can/women/index.html,5-2,"LINKOPING - Link旦Ping , Sweden"
women,2001,6,Friendly Women,2000010102,Thursday 14/06/2001,"",22510,20010614,ger,Germany,/world-match-centre/teams/country=ger/women/index.html,can,Canada,/world-match-centre/teams/country=can/women/index.html,3-0,"GOCH - Goch , Germany"
women,2001,6,Friendly Women,2000010102,Sunday 17/06/2001,"",22588,20010617,ita,Italy,/world-match-centre/teams/country=ita/women/index.html,fin,Finland,/world-match-centre/teams/country=fin/women/index.html,2-0,"TAVARONE - Tavarone , Italy"
women,2001,6,Friendly Women,2000010102,Sunday 17/06/2001,"",22913,20010617,ger,Germany,/world-match-centre/teams/country=ger/women/index.html,can,Canada,/world-match-centre/teams/country=can/women/index.html,7-1,"OBERHAUSEN - Oberhausen , Germany"
women,2001,6,Friendly Women,2000010102,Tuesday 19/06/2001,"",22944,20010619,nor,Norway,/world-match-centre/teams/country=nor/women/index.html,can,Canada,/world-match-centre/teams/country=can/women/index.html,9-1,"HONEFOSS - Honefoss , Norway"
women,2001,6,Friendly Women,2000010102,Saturday 30/06/2001,"",22512,20010630,can,Canada,/world-match-centre/teams/country=can/women/index.html,usa,USA,/world-match-centre/teams/country=usa/women/index.html,2-2,"Varsity - Toronto , Canada"
women,2001,7,Womens Continental Final,5095,Sunday 01/07/2001,Group B,22924,20010701,den,Denmark,/world-match-centre/teams/country=den/women/index.html,nor,Norway,/world-match-centre/teams/country=nor/women/index.html,1-0,"AALEN - Aalen , Germany"
women,2001,7,Womens Continental Final,5095,Sunday 01/07/2001,Group B,22925,20010701,fra,France,/world-match-centre/teams/country=fra/women/index.html,ita,Italy,/world-match-centre/teams/country=ita/women/index.html,2-0,"ULM - Ulm , Germany"
women,2001,7,Womens Continental Final,5095,Wednesday 04/07/2001,,22964,20010704,ger,Germany,/world-match-centre/teams/country=ger/women/index.html,nor,Norway,/world-match-centre/teams/country=nor/women/index.html,1-0,"ULM - Ulm , Germany"
women,2001,7,Womens Continental Final,5095,Wednesday 04/07/2001,,22965,20010704,den,Denmark,/world-match-centre/teams/country=den/women/index.html,swe,Sweden,/world-match-centre/teams/country=swe/women/index.html,0-1,"ULM - Ulm , Germany"
women,2001,7,Womens Continental Final,5095,Saturday 07/07/2001,,22966,20010707,ger,Germany,/world-match-centre/teams/country=ger/women/index.html,swe,Sweden,/world-match-centre/teams/country=swe/women/index.html,1-0 AET,"ULM - Ulm , Germany"
women,2001,7,Friendly Women,2000010102,Tuesday 03/07/2001,"",22513,20010703,usa,USA,/world-match-centre/teams/country=usa/women/index.html,can,Canada,/world-match-centre/teams/country=can/women/index.html,1-0,"BLAINE - Blaine , USA"
women,2001,7,Friendly Women,2000010102,Wednesday 04/07/2001,"",23803,20010704,prk,Korea DPR,/world-match-centre/teams/country=prk/women/index.html,chn,China PR,/world-match-centre/teams/country=chn/women/index.html,2-0,"PYONGYANG - Pyongyang , Korea DPR"
women,2001,7,Friendly Women,2000010102,Tuesday 10/07/2001,"",23804,20010710,prk,Korea DPR,/world-match-centre/teams/country=prk/women/index.html,chn,China PR,/world-match-centre/teams/country=chn/women/index.html,3-2,"PYONGYANG - Pyongyang , Korea DPR"
women,2001,8,FIFA Women's World Cup Qualifier,5684,Thursday 16/08/2001,Group 8,24835,20010816,bih,Bosnia and Herzegovina,/world-match-centre/teams/country=bih/women/index.html,svk,Slovakia,/world-match-centre/teams/country=svk/women/index.html,0-7,"ZABIVOYICI - Zabivoyici , Bosnia and Herzegovina"
women,2001,8,FIFA Women's World Cup Qualifier,5684,Saturday 18/08/2001,Group 3,24784,20010818,isl,Iceland,/world-match-centre/teams/country=isl/women/index.html,rus,Russia,/world-match-centre/teams/country=rus/women/index.html,1-1,"KR-vollur - Reykjavik , Iceland"
women,2001,8,FIFA Women's World Cup Qualifier,5684,Monday 20/08/2001,Group 8,24836,20010820,blr,Belarus,/world-match-centre/teams/country=blr/women/index.html,bih,Bosnia and Herzegovina,/world-match-centre/teams/country=bih/women/index.html,5-2,"Spartak - Mogilev , Belarus"
women,2001,8,FIFA Women's World Cup Qualifier,5684,Saturday 25/08/2001,Group 1,24760,20010825,ukr,Ukraine,/world-match-centre/teams/country=ukr/women/index.html,cze,Czech Republic,/world-match-centre/teams/country=cze/women/index.html,4-1,"BORISPOL - Borispol , Ukraine"
women,2001,8,FIFA Women's World Cup Qualifier,5684,Saturday 01/09/2001,Group 8,24815,20010901,hun,Hungary,/world-match-centre/teams/country=hun/women/index.html,bih,Bosnia and Herzegovina,/world-match-centre/teams/country=bih/women/index.html,3-0,"Szektoi Stadium - Kecskemet , Hungary"
women,2001,8,FIFA U-20 Women's World Cup Qualifier,6373,Friday 03/08/2001,First Round,27692,20010803,eqg,Equatorial Guinea,/world-match-centre/teams/country=eqg/women/index.html,cta,Central African Republic,/world-match-centre/teams/country=cta/women/index.html,0-1,""
women,2001,8,FIFA U-20 Women's World Cup Qualifier,6373,Sunday 05/08/2001,First Round,27694,20010805,stp,Sao Tome e Principe,/world-match-centre/teams/country=stp/women/index.html,mli,Mali,/world-match-centre/teams/country=mli/women/index.html,0-6,""
women,2001,8,FIFA U-20 Women's World Cup Qualifier,6373,Friday 17/08/2001,First Round,27693,20010817,cta,Central African Republic,/world-match-centre/teams/country=cta/women/index.html,eqg,Equatorial Guinea,/world-match-centre/teams/country=eqg/women/index.html,2-0,""
women,2001,8,FIFA U-20 Women's World Cup Qualifier,6373,Sunday 19/08/2001,First Round,27695,20010819,mli,Mali,/world-match-centre/teams/country=mli/women/index.html,stp,Sao Tome e Principe,/world-match-centre/teams/country=stp/women/index.html,3-1,""
women,2001,8,Friendly Women,2000010102,Friday 03/08/2001,"",24754,20010803,bra,Brazil,/world-match-centre/teams/country=bra/women/index.html,chn,China PR,/world-match-centre/teams/country=chn/women/index.html,0-0,"Munsu Football Stadium - Ulsan , Korea Republic"
women,2001,8,Friendly Women,2000010102,Friday 03/08/2001,"",24755,20010803,kor,Korea Republic,/world-match-centre/teams/country=kor/women/index.html,jpn,Japan,/world-match-centre/teams/country=jpn/women/index.html,1-1,"Munsu Football Stadium - Ulsan , Korea Republic"
women,2001,8,Friendly Women,2000010102,Sunday 05/08/2001,"",24756,20010805,jpn,Japan,/world-match-centre/teams/country=jpn/women/index.html,chn,China PR,/world-match-centre/teams/country=chn/women/index.html,2-2,"GANGREUNG - Gangreung , Korea Republic"
women,2001,8,Friendly Women,2000010102,Sunday 05/08/2001,"",24757,20010805,kor,Korea Republic,/world-match-centre/teams/country=kor/women/index.html,bra,Brazil,/world-match-centre/teams/country=bra/women/index.html,3-1,"GANGREUNG - Gangreung , Korea Republic"
women,2001,8,Friendly Women,2000010102,Tuesday 07/08/2001,"",23504,20010807,vie,Vietnam,/world-match-centre/teams/country=vie/women/index.html,sin,Singapore,/world-match-centre/teams/country=sin/women/index.html,6-0,"GOSFORD - Gosford , Australia"
women,2001,8,Friendly Women,2000010102,Tuesday 07/08/2001,"",24758,20010807,bra,Brazil,/world-match-centre/teams/country=bra/women/index.html,jpn,Japan,/world-match-centre/teams/country=jpn/women/index.html,1-1,"Suwon World Cup Stadium - Suwon , Korea Republic"
women,2001,8,Friendly Women,2000010102,Tuesday 07/08/2001,"",24759,20010807,kor,Korea Republic,/world-match-centre/teams/country=kor/women/index.html,chn,China PR,/world-match-centre/teams/country=chn/women/index.html,3-1,"Suwon World Cup Stadium - Suwon , Korea Republic"
women,2001,8,Friendly Women,2000010102,Wednesday 08/08/2001,"",26304,20010808,bra,Brazil,/world-match-centre/teams/country=bra/women/index.html,jpn,Japan,/world-match-centre/teams/country=jpn/women/index.html,1-0,"Suwon World Cup Stadium - Suwon , Korea Republic"
women,2001,8,Friendly Women,2000010102,Wednesday 08/08/2001,"",26307,20010808,kor,Korea Republic,/world-match-centre/teams/country=kor/women/index.html,chn,China PR,/world-match-centre/teams/country=chn/women/index.html,3-1,"Suwon World Cup Stadium - Suwon , Korea Republic"
women,2001,8,Friendly Women,2000010102,Saturday 11/08/2001,"",24708,20010811,vie,Vietnam,/world-match-centre/teams/country=vie/women/index.html,sin,Singapore,/world-match-centre/teams/country=sin/women/index.html,4-0,"GOSFORD - Gosford , Australia"
women,2001,8,Friendly Women,2000010102,Saturday 11/08/2001,"",24709,20010811,irl,Republic of Ireland,/world-match-centre/teams/country=irl/women/index.html,sco,Scotland,/world-match-centre/teams/country=sco/women/index.html,1-2,"Clonshaugh - Dublin , Republic of Ireland"
women,2001,8,Friendly Women,2000010102,Sunday 12/08/2001,"",24710,20010812,irl,Republic of Ireland,/world-match-centre/teams/country=irl/women/index.html,sco,Scotland,/world-match-centre/teams/country=sco/women/index.html,4-1,"Clonshaugh - Dublin , Republic of Ireland"
women,2001,8,Friendly Women,2000010102,Monday 13/08/2001,"",24711,20010813,ned,Netherlands,/world-match-centre/teams/country=ned/women/index.html,fin,Finland,/world-match-centre/teams/country=fin/women/index.html,2-1,"DE GOORN - De Goorn , Netherlands"
women,2001,8,Friendly Women,2000010102,Wednesday 15/08/2001,"",24713,20010815,ned,Netherlands,/world-match-centre/teams/country=ned/women/index.html,fin,Finland,/world-match-centre/teams/country=fin/women/index.html,0-2,"DE GOORN - De Goorn , Netherlands"
women,2001,8,Friendly Women,2000010102,Thursday 23/08/2001,"",24715,20010823,eng,England,/world-match-centre/teams/country=eng/women/index.html,den,Denmark,/world-match-centre/teams/country=den/women/index.html,0-3,"NORTHAMPTON - Northampton , England"
women,2001,9,FIFA Women's World Cup Qualifier,5684,Saturday 01/09/2001,Group 8,24815,20010901,hun,Hungary,/world-match-centre/teams/country=hun/women/index.html,bih,Bosnia and Herzegovina,/world-match-centre/teams/country=bih/women/index.html,3-0,"Szektoi Stadium - Kecskemet , Hungary"
women,2001,9,FIFA Women's World Cup Qualifier,5684,Sunday 02/09/2001,Group 7,24814,20010902,est,Estonia,/world-match-centre/teams/country=est/women/index.html,isr,Israel,/world-match-centre/teams/country=isr/women/index.html,2-5,"TALLINN - Tallinn , Estonia"
women,2001,9,FIFA Women's World Cup Qualifier,5684,Tuesday 04/09/2001,Group 2,24772,20010904,sui,Switzerland,/world-match-centre/teams/country=sui/women/index.html,fin,Finland,/world-match-centre/teams/country=fin/women/index.html,1-0,"Lattich - Baar , Switzerland"
women,2001,9,FIFA Women's World Cup Qualifier,5684,Saturday 08/09/2001,Group 1,24761,20010908,nor,Norway,/world-match-centre/teams/country=nor/women/index.html,ukr,Ukraine,/world-match-centre/teams/country=ukr/women/index.html,4-0,"LILLESTROM - Lillestr淡M , Norway"
women,2001,9,FIFA Women's World Cup Qualifier,5684,Saturday 08/09/2001,Group 2,24773,20010908,den,Denmark,/world-match-centre/teams/country=den/women/index.html,sui,Switzerland,/world-match-centre/teams/country=sui/women/index.html,4-0,"ODENSE - Odense , Denmark"
women,2001,9,FIFA Women's World Cup Qualifier,5684,Saturday 08/09/2001,Group 3,24785,20010908,isl,Iceland,/world-match-centre/teams/country=isl/women/index.html,ita,Italy,/world-match-centre/teams/country=ita/women/index.html,2-1,"Laugardalsvollur - Reykjavik , Iceland"
women,2001,9,FIFA Women's World Cup Qualifier,5684,Saturday 08/09/2001,Group 6,24812,20010908,yug,Yugoslavia,/world-match-centre/teams/country=yug/women/index.html,irl,Republic of Ireland,/world-match-centre/teams/country=irl/women/index.html,5-0,Rudar - Aleksinac
women,2001,9,FIFA Women's World Cup Qualifier,5684,Saturday 08/09/2001,Group 8,24816,20010908,blr,Belarus,/world-match-centre/teams/country=blr/women/index.html,svk,Slovakia,/world-match-centre/teams/country=svk/women/index.html,3-2,"Spartak - Mogilev , Belarus"
women,2001,9,FIFA Women's World Cup Qualifier,5684,Sunday 09/09/2001,Group 2,24774,20010909,swe,Sweden,/world-match-centre/teams/country=swe/women/index.html,fin,Finland,/world-match-centre/teams/country=fin/women/index.html,8-1,"UMEA - Umea , Sweden"
women,2001,9,FIFA Women's World Cup Qualifier,5684,Tuesday 11/09/2001,Group 1,24762,20010911,nor,Norway,/world-match-centre/teams/country=nor/women/index.html,cze,Czech Republic,/world-match-centre/teams/country=cze/women/index.html,5-0,"Gjemselund - Kongsvinger , Norway"
women,2001,9,FIFA Women's World Cup Qualifier,5684,Wednesday 12/09/2001,Group 6,24813,20010912,mda,Moldova,/world-match-centre/teams/country=mda/women/index.html,irl,Republic of Ireland,/world-match-centre/teams/country=irl/women/index.html,0-4,"Republican Stadium - Chisinau , Moldova"
women,2001,9,FIFA Women's World Cup Qualifier,5684,Sunday 23/09/2001,Group 7,24826,20010923,est,Estonia,/world-match-centre/teams/country=est/women/index.html,pol,Poland,/world-match-centre/teams/country=pol/women/index.html,0-5,"VALGA - Valga , Estonia"
women,2001,9,FIFA Women's World Cup Qualifier,5684,Sunday 23/09/2001,Group 7,24828,20010923,cro,Croatia,/world-match-centre/teams/country=cro/women/index.html,isr,Israel,/world-match-centre/teams/country=isr/women/index.html,4-0,"VELIKA GORICA - Velika Gorica , Croatia"
women,2001,9,FIFA Women's World Cup Qualifier,5684,Thursday 27/09/2001,Group 4,24796,20010927,ger,Germany,/world-match-centre/teams/country=ger/women/index.html,eng,England,/world-match-centre/teams/country=eng/women/index.html,3-1,"KASSEL - Kassel , Germany"
women,2001,9,FIFA Women's World Cup Qualifier,5684,Friday 28/09/2001,Group 8,24837,20010928,blr,Belarus,/world-match-centre/teams/country=blr/women/index.html,tur,Turkey,/world-match-centre/teams/country=tur/women/index.html,4-0,"Spartak - Mogilev , Belarus"
women,2001,9,FIFA Women's World Cup Qualifier,5684,Saturday 29/09/2001,Group 5,24811,20010929,aut,Austria,/world-match-centre/teams/country=aut/women/index.html,sco,Scotland,/world-match-centre/teams/country=sco/women/index.html,1-2,"Waldstadion - Leopoldsdorf , Austria"
women,2001,9,FIFA Women's World Cup Qualifier,5684,Saturday 29/09/2001,Group 6,24822,20010929,mda,Moldova,/world-match-centre/teams/country=mda/women/index.html,yug,Yugoslavia,/world-match-centre/teams/country=yug/women/index.html,1-2,"Republican Stadium - Chisinau , Moldova"
women,2001,9,FIFA Women's World Cup Qualifier,5684,Saturday 29/09/2001,Group 8,24838,20010929,svk,Slovakia,/world-match-centre/teams/country=svk/women/index.html,hun,Hungary,/world-match-centre/teams/country=hun/women/index.html,0-2,"ZIAR NAD HRONOM - Ziar Nad Hronom , Slovakia"
women,2001,9,FIFA Women's World Cup Qualifier,5684,Sunday 30/09/2001,Group 2,24775,20010930,swe,Sweden,/world-match-centre/teams/country=swe/women/index.html,den,Denmark,/world-match-centre/teams/country=den/women/index.html,4-1,"Idrottsplats - Malm旦 , Sweden"
women,2001,9,FIFA Women's World Cup Qualifier,5684,Sunday 30/09/2001,Group 3,24786,20010930,esp,Spain,/world-match-centre/teams/country=esp/women/index.html,isl,Iceland,/world-match-centre/teams/country=isl/women/index.html,6-1,"Pinilla - Teruel , Spain"
women,2001,9,FIFA Women's World Cup Qualifier,5684,Sunday 30/09/2001,Group 7,24829,20010930,cro,Croatia,/world-match-centre/teams/country=cro/women/index.html,rou,Romania,/world-match-centre/teams/country=rou/women/index.html,2-2,"Gradski Vrt - Osijek , Croatia"
women,2001,9,FIFA U-20 Women's World Cup Qualifier,6328,Thursday 06/09/2001,Group C4,27754,20010906,isl,Iceland,/world-match-centre/teams/country=isl/women/index.html,bul,Bulgaria,/world-match-centre/teams/country=bul/women/index.html,7-0,""
women,2001,9,FIFA U-20 Women's World Cup Qualifier,6328,Thursday 06/09/2001,Group C4,27755,20010906,hun,Hungary,/world-match-centre/teams/country=hun/women/index.html,isr,Israel,/world-match-centre/teams/country=isr/women/index.html,0-6,""
women,2001,9,FIFA U-20 Women's World Cup Qualifier,6328,Saturday 08/09/2001,Group C4,27756,20010908,isl,Iceland,/world-match-centre/teams/country=isl/women/index.html,hun,Hungary,/world-match-centre/teams/country=hun/women/index.html,3-0,""
women,2001,9,FIFA U-20 Women's World Cup Qualifier,6328,Saturday 08/09/2001,Group C4,27758,20010908,bul,Bulgaria,/world-match-centre/teams/country=bul/women/index.html,isr,Israel,/world-match-centre/teams/country=isr/women/index.html,0-2,""
women,2001,9,FIFA U-20 Women's World Cup Qualifier,6328,Monday 10/09/2001,Group C1,27738,20010910,sco,Scotland,/world-match-centre/teams/country=sco/women/index.html,blr,Belarus,/world-match-centre/teams/country=blr/women/index.html,5-0,""
women,2001,9,FIFA U-20 Women's World Cup Qualifier,6328,Monday 10/09/2001,Group C1,27739,20010910,aut,Austria,/world-match-centre/teams/country=aut/women/index.html,gre,Greece,/world-match-centre/teams/country=gre/women/index.html,10-0,""
women,2001,9,FIFA U-20 Women's World Cup Qualifier,6328,Monday 10/09/2001,Group C2,27745,20010910,wal,Wales,/world-match-centre/teams/country=wal/women/index.html,svn,Slovenia,/world-match-centre/teams/country=svn/women/index.html,1-0,""
women,2001,9,FIFA U-20 Women's World Cup Qualifier,6328,Monday 10/09/2001,Group C4,27759,20010910,isr,Israel,/world-match-centre/teams/country=isr/women/index.html,isl,Iceland,/world-match-centre/teams/country=isl/women/index.html,1-3,""
women,2001,9,FIFA U-20 Women's World Cup Qualifier,6328,Monday 10/09/2001,Group C4,27760,20010910,bul,Bulgaria,/world-match-centre/teams/country=bul/women/index.html,hun,Hungary,/world-match-centre/teams/country=hun/women/index.html,1-1,""
women,2001,9,FIFA U-20 Women's World Cup Qualifier,6328,Tuesday 11/09/2001,Group C3,27748,20010911,fro,Faroe Islands,/world-match-centre/teams/country=fro/women/index.html,bih,Bosnia and Herzegovina,/world-match-centre/teams/country=bih/women/index.html,0-1,""
women,2001,9,FIFA U-20 Women's World Cup Qualifier,6328,Tuesday 11/09/2001,Group C3,27749,20010911,ltu,Lithuania,/world-match-centre/teams/country=ltu/women/index.html,tur,Turkey,/world-match-centre/teams/country=tur/women/index.html,0-2,""
women,2001,9,FIFA U-20 Women's World Cup Qualifier,6328,Wednesday 12/09/2001,Group C1,27740,20010912,blr,Belarus,/world-match-centre/teams/country=blr/women/index.html,gre,Greece,/world-match-centre/teams/country=gre/women/index.html,6-0,""
women,2001,9,FIFA U-20 Women's World Cup Qualifier,6328,Wednesday 12/09/2001,Group C1,27741,20010912,sco,Scotland,/world-match-centre/teams/country=sco/women/index.html,aut,Austria,/world-match-centre/teams/country=aut/women/index.html,2-1,""
women,2001,9,FIFA U-20 Women's World Cup Qualifier,6328,Wednesday 12/09/2001,Group C2,27746,20010912,est,Estonia,/world-match-centre/teams/country=est/women/index.html,wal,Wales,/world-match-centre/teams/country=wal/women/index.html,2-6,""
women,2001,9,FIFA U-20 Women's World Cup Qualifier,6328,Thursday 13/09/2001,Group C3,27750,20010913,fro,Faroe Islands,/world-match-centre/teams/country=fro/women/index.html,ltu,Lithuania,/world-match-centre/teams/country=ltu/women/index.html,0-0,""
women,2001,9,FIFA U-20 Women's World Cup Qualifier,6328,Thursday 13/09/2001,Group C3,27751,20010913,bih,Bosnia and Herzegovina,/world-match-centre/teams/country=bih/women/index.html,tur,Turkey,/world-match-centre/teams/country=tur/women/index.html,1-1,""
women,2001,9,FIFA U-20 Women's World Cup Qualifier,6328,Friday 14/09/2001,Group C1,27742,20010914,gre,Greece,/world-match-centre/teams/country=gre/women/index.html,sco,Scotland,/world-match-centre/teams/country=sco/women/index.html,0-7,""
women,2001,9,FIFA U-20 Women's World Cup Qualifier,6328,Friday 14/09/2001,Group C1,27744,20010914,blr,Belarus,/world-match-centre/teams/country=blr/women/index.html,aut,Austria,/world-match-centre/teams/country=aut/women/index.html,1-1,""
women,2001,9,FIFA U-20 Women's World Cup Qualifier,6328,Friday 14/09/2001,Group C2,27747,20010914,svn,Slovenia,/world-match-centre/teams/country=svn/women/index.html,est,Estonia,/world-match-centre/teams/country=est/women/index.html,0-0,""
women,2001,9,FIFA U-20 Women's World Cup Qualifier,6328,Saturday 15/09/2001,Group C3,27752,20010915,tur,Turkey,/world-match-centre/teams/country=tur/women/index.html,fro,Faroe Islands,/world-match-centre/teams/country=fro/women/index.html,1-0,""
women,2001,9,FIFA U-20 Women's World Cup Qualifier,6328,Saturday 15/09/2001,Group C3,27753,20010915,bih,Bosnia and Herzegovina,/world-match-centre/teams/country=bih/women/index.html,ltu,Lithuania,/world-match-centre/teams/country=ltu/women/index.html,3-2,""
women,2001,9,Friendly Women,2000010102,Tuesday 04/09/2001,"",24982,20010904,tha,Thailand,/world-match-centre/teams/country=tha/women/index.html,phi,Philippines,/world-match-centre/teams/country=phi/women/index.html,4-0,"Cheras - Kuala Lumpur , Malaysia"
women,2001,9,Friendly Women,2000010102,Tuesday 04/09/2001,"",24983,20010904,mya,Myanmar,/world-match-centre/teams/country=mya/women/index.html,mas,Malaysia,/world-match-centre/teams/country=mas/women/index.html,5-1,"Cheras - Kuala Lumpur , Malaysia"
women,2001,9,Friendly Women,2000010102,Wednesday 05/09/2001,"",24988,20010905,vie,Vietnam,/world-match-centre/teams/country=vie/women/index.html,idn,Indonesia,/world-match-centre/teams/country=idn/women/index.html,6-0,"Cheras - Kuala Lumpur , Malaysia"
women,2001,9,Friendly Women,2000010102,Thursday 06/09/2001,"",24984,20010906,tha,Thailand,/world-match-centre/teams/country=tha/women/index.html,mas,Malaysia,/world-match-centre/teams/country=mas/women/index.html,2-1,"Cheras - Kuala Lumpur , Malaysia"
women,2001,9,Friendly Women,2000010102,Thursday 06/09/2001,"",24985,20010906,mya,Myanmar,/world-match-centre/teams/country=mya/women/index.html,phi,Philippines,/world-match-centre/teams/country=phi/women/index.html,1-0,"Cheras - Kuala Lumpur , Malaysia"
women,2001,9,Friendly Women,2000010102,Friday 07/09/2001,"",24732,20010907,ger,Germany,/world-match-centre/teams/country=ger/women/index.html,jpn,Japan,/world-match-centre/teams/country=jpn/women/index.html,1-0,"Buffalo Grove - Illinois , USA"
women,2001,9,Friendly Women,2000010102,Friday 07/09/2001,"",24989,20010907,vie,Vietnam,/world-match-centre/teams/country=vie/women/index.html,sin,Singapore,/world-match-centre/teams/country=sin/women/index.html,5-0,"Cheras - Kuala Lumpur , Malaysia"
women,2001,9,Friendly Women,2000010102,Sunday 09/09/2001,"",24733,20010909,usa,USA,/world-match-centre/teams/country=usa/women/index.html,ger,Germany,/world-match-centre/teams/country=ger/women/index.html,4-1,"Soldier Field - Chicago , USA"
women,2001,9,Friendly Women,2000010102,Sunday 09/09/2001,"",24736,20010909,chn,China PR,/world-match-centre/teams/country=chn/women/index.html,jpn,Japan,/world-match-centre/teams/country=jpn/women/index.html,3-0,"Soldier Field - Chicago , USA"
women,2001,9,Friendly Women,2000010102,Sunday 09/09/2001,"",24990,20010909,idn,Indonesia,/world-match-centre/teams/country=idn/women/index.html,sin,Singapore,/world-match-centre/teams/country=sin/women/index.html,1-0,"Cheras - Kuala Lumpur , Malaysia"
women,2001,9,Friendly Women,2000010102,Monday 10/09/2001,"",24986,20010910,tha,Thailand,/world-match-centre/teams/country=tha/women/index.html,mya,Myanmar,/world-match-centre/teams/country=mya/women/index.html,1-1,"Cheras - Kuala Lumpur , Malaysia"
women,2001,9,Friendly Women,2000010102,Monday 10/09/2001,"",24987,20010910,mas,Malaysia,/world-match-centre/teams/country=mas/women/index.html,phi,Philippines,/world-match-centre/teams/country=phi/women/index.html,1-0,"Cheras - Kuala Lumpur , Malaysia"
women,2001,9,Friendly Women,2000010102,Wednesday 12/09/2001,"",24991,20010912,tha,Thailand,/world-match-centre/teams/country=tha/women/index.html,idn,Indonesia,/world-match-centre/teams/country=idn/women/index.html,2-0,"Cheras - Kuala Lumpur , Malaysia"
women,2001,9,Friendly Women,2000010102,Wednesday 12/09/2001,"",24992,20010912,vie,Vietnam,/world-match-centre/teams/country=vie/women/index.html,mya,Myanmar,/world-match-centre/teams/country=mya/women/index.html,1-1 (6-5) Win on penalty,"Cheras - Kuala Lumpur , Malaysia"
women,2001,9,Friendly Women,2000010102,Friday 14/09/2001,"",24993,20010914,mya,Myanmar,/world-match-centre/teams/country=mya/women/index.html,idn,Indonesia,/world-match-centre/teams/country=idn/women/index.html,3-0,"Cheras - Kuala Lumpur , Malaysia"
women,2001,9,Friendly Women,2000010102,Friday 14/09/2001,"",24994,20010914,vie,Vietnam,/world-match-centre/teams/country=vie/women/index.html,tha,Thailand,/world-match-centre/teams/country=tha/women/index.html,4-0,"Cheras - Kuala Lumpur , Malaysia"
women,2001,9,Friendly Women,2000010102,Wednesday 26/09/2001,"",26303,20010926,ned,Netherlands,/world-match-centre/teams/country=ned/women/index.html,fra,France,/world-match-centre/teams/country=fra/women/index.html,1-3,"HOOGEVEEN - Hoogeveen , Netherlands"
women,2001,9,Friendly Women,2000010102,Saturday 29/09/2001,"",25828,20010929,por,Portugal,/world-match-centre/teams/country=por/women/index.html,mar,Morocco,/world-match-centre/teams/country=mar/women/index.html,7-1,"ABRANTES - Abrantes , Portugal"
women,2001,10,FIFA Women's World Cup Qualifier,5684,Wednesday 10/10/2001,Group 3,24787,20011010,ita,Italy,/world-match-centre/teams/country=ita/women/index.html,rus,Russia,/world-match-centre/teams/country=rus/women/index.html,1-3,"Artemio Franchi Stadium - Siena , Italy"
women,2001,10,FIFA Women's World Cup Qualifier,5684,Saturday 13/10/2001,Group 1,24763,20011013,fra,France,/world-match-centre/teams/country=fra/women/index.html,nor,Norway,/world-match-centre/teams/country=nor/women/index.html,0-3,"Pierre de Coubertin - Cannes , France"
women,2001,10,FIFA Women's World Cup Qualifier,5684,Saturday 13/10/2001,Group 2,24776,20011013,fin,Finland,/world-match-centre/teams/country=fin/women/index.html,den,Denmark,/world-match-centre/teams/country=den/women/index.html,0-6,"Pohjola - Helsinki , Finland"
women,2001,10,FIFA Women's World Cup Qualifier,5684,Saturday 13/10/2001,Group 7,24830,20011013,rou,Romania,/world-match-centre/teams/country=rou/women/index.html,est,Estonia,/world-match-centre/teams/country=est/women/index.html,6-1,"CAMPINA - Campina , Romania"
women,2001,10,FIFA Women's World Cup Qualifier,5684,Saturday 13/10/2001,Group 8,24840,20011013,hun,Hungary,/world-match-centre/teams/country=hun/women/index.html,blr,Belarus,/world-match-centre/teams/country=blr/women/index.html,2-0,"BUK - Buk , Hungary"
women,2001,10,FIFA Women's World Cup Qualifier,5684,Saturday 13/10/2001,Group 8,24839,20011013,tur,Turkey,/world-match-centre/teams/country=tur/women/index.html,svk,Slovakia,/world-match-centre/teams/country=svk/women/index.html,0-3,"ISTANBUL - Istanbul , Turkey"
women,2001,10,FIFA Women's World Cup Qualifier,5684,Sunday 14/10/2001,Group 5,24817,20011014,wal,Wales,/world-match-centre/teams/country=wal/women/index.html,aut,Austria,/world-match-centre/teams/country=aut/women/index.html,0-2,"LLANELLI - Llanelli , Wales"
women,2001,10,FIFA Women's World Cup Qualifier,5684,Tuesday 16/10/2001,Group 7,24831,20011016,cro,Croatia,/world-match-centre/teams/country=cro/women/index.html,est,Estonia,/world-match-centre/teams/country=est/women/index.html,3-0,"Inker - Zapresic , Croatia"
women,2001,10,FIFA Women's World Cup Qualifier,5684,Thursday 25/10/2001,Group 4,24797,20011025,ger,Germany,/world-match-centre/teams/country=ger/women/index.html,por,Portugal,/world-match-centre/teams/country=por/women/index.html,9-0,"Volkswagen-Arena - Wolfsburg , Germany"
women,2001,10,FIFA Women's World Cup Qualifier,5684,Saturday 27/10/2001,Group 6,24824,20011027,yug,Yugoslavia,/world-match-centre/teams/country=yug/women/index.html,gre,Greece,/world-match-centre/teams/country=gre/women/index.html,6-1,FK Sartid - Smederevo
women,2001,10,FIFA Women's World Cup Qualifier,5684,Saturday 27/10/2001,Group 8,24841,20011027,tur,Turkey,/world-match-centre/teams/country=tur/women/index.html,bih,Bosnia and Herzegovina,/world-match-centre/teams/country=bih/women/index.html,5-1,"ISTANBUL - Istanbul , Turkey"
women,2001,10,FIFA Women's World Cup Qualifier,5684,Sunday 28/10/2001,Group 1,24764,20011028,ukr,Ukraine,/world-match-centre/teams/country=ukr/women/index.html,fra,France,/world-match-centre/teams/country=fra/women/index.html,0-2,"BORISPOL - Borispol , Ukraine"
women,2001,10,FIFA Women's World Cup Qualifier,5684,Sunday 28/10/2001,Group 3,24788,20011028,rus,Russia,/world-match-centre/teams/country=rus/women/index.html,esp,Spain,/world-match-centre/teams/country=esp/women/index.html,2-0,"SELYATINO - Selyatino , Russia"
women,2001,10,FIFA Women's World Cup Qualifier,5684,Sunday 28/10/2001,Group 5,24818,20011028,sco,Scotland,/world-match-centre/teams/country=sco/women/index.html,wal,Wales,/world-match-centre/teams/country=wal/women/index.html,5-1,"West Lothian Courier - Livingston , Scotland"
women,2001,10,FIFA Women's World Cup Qualifier,5684,Sunday 28/10/2001,Group 5,24819,20011028,bel,Belgium,/world-match-centre/teams/country=bel/women/index.html,aut,Austria,/world-match-centre/teams/country=aut/women/index.html,3-1,"WAVRE - Wavre , Belgium"
women,2001,10,FIFA Women's World Cup Qualifier,5684,Sunday 28/10/2001,Group 7,24832,20011028,pol,Poland,/world-match-centre/teams/country=pol/women/index.html,cro,Croatia,/world-match-centre/teams/country=cro/women/index.html,2-0,"Gornik Leczna - Leczna , Poland"
women,2001,10,FIFA Women's World Cup Qualifier,5684,Sunday 28/10/2001,Group 7,24833,20011028,isr,Israel,/world-match-centre/teams/country=isr/women/index.html,rou,Romania,/world-match-centre/teams/country=rou/women/index.html,1-0,"Ramat Gan (National Stadium) - Tel Aviv , Israel"
women,2001,10,FIFA U-20 Women's World Cup Qualifier,6328,Wednesday 10/10/2001,Group B2,27776,20011010,ned,Netherlands,/world-match-centre/teams/country=ned/women/index.html,svk,Slovakia,/world-match-centre/teams/country=svk/women/index.html,4-0,""
women,2001,10,FIFA U-20 Women's World Cup Qualifier,6328,Wednesday 10/10/2001,Group B2,27777,20011010,pol,Poland,/world-match-centre/teams/country=pol/women/index.html,wal,Wales,/world-match-centre/teams/country=wal/women/index.html,1-0,""
women,2001,10,FIFA U-20 Women's World Cup Qualifier,6328,Thursday 11/10/2001,Group B4,27788,20011011,bel,Belgium,/world-match-centre/teams/country=bel/women/index.html,rus,Russia,/world-match-centre/teams/country=rus/women/index.html,4-1,""
women,2001,10,FIFA U-20 Women's World Cup Qualifier,6328,Thursday 11/10/2001,Group B4,27789,20011011,isl,Iceland,/world-match-centre/teams/country=isl/women/index.html,bih,Bosnia and Herzegovina,/world-match-centre/teams/country=bih/women/index.html,6-0,""
women,2001,10,FIFA U-20 Women's World Cup Qualifier,6328,Friday 12/10/2001,Group B2,27778,20011012,ned,Netherlands,/world-match-centre/teams/country=ned/women/index.html,pol,Poland,/world-match-centre/teams/country=pol/women/index.html,0-0,""
women,2001,10,FIFA U-20 Women's World Cup Qualifier,6328,Friday 12/10/2001,Group B2,27779,20011012,svk,Slovakia,/world-match-centre/teams/country=svk/women/index.html,wal,Wales,/world-match-centre/teams/country=wal/women/index.html,0-2,""
women,2001,10,FIFA U-20 Women's World Cup Qualifier,6328,Saturday 13/10/2001,Group B4,27790,20011013,bel,Belgium,/world-match-centre/teams/country=bel/women/index.html,isl,Iceland,/world-match-centre/teams/country=isl/women/index.html,1-1,""
women,2001,10,FIFA U-20 Women's World Cup Qualifier,6328,Saturday 13/10/2001,Group B4,27791,20011013,rus,Russia,/world-match-centre/teams/country=rus/women/index.html,bih,Bosnia and Herzegovina,/world-match-centre/teams/country=bih/women/index.html,1-0,""
women,2001,10,FIFA U-20 Women's World Cup Qualifier,6328,Sunday 14/10/2001,Group B2,27780,20011014,wal,Wales,/world-match-centre/teams/country=wal/women/index.html,ned,Netherlands,/world-match-centre/teams/country=ned/women/index.html,0-3,""
women,2001,10,FIFA U-20 Women's World Cup Qualifier,6328,Sunday 14/10/2001,Group B2,27781,20011014,svk,Slovakia,/world-match-centre/teams/country=svk/women/index.html,pol,Poland,/world-match-centre/teams/country=pol/women/index.html,0-3,""
women,2001,10,FIFA U-20 Women's World Cup Qualifier,6328,Monday 15/10/2001,Group B4,27792,20011015,bih,Bosnia and Herzegovina,/world-match-centre/teams/country=bih/women/index.html,bel,Belgium,/world-match-centre/teams/country=bel/women/index.html,0-11,""
women,2001,10,FIFA U-20 Women's World Cup Qualifier,6328,Monday 15/10/2001,Group B4,27793,20011015,rus,Russia,/world-match-centre/teams/country=rus/women/index.html,isl,Iceland,/world-match-centre/teams/country=isl/women/index.html,1-1,""
women,2001,10,FIFA U-20 Women's World Cup Qualifier,6328,Tuesday 16/10/2001,Group B3,27782,20011016,cze,Czech Republic,/world-match-centre/teams/country=cze/women/index.html,yug,Yugoslavia,/world-match-centre/teams/country=yug/women/index.html,0-0,""
women,2001,10,FIFA U-20 Women's World Cup Qualifier,6328,Tuesday 16/10/2001,Group B3,27783,20011016,tur,Turkey,/world-match-centre/teams/country=tur/women/index.html,isr,Israel,/world-match-centre/teams/country=isr/women/index.html,0-5,""
women,2001,10,FIFA U-20 Women's World Cup Qualifier,6328,Thursday 18/10/2001,Group B3,27784,20011018,cze,Czech Republic,/world-match-centre/teams/country=cze/women/index.html,tur,Turkey,/world-match-centre/teams/country=tur/women/index.html,2-0,""
women,2001,10,FIFA U-20 Women's World Cup Qualifier,6328,Thursday 18/10/2001,Group B3,27785,20011018,yug,Yugoslavia,/world-match-centre/teams/country=yug/women/index.html,isr,Israel,/world-match-centre/teams/country=isr/women/index.html,1-1,""
women,2001,10,FIFA U-20 Women's World Cup Qualifier,6328,Saturday 20/10/2001,Group B3,27786,20011020,isr,Israel,/world-match-centre/teams/country=isr/women/index.html,cze,Czech Republic,/world-match-centre/teams/country=cze/women/index.html,0-1,""
women,2001,10,FIFA U-20 Women's World Cup Qualifier,6328,Saturday 20/10/2001,Group B3,27787,20011020,yug,Yugoslavia,/world-match-centre/teams/country=yug/women/index.html,tur,Turkey,/world-match-centre/teams/country=tur/women/index.html,6-0,""
women,2001,10,FIFA U-20 Women's World Cup Qualifier,6328,Monday 22/10/2001,Group B1,27770,20011022,ukr,Ukraine,/world-match-centre/teams/country=ukr/women/index.html,sco,Scotland,/world-match-centre/teams/country=sco/women/index.html,2-2,""
women,2001,10,FIFA U-20 Women's World Cup Qualifier,6328,Monday 22/10/2001,Group B1,27771,20011022,irl,Republic of Ireland,/world-match-centre/teams/country=irl/women/index.html,sui,Switzerland,/world-match-centre/teams/country=sui/women/index.html,1-2,""
women,2001,10,FIFA U-20 Women's World Cup Qualifier,6328,Wednesday 24/10/2001,Group B1,27772,20011024,sco,Scotland,/world-match-centre/teams/country=sco/women/index.html,irl,Republic of Ireland,/world-match-centre/teams/country=irl/women/index.html,3-0,""
women,2001,10,FIFA U-20 Women's World Cup Qualifier,6328,Wednesday 24/10/2001,Group B1,27773,20011024,sui,Switzerland,/world-match-centre/teams/country=sui/women/index.html,ukr,Ukraine,/world-match-centre/teams/country=ukr/women/index.html,3-0,""
women,2001,10,FIFA U-20 Women's World Cup Qualifier,6328,Friday 26/10/2001,Group B1,27774,20011026,ukr,Ukraine,/world-match-centre/teams/country=ukr/women/index.html,irl,Republic of Ireland,/world-match-centre/teams/country=irl/women/index.html,1-0,""
women,2001,10,FIFA U-20 Women's World Cup Qualifier,6328,Friday 26/10/2001,Group B1,27775,20011026,sui,Switzerland,/world-match-centre/teams/country=sui/women/index.html,sco,Scotland,/world-match-centre/teams/country=sco/women/index.html,4-0,""
women,2001,10,FIFA U-20 Women's World Cup Qualifier,6373,Friday 26/10/2001,Quarterfinals,27696,20011026,zam,Zambia,/world-match-centre/teams/country=zam/women/index.html,rsa,South Africa,/world-match-centre/teams/country=rsa/women/index.html,0-1,""
women,2001,10,FIFA U-20 Women's World Cup Qualifier,6373,Sunday 28/10/2001,Quarterfinals,27698,20011028,mli,Mali,/world-match-centre/teams/country=mli/women/index.html,nga,Nigeria,/world-match-centre/teams/country=nga/women/index.html,0-6,""
women,2001,10,Friendly Women Futsal,2000010106,Friday 26/10/2001,"",300225495,20011026,irn,Iran,/world-match-centre/teams/country=irn/women/index.html,aze,Azerbaijan,/world-match-centre/teams/country=aze/women/index.html,17-6,"RASHT - Rasht , Iran"
women,2001,10,Friendly Women Futsal,2000010106,Saturday 27/10/2001,"",300303580,20011027,irn,Iran,/world-match-centre/teams/country=irn/women/index.html,irq,Iraq,/world-match-centre/teams/country=irq/women/index.html,10-2,"RASHT - Rasht , Iran"
women,2001,10,Friendly Women Futsal,2000010106,Sunday 28/10/2001,"",300225493,20011028,aze,Azerbaijan,/world-match-centre/teams/country=aze/women/index.html,irq,Iraq,/world-match-centre/teams/country=irq/women/index.html,5-4,"RASHT - Rasht , Iran"
women,2001,11,FIFA Women's World Cup Qualifier,5684,Saturday 03/11/2001,Group 2,24777,20011103,sui,Switzerland,/world-match-centre/teams/country=sui/women/index.html,swe,Sweden,/world-match-centre/teams/country=swe/women/index.html,0-5,"Au - Brugg , Switzerland"
women,2001,11,FIFA Women's World Cup Qualifier,5684,Sunday 04/11/2001,Group 4,24798,20011104,eng,England,/world-match-centre/teams/country=eng/women/index.html,ned,Netherlands,/world-match-centre/teams/country=ned/women/index.html,0-0,"Blundell Park - Grimsby , England"
women,2001,11,FIFA Women's World Cup Qualifier,5684,Saturday 17/11/2001,Group 1,24765,20011117,cze,Czech Republic,/world-match-centre/teams/country=cze/women/index.html,fra,France,/world-match-centre/teams/country=fra/women/index.html,1-2,"Petra - Drnovice , Czech Republic"
women,2001,11,FIFA Women's World Cup Qualifier,5684,Saturday 17/11/2001,Group 4,24799,20011117,ned,Netherlands,/world-match-centre/teams/country=ned/women/index.html,ger,Germany,/world-match-centre/teams/country=ger/women/index.html,0-3,"Het Diekman - Enschede , Netherlands"
women,2001,11,FIFA Women's World Cup Qualifier,5684,Saturday 17/11/2001,Group 5,24820,20011117,wal,Wales,/world-match-centre/teams/country=wal/women/index.html,bel,Belgium,/world-match-centre/teams/country=bel/women/index.html,0-2,"Belle Vue - Rhyl , Wales"
women,2001,11,FIFA Women's World Cup Qualifier,5684,Saturday 17/11/2001,Group 6,24825,20011117,irl,Republic of Ireland,/world-match-centre/teams/country=irl/women/index.html,gre,Greece,/world-match-centre/teams/country=gre/women/index.html,5-0,"Dalymount Park - Dublin , Republic of Ireland"
women,2001,11,FIFA Women's World Cup Qualifier,5684,Sunday 18/11/2001,Group 7,24834,20011118,isr,Israel,/world-match-centre/teams/country=isr/women/index.html,pol,Poland,/world-match-centre/teams/country=pol/women/index.html,0-2,"Kfar-Saba Municipal - Kfar Saba , Israel"
women,2001,11,FIFA Women's World Cup Qualifier,5684,Wednesday 21/11/2001,Group 8,24842,20011121,tur,Turkey,/world-match-centre/teams/country=tur/women/index.html,hun,Hungary,/world-match-centre/teams/country=hun/women/index.html,1-4,"ISTANBUL - Istanbul , Turkey"
women,2001,11,FIFA Women's World Cup Qualifier,5684,Saturday 24/11/2001,Group 4,24800,20011124,por,Portugal,/world-match-centre/teams/country=por/women/index.html,eng,England,/world-match-centre/teams/country=eng/women/index.html,1-1,"AVEIRO - Aveiro , Portugal"
women,2001,11,FIFA Women's World Cup Qualifier,5684,Sunday 25/11/2001,Group 5,24821,20011125,bel,Belgium,/world-match-centre/teams/country=bel/women/index.html,sco,Scotland,/world-match-centre/teams/country=sco/women/index.html,3-2,"Puyenbeke - Belsele , Belgium"
women,2001,11,FIFA Women's World Cup Qualifier,5684,Wednesday 28/11/2001,Group 3,24789,20011128,ita,Italy,/world-match-centre/teams/country=ita/women/index.html,esp,Spain,/world-match-centre/teams/country=esp/women/index.html,3-0,"PERUGIA - Perugia , Italy"
women,2001,11,FIFA Women's World Cup Qualifier,5684,Wednesday 28/11/2001,Group 6,24823,20011128,gre,Greece,/world-match-centre/teams/country=gre/women/index.html,mda,Moldova,/world-match-centre/teams/country=mda/women/index.html,1-2,"KARDITSA - Karditsa , Greece"
women,2001,11,Womens Continental Final,5968,Friday 23/11/2001,,26308,20011123,gua,Guatemala,/world-match-centre/teams/country=gua/women/index.html,slv,El Salvador,/world-match-centre/teams/country=slv/women/index.html,4-1,"GUATEMALA CITY - Guatemala City , Guatemala"
women,2001,11,Womens Continental Final,5968,Friday 23/11/2001,,26309,20011123,crc,Costa Rica,/world-match-centre/teams/country=crc/women/index.html,nca,Nicaragua,/world-match-centre/teams/country=nca/women/index.html,6-1,"GUATEMALA CITY - Guatemala City , Guatemala"
women,2001,11,Womens Continental Final,5968,Sunday 25/11/2001,,26310,20011125,gua,Guatemala,/world-match-centre/teams/country=gua/women/index.html,blz,Belize,/world-match-centre/teams/country=blz/women/index.html,12-0,"GUATEMALA CITY - Guatemala City , Guatemala"
women,2001,11,Womens Continental Final,5968,Sunday 25/11/2001,,26311,20011125,hon,Honduras,/world-match-centre/teams/country=hon/women/index.html,nca,Nicaragua,/world-match-centre/teams/country=nca/women/index.html,4-0,"GUATEMALA CITY - Guatemala City , Guatemala"
women,2001,11,Womens Continental Final,5968,Tuesday 27/11/2001,,26312,20011127,slv,El Salvador,/world-match-centre/teams/country=slv/women/index.html,blz,Belize,/world-match-centre/teams/country=blz/women/index.html,6-0,"GUATEMALA CITY - Guatemala City , Guatemala"
women,2001,11,Womens Continental Final,5968,Tuesday 27/11/2001,,26313,20011127,crc,Costa Rica,/world-match-centre/teams/country=crc/women/index.html,hon,Honduras,/world-match-centre/teams/country=hon/women/index.html,5-0,"GUATEMALA CITY - Guatemala City , Guatemala"
women,2001,11,Womens Continental Final,5968,Thursday 29/11/2001,,26314,20011129,gua,Guatemala,/world-match-centre/teams/country=gua/women/index.html,hon,Honduras,/world-match-centre/teams/country=hon/women/index.html,1-1 (3-2) Win on penalty,"GUATEMALA CITY - Guatemala City , Guatemala"
women,2001,11,Womens Continental Final,5968,Thursday 29/11/2001,,26315,20011129,crc,Costa Rica,/world-match-centre/teams/country=crc/women/index.html,slv,El Salvador,/world-match-centre/teams/country=slv/women/index.html,4-0,"GUATEMALA CITY - Guatemala City , Guatemala"
women,2001,11,FIFA U-20 Women's World Cup Qualifier,6328,Thursday 15/11/2001,Group A3,27806,20011115,den,Denmark,/world-match-centre/teams/country=den/women/index.html,eng,England,/world-match-centre/teams/country=eng/women/index.html,4-3,""
women,2001,11,FIFA U-20 Women's World Cup Qualifier,6328,Thursday 15/11/2001,Group A3,27807,20011115,cze,Czech Republic,/world-match-centre/teams/country=cze/women/index.html,isl,Iceland,/world-match-centre/teams/country=isl/women/index.html,3-0,""
women,2001,11,FIFA U-20 Women's World Cup Qualifier,6328,Friday 16/11/2001,Group A1,27794,20011116,ita,Italy,/world-match-centre/teams/country=ita/women/index.html,fra,France,/world-match-centre/teams/country=fra/women/index.html,2-3,""
women,2001,11,FIFA U-20 Women's World Cup Qualifier,6328,Friday 16/11/2001,Group A1,27795,20011116,sui,Switzerland,/world-match-centre/teams/country=sui/women/index.html,pol,Poland,/world-match-centre/teams/country=pol/women/index.html,5-1,""
women,2001,11,FIFA U-20 Women's World Cup Qualifier,6328,Saturday 17/11/2001,Group A3,27808,20011117,den,Denmark,/world-match-centre/teams/country=den/women/index.html,cze,Czech Republic,/world-match-centre/teams/country=cze/women/index.html,1-1,""
women,2001,11,FIFA U-20 Women's World Cup Qualifier,6328,Saturday 17/11/2001,Group A3,27809,20011117,eng,England,/world-match-centre/teams/country=eng/women/index.html,isl,Iceland,/world-match-centre/teams/country=isl/women/index.html,2-1,""
women,2001,11,FIFA U-20 Women's World Cup Qualifier,6328,Sunday 18/11/2001,Group A1,27796,20011118,ita,Italy,/world-match-centre/teams/country=ita/women/index.html,sui,Switzerland,/world-match-centre/teams/country=sui/women/index.html,1-2,""
women,2001,11,FIFA U-20 Women's World Cup Qualifier,6328,Sunday 18/11/2001,Group A1,27797,20011118,fra,France,/world-match-centre/teams/country=fra/women/index.html,pol,Poland,/world-match-centre/teams/country=pol/women/index.html,5-0,""
women,2001,11,FIFA U-20 Women's World Cup Qualifier,6328,Monday 19/11/2001,Group A3,27811,20011119,eng,England,/world-match-centre/teams/country=eng/women/index.html,cze,Czech Republic,/world-match-centre/teams/country=cze/women/index.html,3-0,""
women,2001,11,FIFA U-20 Women's World Cup Qualifier,6328,Monday 19/11/2001,Group A3,27810,20011119,isl,Iceland,/world-match-centre/teams/country=isl/women/index.html,den,Denmark,/world-match-centre/teams/country=den/women/index.html,0-3,""
women,2001,11,FIFA U-20 Women's World Cup Qualifier,6328,Tuesday 20/11/2001,Group A1,27798,20011120,pol,Poland,/world-match-centre/teams/country=pol/women/index.html,ita,Italy,/world-match-centre/teams/country=ita/women/index.html,0-0,""
women,2001,11,FIFA U-20 Women's World Cup Qualifier,6328,Tuesday 20/11/2001,Group A1,27799,20011120,fra,France,/world-match-centre/teams/country=fra/women/index.html,sui,Switzerland,/world-match-centre/teams/country=sui/women/index.html,2-0,""
women,2001,11,FIFA U-20 Women's World Cup Qualifier,6373,Friday 09/11/2001,Quarterfinals,27697,20011109,rsa,South Africa,/world-match-centre/teams/country=rsa/women/index.html,zam,Zambia,/world-match-centre/teams/country=zam/women/index.html,3-2,""
women,2001,11,FIFA U-20 Women's World Cup Qualifier,6373,Sunday 11/11/2001,Quarterfinals,27699,20011111,nga,Nigeria,/world-match-centre/teams/country=nga/women/index.html,mli,Mali,/world-match-centre/teams/country=mli/women/index.html,4-0,""
women,2001,12,Womens Continental Final,5568,Tuesday 04/12/2001,Group A,24487,20011204,tpe,Chinese Taipei,/world-match-centre/teams/country=tpe/women/index.html,mas,Malaysia,/world-match-centre/teams/country=mas/women/index.html,14-0,"Chungshan Stadium - Kaohsiung , Chinese Taipei"
women,2001,12,Womens Continental Final,5568,Tuesday 04/12/2001,Group A,24488,20011204,ind,India,/world-match-centre/teams/country=ind/women/index.html,kor,Korea Republic,/world-match-centre/teams/country=kor/women/index.html,0-7,"Chungshan Stadium - Kaohsiung , Chinese Taipei"
women,2001,12,Womens Continental Final,5568,Tuesday 04/12/2001,Group B,24497,20011204,sin,Singapore,/world-match-centre/teams/country=sin/women/index.html,jpn,Japan,/world-match-centre/teams/country=jpn/women/index.html,0-14,"Municipal Stadium - Taipei City , Chinese Taipei"
women,2001,12,Womens Continental Final,5568,Tuesday 04/12/2001,Group B,24498,20011204,prk,Korea DPR,/world-match-centre/teams/country=prk/women/index.html,gum,Guam,/world-match-centre/teams/country=gum/women/index.html,19-0,"Municipal Stadium - Taipei City , Chinese Taipei"
women,2001,12,Womens Continental Final,5568,Wednesday 05/12/2001,Group C,24507,20011205,uzb,Uzbekistan,/world-match-centre/teams/country=uzb/women/index.html,phi,Philippines,/world-match-centre/teams/country=phi/women/index.html,5-0,"Municipal Stadium - Taipei City , Chinese Taipei"
women,2001,12,Womens Continental Final,5568,Wednesday 05/12/2001,Group C,24508,20011205,chn,China PR,/world-match-centre/teams/country=chn/women/index.html,hkg,Hong Kong,/world-match-centre/teams/country=hkg/women/index.html,10-0,"Municipal Stadium - Taipei City , Chinese Taipei"
women,2001,12,Womens Continental Final,5568,Thursday 06/12/2001,Group A,24489,20011206,mas,Malaysia,/world-match-centre/teams/country=mas/women/index.html,tha,Thailand,/world-match-centre/teams/country=tha/women/index.html,0-4,"Chungshan Stadium - Kaohsiung , Chinese Taipei"
women,2001,12,Womens Continental Final,5568,Thursday 06/12/2001,Group A,24490,20011206,tpe,Chinese Taipei,/world-match-centre/teams/country=tpe/women/index.html,ind,India,/world-match-centre/teams/country=ind/women/index.html,5-0,"Chungshan Stadium - Kaohsiung , Chinese Taipei"
women,2001,12,Womens Continental Final,5568,Thursday 06/12/2001,Group B,24499,20011206,gum,Guam,/world-match-centre/teams/country=gum/women/index.html,vie,Vietnam,/world-match-centre/teams/country=vie/women/index.html,0-2,"Municipal Stadium - Taipei City , Chinese Taipei"
women,2001,12,Womens Continental Final,5568,Thursday 06/12/2001,Group B,24500,20011206,prk,Korea DPR,/world-match-centre/teams/country=prk/women/index.html,sin,Singapore,/world-match-centre/teams/country=sin/women/index.html,24-0,"Municipal Stadium - Taipei City , Chinese Taipei"
women,2001,12,Womens Continental Final,5568,Friday 07/12/2001,Group C,24509,20011207,hkg,Hong Kong,/world-match-centre/teams/country=hkg/women/index.html,phi,Philippines,/world-match-centre/teams/country=phi/women/index.html,2-1,"Chungshan Stadium - Kaohsiung , Chinese Taipei"
women,2001,12,Womens Continental Final,5568,Friday 07/12/2001,Group C,24510,20011207,chn,China PR,/world-match-centre/teams/country=chn/women/index.html,uzb,Uzbekistan,/world-match-centre/teams/country=uzb/women/index.html,11-0,"Chungshan Stadium - Kaohsiung , Chinese Taipei"
women,2001,12,Womens Continental Final,5568,Saturday 08/12/2001,Group A,24491,20011208,mas,Malaysia,/world-match-centre/teams/country=mas/women/index.html,kor,Korea Republic,/world-match-centre/teams/country=kor/women/index.html,0-3,"Municipal Stadium - Taipei City , Chinese Taipei"
women,2001,12,Womens Continental Final,5568,Saturday 08/12/2001,Group A,24492,20011208,tpe,Chinese Taipei,/world-match-centre/teams/country=tpe/women/index.html,tha,Thailand,/world-match-centre/teams/country=tha/women/index.html,5-0,"Municipal Stadium - Taipei City , Chinese Taipei"
women,2001,12,Womens Continental Final,5568,Saturday 08/12/2001,Group B,24501,20011208,gum,Guam,/world-match-centre/teams/country=gum/women/index.html,jpn,Japan,/world-match-centre/teams/country=jpn/women/index.html,0-11,"Chungshan Stadium - Kaohsiung , Chinese Taipei"
women,2001,12,Womens Continental Final,5568,Saturday 08/12/2001,Group B,24502,20011208,prk,Korea DPR,/world-match-centre/teams/country=prk/women/index.html,vie,Vietnam,/world-match-centre/teams/country=vie/women/index.html,4-0,"Chungshan Stadium - Kaohsiung , Chinese Taipei"
women,2001,12,Womens Continental Final,5568,Sunday 09/12/2001,Group C,24511,20011209,hkg,Hong Kong,/world-match-centre/teams/country=hkg/women/index.html,uzb,Uzbekistan,/world-match-centre/teams/country=uzb/women/index.html,0-4,"Municipal Stadium - Taipei City , Chinese Taipei"
women,2001,12,Womens Continental Final,5568,Sunday 09/12/2001,Group C,24512,20011209,chn,China PR,/world-match-centre/teams/country=chn/women/index.html,phi,Philippines,/world-match-centre/teams/country=phi/women/index.html,10-0,"Municipal Stadium - Taipei City , Chinese Taipei"
women,2001,12,Womens Continental Final,5568,Monday 10/12/2001,Group A,24493,20011210,ind,India,/world-match-centre/teams/country=ind/women/index.html,tha,Thailand,/world-match-centre/teams/country=tha/women/index.html,0-1,"Chungshan Stadium - Kaohsiung , Chinese Taipei"
women,2001,12,Womens Continental Final,5568,Monday 10/12/2001,Group A,24494,20011210,tpe,Chinese Taipei,/world-match-centre/teams/country=tpe/women/index.html,kor,Korea Republic,/world-match-centre/teams/country=kor/women/index.html,0-1,"Chungshan Stadium - Kaohsiung , Chinese Taipei"
women,2001,12,Womens Continental Final,5568,Monday 10/12/2001,Group B,24503,20011210,sin,Singapore,/world-match-centre/teams/country=sin/women/index.html,vie,Vietnam,/world-match-centre/teams/country=vie/women/index.html,0-8,"Municipal Stadium - Taipei City , Chinese Taipei"
women,2001,12,Womens Continental Final,5568,Monday 10/12/2001,Group B,24504,20011210,prk,Korea DPR,/world-match-centre/teams/country=prk/women/index.html,jpn,Japan,/world-match-centre/teams/country=jpn/women/index.html,1-0,"Municipal Stadium - Taipei City , Chinese Taipei"
women,2001,12,Womens Continental Final,5568,Wednesday 12/12/2001,Group A,24495,20011212,kor,Korea Republic,/world-match-centre/teams/country=kor/women/index.html,tha,Thailand,/world-match-centre/teams/country=tha/women/index.html,4-0,"Municipal Stadium - Taipei City , Chinese Taipei"
women,2001,12,Womens Continental Final,5568,Wednesday 12/12/2001,Group A,24496,20011212,mas,Malaysia,/world-match-centre/teams/country=mas/women/index.html,ind,India,/world-match-centre/teams/country=ind/women/index.html,0-3,"Municipal Stadium - Taipei City , Chinese Taipei"
women,2001,12,Womens Continental Final,5568,Wednesday 12/12/2001,Group B,24505,20011212,jpn,Japan,/world-match-centre/teams/country=jpn/women/index.html,vie,Vietnam,/world-match-centre/teams/country=vie/women/index.html,3-1,"Chungshan Stadium - Kaohsiung , Chinese Taipei"
women,2001,12,Womens Continental Final,5568,Wednesday 12/12/2001,Group B,24506,20011212,gum,Guam,/world-match-centre/teams/country=gum/women/index.html,sin,Singapore,/world-match-centre/teams/country=sin/women/index.html,1-2,"Chungshan Stadium - Kaohsiung , Chinese Taipei"
women,2001,12,Womens Continental Final,5568,Friday 14/12/2001,,24513,20011214,kor,Korea Republic,/world-match-centre/teams/country=kor/women/index.html,jpn,Japan,/world-match-centre/teams/country=jpn/women/index.html,1-2,"Chungshan Stadium - Kaohsiung , Chinese Taipei"
women,2001,12,Womens Continental Final,5568,Friday 14/12/2001,,24514,20011214,prk,Korea DPR,/world-match-centre/teams/country=prk/women/index.html,chn,China PR,/world-match-centre/teams/country=chn/women/index.html,3-1,"Chungshan Stadium - Kaohsiung , Chinese Taipei"
women,2001,12,Womens Continental Final,5568,Sunday 16/12/2001,,24515,20011216,kor,Korea Republic,/world-match-centre/teams/country=kor/women/index.html,chn,China PR,/world-match-centre/teams/country=chn/women/index.html,0-8,"Chungshan Stadium - Kaohsiung , Chinese Taipei"
women,2001,12,Womens Continental Final,5568,Sunday 16/12/2001,,24516,20011216,jpn,Japan,/world-match-centre/teams/country=jpn/women/index.html,prk,Korea DPR,/world-match-centre/teams/country=prk/women/index.html,0-2,"Chungshan Stadium - Kaohsiung , Chinese Taipei"
women,2001,12,FIFA Women's World Cup Qualifier,5684,Saturday 08/12/2001,Group 4,24803,20011208,por,Portugal,/world-match-centre/teams/country=por/women/index.html,ned,Netherlands,/world-match-centre/teams/country=ned/women/index.html,2-1,"Tabua - Tabua , Portugal"
women,2001,12,Womens Continental Final,5968,Saturday 01/12/2001,,26317,20011201,crc,Costa Rica,/world-match-centre/teams/country=crc/women/index.html,hon,Honduras,/world-match-centre/teams/country=hon/women/index.html,4-1,"GUATEMALA CITY - Guatemala City , Guatemala"
women,2001,12,Womens Continental Final,5968,Saturday 01/12/2001,,26316,20011201,gua,Guatemala,/world-match-centre/teams/country=gua/women/index.html,slv,El Salvador,/world-match-centre/teams/country=slv/women/index.html,4-0,"GUATEMALA CITY - Guatemala City , Guatemala"
women,2001,12,FIFA U-20 Women's World Cup Qualifier,6388,Tuesday 18/12/2001,Caribbean Zone Group A,27890,20011218,jam,Jamaica,/world-match-centre/teams/country=jam/women/index.html,grn,Grenada,/world-match-centre/teams/country=grn/women/index.html,21-0,""
women,2001,12,FIFA U-20 Women's World Cup Qualifier,6388,Tuesday 18/12/2001,Caribbean Zone Group A,27891,20011218,bah,Bahamas,/world-match-centre/teams/country=bah/women/index.html,tri,Trinidad and Tobago,/world-match-centre/teams/country=tri/women/index.html,0-13,""
women,2001,12,FIFA U-20 Women's World Cup Qualifier,6388,Thursday 20/12/2001,Caribbean Zone Group A,27892,20011220,jam,Jamaica,/world-match-centre/teams/country=jam/women/index.html,bah,Bahamas,/world-match-centre/teams/country=bah/women/index.html,11-0,""
women,2001,12,FIFA U-20 Women's World Cup Qualifier,6388,Thursday 20/12/2001,Caribbean Zone Group A,27893,20011220,grn,Grenada,/world-match-centre/teams/country=grn/women/index.html,tri,Trinidad and Tobago,/world-match-centre/teams/country=tri/women/index.html,0-17,""
women,2001,12,FIFA U-20 Women's World Cup Qualifier,6388,Saturday 22/12/2001,Caribbean Zone Group A,27894,20011222,jam,Jamaica,/world-match-centre/teams/country=jam/women/index.html,tri,Trinidad and Tobago,/world-match-centre/teams/country=tri/women/index.html,0-0,""
women,2001,12,FIFA U-20 Women's World Cup Qualifier,6388,Saturday 22/12/2001,Caribbean Zone Group A,27895,20011222,grn,Grenada,/world-match-centre/teams/country=grn/women/index.html,bah,Bahamas,/world-match-centre/teams/country=bah/women/index.html,3-1,""
women,2001,12,Friendly Women Futsal,2000010106,Friday 07/12/2001,"",300225491,20011207,bra,Brazil,/world-match-centre/teams/country=bra/women/index.html,par,Paraguay,/world-match-centre/teams/country=par/women/index.html,13-5,"LONDRINA - Londrina , Brazil"
women,2001,12,Friendly Women Futsal,2000010106,Saturday 08/12/2001,"",300225490,20011208,bra,Brazil,/world-match-centre/teams/country=bra/women/index.html,par,Paraguay,/world-match-centre/teams/country=par/women/index.html,10-2,"CORNELIO PROCOPIO - Cornelio Procopio , Brazil"
