men,1970,1,Friendly,2000010101,Sunday 04/01/1970,"",48283,19700104,mlt,Malta,/world-match-centre/teams/country=mlt/index.html,lux,Luxembourg,/world-match-centre/teams/country=lux/index.html,1-1,"Empire - Gzira , Malta"
men,1970,1,Friendly,2000010101,Wednesday 14/01/1970,"",48282,19700114,eng,England,/world-match-centre/teams/country=eng/index.html,ned,Netherlands,/world-match-centre/teams/country=ned/index.html,0-0,"Wembley Stadium - London , England"
men,1970,1,Friendly,2000010101,Wednesday 28/01/1970,"",48279,19700128,isr,Israel,/world-match-centre/teams/country=isr/index.html,ned,Netherlands,/world-match-centre/teams/country=ned/index.html,0-1,"TEL AVIV - Tel Aviv , Israel"
men,1970,2,Continental Final,236077,Friday 06/02/1970,Group 1,41266,19700206,cmr,Cameroon,/world-match-centre/teams/country=cmr/index.html,civ,C担te d'Ivoire,/world-match-centre/teams/country=civ/index.html,3-2,"KHARTOUM - Khartoum , Sudan"
men,1970,2,Continental Final,236077,Friday 06/02/1970,Group 1,41267,19700206,sdn,Sudan,/world-match-centre/teams/country=sdn/index.html,eth,Ethiopia,/world-match-centre/teams/country=eth/index.html,3-0,"KHARTOUM - Khartoum , Sudan"
men,1970,2,Continental Final,236077,Saturday 07/02/1970,Group 2,41272,19700207,egy,Egypt,/world-match-centre/teams/country=egy/index.html,gui,Guinea,/world-match-centre/teams/country=gui/index.html,4-1,"WAD MADANI - Wad Madani , Sudan"
men,1970,2,Continental Final,236077,Saturday 07/02/1970,Group 2,41273,19700207,gha,Ghana,/world-match-centre/teams/country=gha/index.html,cgo,Congo,/world-match-centre/teams/country=cgo/index.html,2-0,"WAD MADANI - Wad Madani , Sudan"
men,1970,2,Continental Final,236077,Sunday 08/02/1970,Group 1,41268,19700208,cmr,Cameroon,/world-match-centre/teams/country=cmr/index.html,eth,Ethiopia,/world-match-centre/teams/country=eth/index.html,3-2,"KHARTOUM - Khartoum , Sudan"
men,1970,2,Continental Final,236077,Sunday 08/02/1970,Group 1,41269,19700208,sdn,Sudan,/world-match-centre/teams/country=sdn/index.html,civ,C担te d'Ivoire,/world-match-centre/teams/country=civ/index.html,0-1,"KHARTOUM - Khartoum , Sudan"
men,1970,2,Continental Final,236077,Monday 09/02/1970,Group 2,41274,19700209,cgo,Congo,/world-match-centre/teams/country=cgo/index.html,gui,Guinea,/world-match-centre/teams/country=gui/index.html,2-2,"WAD MADANI - Wad Madani , Sudan"
men,1970,2,Continental Final,236077,Monday 09/02/1970,Group 2,41275,19700209,egy,Egypt,/world-match-centre/teams/country=egy/index.html,gha,Ghana,/world-match-centre/teams/country=gha/index.html,1-1,"WAD MADANI - Wad Madani , Sudan"
men,1970,2,Continental Final,236077,Tuesday 10/02/1970,Group 1,41270,19700210,civ,C担te d'Ivoire,/world-match-centre/teams/country=civ/index.html,eth,Ethiopia,/world-match-centre/teams/country=eth/index.html,6-1,"KHARTOUM - Khartoum , Sudan"
men,1970,2,Continental Final,236077,Tuesday 10/02/1970,Group 1,41271,19700210,sdn,Sudan,/world-match-centre/teams/country=sdn/index.html,cmr,Cameroon,/world-match-centre/teams/country=cmr/index.html,2-1,"KHARTOUM - Khartoum , Sudan"
men,1970,2,Continental Final,236077,Wednesday 11/02/1970,Group 2,41276,19700211,egy,Egypt,/world-match-centre/teams/country=egy/index.html,cgo,Congo,/world-match-centre/teams/country=cgo/index.html,1-0,"WAD MADANI - Wad Madani , Sudan"
men,1970,2,Continental Final,236077,Wednesday 11/02/1970,Group 2,41277,19700211,gha,Ghana,/world-match-centre/teams/country=gha/index.html,gui,Guinea,/world-match-centre/teams/country=gui/index.html,1-1,"WAD MADANI - Wad Madani , Sudan"
men,1970,2,Continental Final,236077,Saturday 14/02/1970,Semi-final,41278,19700214,gha,Ghana,/world-match-centre/teams/country=gha/index.html,civ,C担te d'Ivoire,/world-match-centre/teams/country=civ/index.html,2-1 AET,"KHARTOUM - Khartoum , Sudan"
men,1970,2,Continental Final,236077,Saturday 14/02/1970,Semi-final,41279,19700214,sdn,Sudan,/world-match-centre/teams/country=sdn/index.html,egy,Egypt,/world-match-centre/teams/country=egy/index.html,2-1 AET,"KHARTOUM - Khartoum , Sudan"
men,1970,2,Continental Final,236077,Monday 16/02/1970,Match for third place,41280,19700216,egy,Egypt,/world-match-centre/teams/country=egy/index.html,civ,C担te d'Ivoire,/world-match-centre/teams/country=civ/index.html,3-1,"KHARTOUM - Khartoum , Sudan"
men,1970,2,Continental Final,236077,Monday 16/02/1970,Final,41281,19700216,sdn,Sudan,/world-match-centre/teams/country=sdn/index.html,gha,Ghana,/world-match-centre/teams/country=gha/index.html,1-0,"KHARTOUM - Khartoum , Sudan"
men,1970,2,Friendly,2000010101,Monday 09/02/1970,"",48277,19700209,per,Peru,/world-match-centre/teams/country=per/index.html,rou,Romania,/world-match-centre/teams/country=rou/index.html,2-0,"LIMA - Lima , Peru"
men,1970,2,Friendly,2000010101,Wednesday 11/02/1970,"",48276,19700211,esp,Spain,/world-match-centre/teams/country=esp/index.html,frg,Germany FR,/world-match-centre/teams/country=frg/index.html,2-0,"SEVILLE - Seville , Spain"
men,1970,2,Friendly,2000010101,Sunday 15/02/1970,"",48275,19700215,mex,Mexico,/world-match-centre/teams/country=mex/index.html,bul,Bulgaria,/world-match-centre/teams/country=bul/index.html,1-1,"MEXICO CITY - Mexico City , Mexico"
men,1970,2,Friendly,2000010101,Wednesday 18/02/1970,"",48274,19700218,mex,Mexico,/world-match-centre/teams/country=mex/index.html,bul,Bulgaria,/world-match-centre/teams/country=bul/index.html,2-0,"LEON - Leon , Mexico"
men,1970,2,Friendly,2000010101,Saturday 21/02/1970,"",48272,19700221,esp,Spain,/world-match-centre/teams/country=esp/index.html,ita,Italy,/world-match-centre/teams/country=ita/index.html,2-2,"Santiago Bernabeu - Madrid , Spain"
men,1970,2,Friendly,2000010101,Saturday 21/02/1970,"",48273,19700221,per,Peru,/world-match-centre/teams/country=per/index.html,bul,Bulgaria,/world-match-centre/teams/country=bul/index.html,1-3,"LIMA - Lima , Peru"
men,1970,2,Friendly,2000010101,Sunday 22/02/1970,"",48271,19700222,mex,Mexico,/world-match-centre/teams/country=mex/index.html,swe,Sweden,/world-match-centre/teams/country=swe/index.html,0-0,"MEXICO CITY - Mexico City , Mexico"
men,1970,2,Friendly,2000010101,Tuesday 24/02/1970,"",48270,19700224,per,Peru,/world-match-centre/teams/country=per/index.html,bul,Bulgaria,/world-match-centre/teams/country=bul/index.html,5-3,"LIMA - Lima , Peru"
men,1970,2,Friendly,2000010101,Wednesday 25/02/1970,"",48269,19700225,bel,Belgium,/world-match-centre/teams/country=bel/index.html,eng,England,/world-match-centre/teams/country=eng/index.html,1-3,"BRUSSELS - Brussels , Belgium"
men,1970,2,Friendly,2000010101,Thursday 26/02/1970,"",55805,19700226,mex,Mexico,/world-match-centre/teams/country=mex/index.html,urs,Soviet Union,/world-match-centre/teams/country=urs/index.html,0-0,"MEXICO CITY - Mexico City , Mexico"
men,1970,3,Friendly,2000010101,Sunday 01/03/1970,"",48268,19700301,mex,Mexico,/world-match-centre/teams/country=mex/index.html,swe,Sweden,/world-match-centre/teams/country=swe/index.html,0-1,"Cuauhtemoc - Puebla , Mexico"
men,1970,3,Friendly,2000010101,Sunday 01/03/1970,"",50386,19700301,ven,Venezuela,/world-match-centre/teams/country=ven/index.html,pur,Puerto Rico,/world-match-centre/teams/country=pur/index.html,1-1,"PANAMA CITY - Panama City , Panama"
men,1970,3,Friendly,2000010101,Monday 02/03/1970,"",50379,19700302,pan,Panama,/world-match-centre/teams/country=pan/index.html,nca,Nicaragua,/world-match-centre/teams/country=nca/index.html,4-3,"PANAMA CITY - Panama City , Panama"
men,1970,3,Friendly,2000010101,Monday 02/03/1970,"",50385,19700302,pur,Puerto Rico,/world-match-centre/teams/country=pur/index.html,ant,Netherlands Antilles,/world-match-centre/teams/country=ant/index.html,0-3,"PANAMA CITY - Panama City , Panama"
men,1970,3,Friendly,2000010101,Tuesday 03/03/1970,"",50378,19700303,col,Colombia,/world-match-centre/teams/country=col/index.html,cub,Cuba,/world-match-centre/teams/country=cub/index.html,2-1,"PANAMA CITY - Panama City , Panama"
men,1970,3,Friendly,2000010101,Tuesday 03/03/1970,"",50384,19700303,bah,Bahamas,/world-match-centre/teams/country=bah/index.html,ant,Netherlands Antilles,/world-match-centre/teams/country=ant/index.html,1-8,"PANAMA CITY - Panama City , Panama"
men,1970,3,Friendly,2000010101,Wednesday 04/03/1970,"",48267,19700304,bra,Brazil,/world-match-centre/teams/country=bra/index.html,arg,Argentina,/world-match-centre/teams/country=arg/index.html,0-2,"PORTO ALEGRE - Porto Alegre , Brazil"
men,1970,3,Friendly,2000010101,Wednesday 04/03/1970,"",50377,19700304,pan,Panama,/world-match-centre/teams/country=pan/index.html,cub,Cuba,/world-match-centre/teams/country=cub/index.html,3-4,"PANAMA CITY - Panama City , Panama"
men,1970,3,Friendly,2000010101,Wednesday 04/03/1970,"",50383,19700304,ven,Venezuela,/world-match-centre/teams/country=ven/index.html,dom,Dominican Republic,/world-match-centre/teams/country=dom/index.html,5-0,"PANAMA CITY - Panama City , Panama"
men,1970,3,Friendly,2000010101,Thursday 05/03/1970,"",48266,19700305,per,Peru,/world-match-centre/teams/country=per/index.html,mex,Mexico,/world-match-centre/teams/country=mex/index.html,0-1,"LIMA - Lima , Peru"
men,1970,3,Friendly,2000010101,Thursday 05/03/1970,"",50376,19700305,col,Colombia,/world-match-centre/teams/country=col/index.html,nca,Nicaragua,/world-match-centre/teams/country=nca/index.html,7-2,"PANAMA CITY - Panama City , Panama"
men,1970,3,Friendly,2000010101,Thursday 05/03/1970,"",50382,19700305,ven,Venezuela,/world-match-centre/teams/country=ven/index.html,bah,Bahamas,/world-match-centre/teams/country=bah/index.html,5-0,"PANAMA CITY - Panama City , Panama"
men,1970,3,Friendly,2000010101,Friday 06/03/1970,"",50375,19700306,pan,Panama,/world-match-centre/teams/country=pan/index.html,col,Colombia,/world-match-centre/teams/country=col/index.html,0-3,"PANAMA CITY - Panama City , Panama"
men,1970,3,Friendly,2000010101,Friday 06/03/1970,"",50381,19700306,dom,Dominican Republic,/world-match-centre/teams/country=dom/index.html,pur,Puerto Rico,/world-match-centre/teams/country=pur/index.html,5-0,"PANAMA CITY - Panama City , Panama"
men,1970,3,Friendly,2000010101,Sunday 08/03/1970,"",48264,19700308,per,Peru,/world-match-centre/teams/country=per/index.html,mex,Mexico,/world-match-centre/teams/country=mex/index.html,1-0,"LIMA - Lima , Peru"
men,1970,3,Friendly,2000010101,Sunday 08/03/1970,"",48265,19700308,bra,Brazil,/world-match-centre/teams/country=bra/index.html,arg,Argentina,/world-match-centre/teams/country=arg/index.html,2-1,"RIO DE JANEIRO - Rio De Janeiro , Brazil"
men,1970,3,Friendly,2000010101,Sunday 08/03/1970,"",50374,19700308,cub,Cuba,/world-match-centre/teams/country=cub/index.html,nca,Nicaragua,/world-match-centre/teams/country=nca/index.html,4-0,"PANAMA CITY - Panama City , Panama"
men,1970,3,Friendly,2000010101,Sunday 08/03/1970,"",50380,19700308,pur,Puerto Rico,/world-match-centre/teams/country=pur/index.html,bah,Bahamas,/world-match-centre/teams/country=bah/index.html,3-0,"PANAMA CITY - Panama City , Panama"
men,1970,3,Friendly,2000010101,Monday 09/03/1970,"",50391,19700309,col,Colombia,/world-match-centre/teams/country=col/index.html,ven,Venezuela,/world-match-centre/teams/country=ven/index.html,3-0,"PANAMA CITY - Panama City , Panama"
men,1970,3,Friendly,2000010101,Wednesday 11/03/1970,"",50389,19700311,ven,Venezuela,/world-match-centre/teams/country=ven/index.html,ant,Netherlands Antilles,/world-match-centre/teams/country=ant/index.html,0-3,"PANAMA CITY - Panama City , Panama"
men,1970,3,Friendly,2000010101,Wednesday 11/03/1970,"",50390,19700311,col,Colombia,/world-match-centre/teams/country=col/index.html,cub,Cuba,/world-match-centre/teams/country=cub/index.html,1-0,"PANAMA CITY - Panama City , Panama"
men,1970,3,Friendly,2000010101,Friday 13/03/1970,"",50388,19700313,cub,Cuba,/world-match-centre/teams/country=cub/index.html,ven,Venezuela,/world-match-centre/teams/country=ven/index.html,5-0,"PANAMA CITY - Panama City , Panama"
men,1970,3,Friendly,2000010101,Sunday 15/03/1970,"",48263,19700315,mex,Mexico,/world-match-centre/teams/country=mex/index.html,per,Peru,/world-match-centre/teams/country=per/index.html,3-1,"MEXICO CITY - Mexico City , Mexico"
men,1970,3,Friendly,2000010101,Monday 16/03/1970,"",50387,19700316,cub,Cuba,/world-match-centre/teams/country=cub/index.html,ant,Netherlands Antilles,/world-match-centre/teams/country=ant/index.html,2-0,"PANAMA CITY - Panama City , Panama"
men,1970,3,Friendly,2000010101,Wednesday 18/03/1970,"",48262,19700318,mex,Mexico,/world-match-centre/teams/country=mex/index.html,per,Peru,/world-match-centre/teams/country=per/index.html,3-3,"LEON - Leon , Mexico"
men,1970,3,Friendly,2000010101,Sunday 22/03/1970,"",48211,19700322,upper-volta-1895300,Upper Volta,/world-match-centre/clubs/club=upper-volta-1895300/index.html,nig,Niger,/world-match-centre/teams/country=nig/index.html,3-3,""
men,1970,3,Friendly,2000010101,Sunday 22/03/1970,"",48260,19700322,eth,Ethiopia,/world-match-centre/teams/country=eth/index.html,isr,Israel,/world-match-centre/teams/country=isr/index.html,1-5,"ADDIS ABABA - Addis Ababa , Ethiopia"
men,1970,3,Friendly,2000010101,Sunday 22/03/1970,"",48261,19700322,bra,Brazil,/world-match-centre/teams/country=bra/index.html,chi,Chile,/world-match-centre/teams/country=chi/index.html,5-0,"RIO DE JANEIRO - Rio De Janeiro , Brazil"
men,1970,3,Friendly,2000010101,Thursday 26/03/1970,"",48209,19700326,gui,Guinea,/world-match-centre/teams/country=gui/index.html,mwi,Malawi,/world-match-centre/teams/country=mwi/index.html,2-1,""
men,1970,3,Friendly,2000010101,Thursday 26/03/1970,"",48210,19700326,bra,Brazil,/world-match-centre/teams/country=bra/index.html,chi,Chile,/world-match-centre/teams/country=chi/index.html,2-1,"RIO DE JANEIRO - Rio De Janeiro , Brazil"
men,1970,3,Friendly,2000010101,Friday 27/03/1970,"",50097,19700327,bhr,Bahrain,/world-match-centre/teams/country=bhr/index.html,qat,Qatar,/world-match-centre/teams/country=qat/index.html,2-1,"ISA TOWN - Isa Town , Bahrain"
men,1970,3,Friendly,2000010101,Saturday 28/03/1970,"",50096,19700328,kuw,Kuwait,/world-match-centre/teams/country=kuw/index.html,ksa,Saudi Arabia,/world-match-centre/teams/country=ksa/index.html,3-1,"MANAMA - Manama , Bahrain"
men,1970,3,Friendly,2000010101,Monday 30/03/1970,"",50095,19700330,bhr,Bahrain,/world-match-centre/teams/country=bhr/index.html,ksa,Saudi Arabia,/world-match-centre/teams/country=ksa/index.html,0-0,"MANAMA - Manama , Bahrain"
men,1970,3,Friendly,2000010101,Tuesday 31/03/1970,"",50094,19700331,kuw,Kuwait,/world-match-centre/teams/country=kuw/index.html,qat,Qatar,/world-match-centre/teams/country=qat/index.html,4-2,"MANAMA - Manama , Bahrain"
men,1970,3,Friendly,2000010101,Tuesday 31/03/1970,"",48208,19700331,uru,Uruguay,/world-match-centre/teams/country=uru/index.html,per,Peru,/world-match-centre/teams/country=per/index.html,2-0,"MONTEVIDEO - Montevideo , Uruguay"
men,1970,4,Friendly,2000010101,Thursday 02/04/1970,"",50093,19700402,ksa,Saudi Arabia,/world-match-centre/teams/country=ksa/index.html,qat,Qatar,/world-match-centre/teams/country=qat/index.html,1-1,"MANAMA - Manama , Bahrain"
men,1970,4,Friendly,2000010101,Friday 03/04/1970,"",50092,19700403,bhr,Bahrain,/world-match-centre/teams/country=bhr/index.html,kuw,Kuwait,/world-match-centre/teams/country=kuw/index.html,1-3,"ISA TOWN - Isa Town , Bahrain"
men,1970,4,Friendly,2000010101,Wednesday 08/04/1970,"",48204,19700408,yug,Yugoslavia,/world-match-centre/teams/country=yug/index.html,aut,Austria,/world-match-centre/teams/country=aut/index.html,1-1,SARAJEVO - Sarajevo
men,1970,4,Friendly,2000010101,Wednesday 08/04/1970,"",48205,19700408,frg,Germany FR,/world-match-centre/teams/country=frg/index.html,rou,Romania,/world-match-centre/teams/country=rou/index.html,1-1,STUTTGART - Stuttgart
men,1970,4,Friendly,2000010101,Wednesday 08/04/1970,"",48206,19700408,fra,France,/world-match-centre/teams/country=fra/index.html,bul,Bulgaria,/world-match-centre/teams/country=bul/index.html,1-1,"ROUEN - Rouen , France"
men,1970,4,Friendly,2000010101,Wednesday 08/04/1970,"",48207,19700408,arg,Argentina,/world-match-centre/teams/country=arg/index.html,uru,Uruguay,/world-match-centre/teams/country=uru/index.html,2-1,"BUENOS AIRES - Buenos Aires , Argentina"
men,1970,4,Friendly,2000010101,Sunday 12/04/1970,"",48201,19700412,yug,Yugoslavia,/world-match-centre/teams/country=yug/index.html,hun,Hungary,/world-match-centre/teams/country=hun/index.html,2-2,BELGRADE - Belgrade
men,1970,4,Friendly,2000010101,Sunday 12/04/1970,"",48202,19700412,bra,Brazil,/world-match-centre/teams/country=bra/index.html,par,Paraguay,/world-match-centre/teams/country=par/index.html,0-0,"RIO DE JANEIRO - Rio De Janeiro , Brazil"
men,1970,4,Friendly,2000010101,Sunday 12/04/1970,"",48203,19700412,aut,Austria,/world-match-centre/teams/country=aut/index.html,tch,Czechoslovakia,/world-match-centre/teams/country=tch/index.html,1-3,"VIENNA - Vienna , Austria"
men,1970,4,Friendly,2000010101,Wednesday 15/04/1970,"",48200,19700415,uru,Uruguay,/world-match-centre/teams/country=uru/index.html,arg,Argentina,/world-match-centre/teams/country=arg/index.html,2-1,"MONTEVIDEO - Montevideo , Uruguay"
men,1970,4,Friendly,2000010101,Saturday 18/04/1970,"",48199,19700418,per,Peru,/world-match-centre/teams/country=per/index.html,uru,Uruguay,/world-match-centre/teams/country=uru/index.html,4-2,"LIMA - Lima , Peru"
men,1970,4,Friendly,2000010101,Saturday 18/04/1970,"",44222,19700418,nir,Northern Ireland,/world-match-centre/teams/country=nir/index.html,sco,Scotland,/world-match-centre/teams/country=sco/index.html,0-1,"BELFAST - Belfast , Northern Ireland"
men,1970,4,Friendly,2000010101,Saturday 18/04/1970,"",44223,19700418,wal,Wales,/world-match-centre/teams/country=wal/index.html,eng,England,/world-match-centre/teams/country=eng/index.html,1-1,"CARDIFF - Cardiff , Wales"
men,1970,4,Friendly,2000010101,Tuesday 21/04/1970,"",44224,19700421,eng,England,/world-match-centre/teams/country=eng/index.html,nir,Northern Ireland,/world-match-centre/teams/country=nir/index.html,3-1,"LONDON - London , England"
men,1970,4,Friendly,2000010101,Tuesday 21/04/1970,"",48198,19700421,per,Peru,/world-match-centre/teams/country=per/index.html,slv,El Salvador,/world-match-centre/teams/country=slv/index.html,3-0,"LIMA - Lima , Peru"
men,1970,4,Friendly,2000010101,Wednesday 22/04/1970,"",48196,19700422,sui,Switzerland,/world-match-centre/teams/country=sui/index.html,esp,Spain,/world-match-centre/teams/country=esp/index.html,0-1,"La Pontaise - Lausanne , Switzerland"
men,1970,4,Friendly,2000010101,Wednesday 22/04/1970,"",44225,19700422,sco,Scotland,/world-match-centre/teams/country=sco/index.html,wal,Wales,/world-match-centre/teams/country=wal/index.html,0-0,"GLASGOW - Glasgow , Scotland"
men,1970,4,Friendly,2000010101,Saturday 25/04/1970,"",44226,19700425,sco,Scotland,/world-match-centre/teams/country=sco/index.html,eng,England,/world-match-centre/teams/country=eng/index.html,0-0,"GLASGOW - Glasgow , Scotland"
men,1970,4,Friendly,2000010101,Saturday 25/04/1970,"",44227,19700425,wal,Wales,/world-match-centre/teams/country=wal/index.html,nir,Northern Ireland,/world-match-centre/teams/country=nir/index.html,1-0,"SWANSEA - Swansea , Wales"
men,1970,4,Friendly,2000010101,Tuesday 28/04/1970,"",48194,19700428,fra,France,/world-match-centre/teams/country=fra/index.html,rou,Romania,/world-match-centre/teams/country=rou/index.html,2-0,"REIMS - Reims , France"
men,1970,4,Friendly,2000010101,Wednesday 29/04/1970,"",48192,19700429,mex,Mexico,/world-match-centre/teams/country=mex/index.html,ecu,Ecuador,/world-match-centre/teams/country=ecu/index.html,4-2,"LEON - Leon , Mexico"
men,1970,4,Friendly,2000010101,Wednesday 29/04/1970,"",48193,19700429,bra,Brazil,/world-match-centre/teams/country=bra/index.html,aut,Austria,/world-match-centre/teams/country=aut/index.html,1-0,"Estadio do Maracan達 - Rio De Janeiro , Brazil"
men,1970,5,FIFA World Cup™ Final,32,Sunday 31/05/1970,Group 1,1902,19700531,mex,Mexico,/world-match-centre/teams/country=mex/index.html,urs,Soviet Union,/world-match-centre/teams/country=urs/index.html,0-0,""
men,1970,5,Friendly,2000010101,Saturday 02/05/1970,"",48191,19700502,hun,Hungary,/world-match-centre/teams/country=hun/index.html,pol,Poland,/world-match-centre/teams/country=pol/index.html,2-0,"BUDAPEST - Budapest , Bulgaria"
men,1970,5,Friendly,2000010101,Sunday 03/05/1970,"",48189,19700503,sui,Switzerland,/world-match-centre/teams/country=sui/index.html,fra,France,/world-match-centre/teams/country=fra/index.html,2-1,"St. Jakob-Park - Basel , Switzerland"
men,1970,5,Friendly,2000010101,Wednesday 06/05/1970,"",48187,19700506,rou,Romania,/world-match-centre/teams/country=rou/index.html,yug,Yugoslavia,/world-match-centre/teams/country=yug/index.html,0-0,"BUCHAREST - Bucharest , Romania"
men,1970,5,Friendly,2000010101,Wednesday 06/05/1970,"",48188,19700506,pol,Poland,/world-match-centre/teams/country=pol/index.html,irl,Republic of Ireland,/world-match-centre/teams/country=irl/index.html,2-1,"POZNAN - Poznan , Poland"
men,1970,5,Friendly,2000010101,Saturday 09/05/1970,"",48185,19700509,frg,Germany FR,/world-match-centre/teams/country=frg/index.html,irl,Republic of Ireland,/world-match-centre/teams/country=irl/index.html,2-1,BERLIN - Berlin West
men,1970,5,Friendly,2000010101,Saturday 09/05/1970,"",48186,19700509,lux,Luxembourg,/world-match-centre/teams/country=lux/index.html,tch,Czechoslovakia,/world-match-centre/teams/country=tch/index.html,0-1,"Municipal - Luxembourg , Luxembourg"
men,1970,5,Friendly,2000010101,Sunday 10/05/1970,"",48183,19700510,por,Portugal,/world-match-centre/teams/country=por/index.html,ita,Italy,/world-match-centre/teams/country=ita/index.html,1-2,"LISBON - Lisbon , Portugal"
men,1970,5,Friendly,2000010101,Sunday 10/05/1970,"",48184,19700510,isl,Iceland,/world-match-centre/teams/country=isl/index.html,eng,England,/world-match-centre/teams/country=eng/index.html,1-1,"REYKJAVIK - Reykjavik , Iceland"
men,1970,5,Friendly,2000010101,Wednesday 13/05/1970,"",48181,19700513,frg,Germany FR,/world-match-centre/teams/country=frg/index.html,yug,Yugoslavia,/world-match-centre/teams/country=yug/index.html,1-0,HANOVER - Hanover
men,1970,5,Friendly,2000010101,Wednesday 13/05/1970,"",48182,19700513,nor,Norway,/world-match-centre/teams/country=nor/index.html,tch,Czechoslovakia,/world-match-centre/teams/country=tch/index.html,0-2,"OSLO - Oslo , Norway"
men,1970,5,Friendly,2000010101,Thursday 14/05/1970,"",48180,19700514,gui,Guinea,/world-match-centre/teams/country=gui/index.html,sen,Senegal,/world-match-centre/teams/country=sen/index.html,3-1,""
men,1970,5,Friendly,2000010101,Saturday 16/05/1970,"",48178,19700516,pol,Poland,/world-match-centre/teams/country=pol/index.html,gdr,German DR,/world-match-centre/teams/country=gdr/index.html,1-1,"KRAKOW - Krakow , Poland"
men,1970,5,Friendly,2000010101,Saturday 16/05/1970,"",48179,19700516,hun,Hungary,/world-match-centre/teams/country=hun/index.html,swe,Sweden,/world-match-centre/teams/country=swe/index.html,1-2,"BUDAPEST - Budapest , Bulgaria"
men,1970,5,Friendly,2000010101,Sunday 17/05/1970,"",48177,19700517,gui,Guinea,/world-match-centre/teams/country=gui/index.html,sen,Senegal,/world-match-centre/teams/country=sen/index.html,4-0,""
men,1970,5,Friendly,2000010101,Tuesday 19/05/1970,"",48176,19700519,den,Denmark,/world-match-centre/teams/country=den/index.html,pol,Poland,/world-match-centre/teams/country=pol/index.html,0-2,"COPENHAGEN - Copenhagen , Denmark"
men,1970,5,Friendly,2000010101,Wednesday 20/05/1970,"",48259,19700520,col,Colombia,/world-match-centre/teams/country=col/index.html,eng,England,/world-match-centre/teams/country=eng/index.html,0-4,"BOGOTA - Bogota , Colombia"
men,1970,5,Friendly,2000010101,Sunday 24/05/1970,"",48258,19700524,ecu,Ecuador,/world-match-centre/teams/country=ecu/index.html,eng,England,/world-match-centre/teams/country=eng/index.html,0-2,"QUITO - Quito , Ecuador"
men,1970,6,FIFA World Cup™ Final,32,Tuesday 02/06/1970,Group 2,1881,19700602,uru,Uruguay,/world-match-centre/teams/country=uru/index.html,isr,Israel,/world-match-centre/teams/country=isr/index.html,2-0,""
men,1970,6,FIFA World Cup™ Final,32,Tuesday 02/06/1970,Group 3,1812,19700602,eng,England,/world-match-centre/teams/country=eng/index.html,rou,Romania,/world-match-centre/teams/country=rou/index.html,1-0,""
men,1970,6,FIFA World Cup™ Final,32,Tuesday 02/06/1970,Group 4,1780,19700602,per,Peru,/world-match-centre/teams/country=per/index.html,bul,Bulgaria,/world-match-centre/teams/country=bul/index.html,3-2,""
men,1970,6,FIFA World Cup™ Final,32,Wednesday 03/06/1970,Group 1,1747,19700603,bel,Belgium,/world-match-centre/teams/country=bel/index.html,slv,El Salvador,/world-match-centre/teams/country=slv/index.html,3-0,""
men,1970,6,FIFA World Cup™ Final,32,Wednesday 03/06/1970,Group 2,1883,19700603,ita,Italy,/world-match-centre/teams/country=ita/index.html,swe,Sweden,/world-match-centre/teams/country=swe/index.html,1-0,""
men,1970,6,FIFA World Cup™ Final,32,Wednesday 03/06/1970,Group 3,1770,19700603,bra,Brazil,/world-match-centre/teams/country=bra/index.html,tch,Czechoslovakia,/world-match-centre/teams/country=tch/index.html,4-1,""
men,1970,6,FIFA World Cup™ Final,32,Wednesday 03/06/1970,Group 4,1839,19700603,frg,Germany FR,/world-match-centre/teams/country=frg/index.html,mar,Morocco,/world-match-centre/teams/country=mar/index.html,2-1,""
men,1970,6,FIFA World Cup™ Final,32,Saturday 06/06/1970,Group 1,1753,19700606,urs,Soviet Union,/world-match-centre/teams/country=urs/index.html,bel,Belgium,/world-match-centre/teams/country=bel/index.html,4-1,""
men,1970,6,FIFA World Cup™ Final,32,Saturday 06/06/1970,Group 2,1884,19700606,uru,Uruguay,/world-match-centre/teams/country=uru/index.html,ita,Italy,/world-match-centre/teams/country=ita/index.html,0-0,""
men,1970,6,FIFA World Cup™ Final,32,Saturday 06/06/1970,Group 3,1919,19700606,rou,Romania,/world-match-centre/teams/country=rou/index.html,tch,Czechoslovakia,/world-match-centre/teams/country=tch/index.html,2-1,""
men,1970,6,FIFA World Cup™ Final,32,Saturday 06/06/1970,Group 4,1893,19700606,per,Peru,/world-match-centre/teams/country=per/index.html,mar,Morocco,/world-match-centre/teams/country=mar/index.html,3-0,""
men,1970,6,FIFA World Cup™ Final,32,Sunday 07/06/1970,Group 1,1820,19700607,mex,Mexico,/world-match-centre/teams/country=mex/index.html,slv,El Salvador,/world-match-centre/teams/country=slv/index.html,4-0,""
men,1970,6,FIFA World Cup™ Final,32,Sunday 07/06/1970,Group 2,1880,19700607,swe,Sweden,/world-match-centre/teams/country=swe/index.html,isr,Israel,/world-match-centre/teams/country=isr/index.html,1-1,""
men,1970,6,FIFA World Cup™ Final,32,Sunday 07/06/1970,Group 3,1764,19700607,bra,Brazil,/world-match-centre/teams/country=bra/index.html,eng,England,/world-match-centre/teams/country=eng/index.html,1-0,""
men,1970,6,FIFA World Cup™ Final,32,Sunday 07/06/1970,Group 4,1774,19700607,frg,Germany FR,/world-match-centre/teams/country=frg/index.html,bul,Bulgaria,/world-match-centre/teams/country=bul/index.html,5-2,""
men,1970,6,FIFA World Cup™ Final,32,Wednesday 10/06/1970,Group 1,1823,19700610,urs,Soviet Union,/world-match-centre/teams/country=urs/index.html,slv,El Salvador,/world-match-centre/teams/country=slv/index.html,2-0,""
men,1970,6,FIFA World Cup™ Final,32,Wednesday 10/06/1970,Group 2,1922,19700610,swe,Sweden,/world-match-centre/teams/country=swe/index.html,uru,Uruguay,/world-match-centre/teams/country=uru/index.html,1-0,""
men,1970,6,FIFA World Cup™ Final,32,Wednesday 10/06/1970,Group 3,1769,19700610,bra,Brazil,/world-match-centre/teams/country=bra/index.html,rou,Romania,/world-match-centre/teams/country=rou/index.html,3-2,""
men,1970,6,FIFA World Cup™ Final,32,Wednesday 10/06/1970,Group 4,1840,19700610,frg,Germany FR,/world-match-centre/teams/country=frg/index.html,per,Peru,/world-match-centre/teams/country=per/index.html,3-1,""
men,1970,6,FIFA World Cup™ Final,32,Thursday 11/06/1970,Group 1,1752,19700611,mex,Mexico,/world-match-centre/teams/country=mex/index.html,bel,Belgium,/world-match-centre/teams/country=bel/index.html,1-0,""
men,1970,6,FIFA World Cup™ Final,32,Thursday 11/06/1970,Group 2,1877,19700611,ita,Italy,/world-match-centre/teams/country=ita/index.html,isr,Israel,/world-match-centre/teams/country=isr/index.html,0-0,""
men,1970,6,FIFA World Cup™ Final,32,Thursday 11/06/1970,Group 3,1813,19700611,eng,England,/world-match-centre/teams/country=eng/index.html,tch,Czechoslovakia,/world-match-centre/teams/country=tch/index.html,1-0,""
men,1970,6,FIFA World Cup™ Final,32,Thursday 11/06/1970,Group 4,1779,19700611,bul,Bulgaria,/world-match-centre/teams/country=bul/index.html,mar,Morocco,/world-match-centre/teams/country=mar/index.html,1-1,""
men,1970,6,FIFA World Cup™ Final,32,Sunday 14/06/1970,,1811,19700614,frg,Germany FR,/world-match-centre/teams/country=frg/index.html,eng,England,/world-match-centre/teams/country=eng/index.html,3-2 AET,""
men,1970,6,FIFA World Cup™ Final,32,Sunday 14/06/1970,,1882,19700614,ita,Italy,/world-match-centre/teams/country=ita/index.html,mex,Mexico,/world-match-centre/teams/country=mex/index.html,4-1,""
men,1970,6,FIFA World Cup™ Final,32,Sunday 14/06/1970,,1768,19700614,bra,Brazil,/world-match-centre/teams/country=bra/index.html,per,Peru,/world-match-centre/teams/country=per/index.html,4-2,""
men,1970,6,FIFA World Cup™ Final,32,Sunday 14/06/1970,,1925,19700614,uru,Uruguay,/world-match-centre/teams/country=uru/index.html,urs,Soviet Union,/world-match-centre/teams/country=urs/index.html,1-0 AET,""
men,1970,6,FIFA World Cup™ Final,32,Wednesday 17/06/1970,,1771,19700617,bra,Brazil,/world-match-centre/teams/country=bra/index.html,uru,Uruguay,/world-match-centre/teams/country=uru/index.html,3-1,""
men,1970,6,FIFA World Cup™ Final,32,Wednesday 17/06/1970,,1838,19700617,ita,Italy,/world-match-centre/teams/country=ita/index.html,frg,Germany FR,/world-match-centre/teams/country=frg/index.html,4-3 AET,""
men,1970,6,FIFA World Cup™ Final,32,Saturday 20/06/1970,,1843,19700620,frg,Germany FR,/world-match-centre/teams/country=frg/index.html,uru,Uruguay,/world-match-centre/teams/country=uru/index.html,1-0,""
men,1970,6,FIFA World Cup™ Final,32,Sunday 21/06/1970,,1765,19700621,bra,Brazil,/world-match-centre/teams/country=bra/index.html,ita,Italy,/world-match-centre/teams/country=ita/index.html,4-1,""
men,1970,6,Friendly,2000010101,Wednesday 03/06/1970,"",52317,19700603,fin,Finland,/world-match-centre/teams/country=fin/index.html,den,Denmark,/world-match-centre/teams/country=den/index.html,1-1,"HELSINKI - Helsinki , Finland"
men,1970,6,Friendly,2000010101,Saturday 06/06/1970,"",48257,19700606,uga,Uganda,/world-match-centre/teams/country=uga/index.html,tan,Tanzania,/world-match-centre/teams/country=tan/index.html,1-1,""
men,1970,6,Friendly,2000010101,Wednesday 17/06/1970,"",52316,19700617,nor,Norway,/world-match-centre/teams/country=nor/index.html,fin,Finland,/world-match-centre/teams/country=fin/index.html,2-0,"BERGEN - Bergen , Norway"
men,1970,6,Friendly,2000010101,Thursday 25/06/1970,"",52315,19700625,swe,Sweden,/world-match-centre/teams/country=swe/index.html,den,Denmark,/world-match-centre/teams/country=den/index.html,1-1,"GOTHENBURG - Gothenburg , Sweden"
men,1970,7,Friendly,2000010101,Monday 06/07/1970,"",48253,19700706,mwi,Malawi,/world-match-centre/teams/country=mwi/index.html,mri,Mauritius,/world-match-centre/teams/country=mri/index.html,1-0,""
men,1970,7,Friendly,2000010101,Tuesday 07/07/1970,"",48252,19700707,isl,Iceland,/world-match-centre/teams/country=isl/index.html,den,Denmark,/world-match-centre/teams/country=den/index.html,0-0,"REYKJAVIK - Reykjavik , Iceland"
men,1970,7,Friendly,2000010101,Thursday 09/07/1970,"",48251,19700709,mwi,Malawi,/world-match-centre/teams/country=mwi/index.html,mri,Mauritius,/world-match-centre/teams/country=mri/index.html,0-0,""
men,1970,7,Friendly,2000010101,Monday 20/07/1970,"",48250,19700720,isl,Iceland,/world-match-centre/teams/country=isl/index.html,nor,Norway,/world-match-centre/teams/country=nor/index.html,2-0,"REYKJAVIK - Reykjavik , Iceland"
men,1970,7,Friendly,2000010101,Wednesday 22/07/1970,"",48249,19700722,pol,Poland,/world-match-centre/teams/country=pol/index.html,irq,Iraq,/world-match-centre/teams/country=irq/index.html,2-0,"SZCZECIN - Szczecin , Poland"
men,1970,7,Friendly,2000010101,Sunday 26/07/1970,"",48248,19700726,gdr,German DR,/world-match-centre/teams/country=gdr/index.html,irq,Iraq,/world-match-centre/teams/country=irq/index.html,5-0,Ernst-Abbe Sportfeld - Jena
men,1970,7,Friendly,2000010101,Thursday 30/07/1970,"",51704,19700730,tpe,Chinese Taipei,/world-match-centre/teams/country=tpe/index.html,ind,India,/world-match-centre/teams/country=ind/index.html,1-0,"Merdeka - Kuala Lumpur , Malaysia"
men,1970,7,Friendly,2000010101,Thursday 30/07/1970,"",51705,19700730,mas,Malaysia,/world-match-centre/teams/country=mas/index.html,vie,South Vietnam,/world-match-centre/teams/country=vie/index.html,0-0,"Merdeka - Kuala Lumpur , Malaysia"
men,1970,7,Friendly,2000010101,Friday 31/07/1970,"",51720,19700731,tha,Thailand,/world-match-centre/teams/country=tha/index.html,kor,Korea Republic,/world-match-centre/teams/country=kor/index.html,0-0,"Merdeka - Kuala Lumpur , Malaysia"
men,1970,7,Friendly,2000010101,Friday 31/07/1970,"",51722,19700731,jpn,Japan,/world-match-centre/teams/country=jpn/index.html,hkg,Hong Kong,/world-match-centre/teams/country=hkg/index.html,1-2,"Merdeka - Kuala Lumpur , Malaysia"
men,1970,7,Friendly,2000010101,Saturday 01/08/1970,"",51699,19700801,mas,Malaysia,/world-match-centre/teams/country=mas/index.html,ind,India,/world-match-centre/teams/country=ind/index.html,1-3,"Merdeka - Kuala Lumpur , Malaysia"
men,1970,7,Friendly,2000010101,Saturday 01/08/1970,"",51700,19700801,vie,South Vietnam,/world-match-centre/teams/country=vie/index.html,tpe,Chinese Taipei,/world-match-centre/teams/country=tpe/index.html,1-2,"Merdeka - Kuala Lumpur , Malaysia"
men,1970,7,Friendly,2000010101,Saturday 01/08/1970,"",51721,19700801,sin,Singapore,/world-match-centre/teams/country=sin/index.html,idn,Indonesia,/world-match-centre/teams/country=idn/index.html,1-3,"Merdeka - Kuala Lumpur , Malaysia"
men,1970,8,Friendly,2000010101,Saturday 01/08/1970,"",51699,19700801,mas,Malaysia,/world-match-centre/teams/country=mas/index.html,ind,India,/world-match-centre/teams/country=ind/index.html,1-3,"Merdeka - Kuala Lumpur , Malaysia"
men,1970,8,Friendly,2000010101,Saturday 01/08/1970,"",51700,19700801,vie,South Vietnam,/world-match-centre/teams/country=vie/index.html,tpe,Chinese Taipei,/world-match-centre/teams/country=tpe/index.html,1-2,"Merdeka - Kuala Lumpur , Malaysia"
men,1970,8,Friendly,2000010101,Saturday 01/08/1970,"",51721,19700801,sin,Singapore,/world-match-centre/teams/country=sin/index.html,idn,Indonesia,/world-match-centre/teams/country=idn/index.html,1-3,"Merdeka - Kuala Lumpur , Malaysia"
men,1970,8,Friendly,2000010101,Sunday 02/08/1970,"",51725,19700802,kor,Korea Republic,/world-match-centre/teams/country=kor/index.html,jpn,Japan,/world-match-centre/teams/country=jpn/index.html,1-1,"Merdeka - Kuala Lumpur , Malaysia"
men,1970,8,Friendly,2000010101,Sunday 02/08/1970,"",51726,19700802,tha,Thailand,/world-match-centre/teams/country=tha/index.html,hkg,Hong Kong,/world-match-centre/teams/country=hkg/index.html,0-2,"Merdeka - Kuala Lumpur , Malaysia"
men,1970,8,Friendly,2000010101,Monday 03/08/1970,"",51701,19700803,ind,India,/world-match-centre/teams/country=ind/index.html,mya,Burma,/world-match-centre/teams/country=mya/index.html,0-2,"Merdeka - Kuala Lumpur , Malaysia"
men,1970,8,Friendly,2000010101,Tuesday 04/08/1970,"",51702,19700804,mas,Malaysia,/world-match-centre/teams/country=mas/index.html,tpe,Chinese Taipei,/world-match-centre/teams/country=tpe/index.html,3-1,"Merdeka - Kuala Lumpur , Malaysia"
men,1970,8,Friendly,2000010101,Tuesday 04/08/1970,"",51714,19700804,kor,Korea Republic,/world-match-centre/teams/country=kor/index.html,sin,Singapore,/world-match-centre/teams/country=sin/index.html,4-0,"Merdeka - Kuala Lumpur , Malaysia"
men,1970,8,Friendly,2000010101,Tuesday 04/08/1970,"",51715,19700804,idn,Indonesia,/world-match-centre/teams/country=idn/index.html,hkg,Hong Kong,/world-match-centre/teams/country=hkg/index.html,3-1,"Merdeka - Kuala Lumpur , Malaysia"
men,1970,8,Friendly,2000010101,Tuesday 04/08/1970,"",51716,19700804,tha,Thailand,/world-match-centre/teams/country=tha/index.html,jpn,Japan,/world-match-centre/teams/country=jpn/index.html,0-0,"Merdeka - Kuala Lumpur , Malaysia"
men,1970,8,Friendly,2000010101,Wednesday 05/08/1970,"",51703,19700805,vie,South Vietnam,/world-match-centre/teams/country=vie/index.html,mya,Burma,/world-match-centre/teams/country=mya/index.html,2-4,"Merdeka - Kuala Lumpur , Malaysia"
men,1970,8,Friendly,2000010101,Thursday 06/08/1970,"",51724,19700806,sin,Singapore,/world-match-centre/teams/country=sin/index.html,hkg,Hong Kong,/world-match-centre/teams/country=hkg/index.html,2-3,"Merdeka - Kuala Lumpur , Malaysia"
men,1970,8,Friendly,2000010101,Thursday 06/08/1970,"",51728,19700806,kor,Korea Republic,/world-match-centre/teams/country=kor/index.html,idn,Indonesia,/world-match-centre/teams/country=idn/index.html,2-1,"Merdeka - Kuala Lumpur , Malaysia"
men,1970,8,Friendly,2000010101,Friday 07/08/1970,"",51706,19700807,tpe,Chinese Taipei,/world-match-centre/teams/country=tpe/index.html,mya,Burma,/world-match-centre/teams/country=mya/index.html,1-1,"Merdeka - Kuala Lumpur , Malaysia"
men,1970,8,Friendly,2000010101,Saturday 08/08/1970,"",48247,19700808,mwi,Malawi,/world-match-centre/teams/country=mwi/index.html,les,Lesotho,/world-match-centre/teams/country=les/index.html,1-2,""
men,1970,8,Friendly,2000010101,Saturday 08/08/1970,"",51717,19700808,tha,Thailand,/world-match-centre/teams/country=tha/index.html,sin,Singapore,/world-match-centre/teams/country=sin/index.html,5-4,"Merdeka - Kuala Lumpur , Malaysia"
men,1970,8,Friendly,2000010101,Saturday 08/08/1970,"",51719,19700808,jpn,Japan,/world-match-centre/teams/country=jpn/index.html,idn,Indonesia,/world-match-centre/teams/country=idn/index.html,4-3,"Merdeka - Kuala Lumpur , Malaysia"
men,1970,8,Friendly,2000010101,Sunday 09/08/1970,"",51712,19700809,vie,South Vietnam,/world-match-centre/teams/country=vie/index.html,ind,India,/world-match-centre/teams/country=ind/index.html,1-2,"Merdeka - Kuala Lumpur , Malaysia"
men,1970,8,Friendly,2000010101,Sunday 09/08/1970,"",51713,19700809,mas,Malaysia,/world-match-centre/teams/country=mas/index.html,mya,Burma,/world-match-centre/teams/country=mya/index.html,1-2,"Merdeka - Kuala Lumpur , Malaysia"
men,1970,8,Friendly,2000010101,Sunday 09/08/1970,"",51718,19700809,kor,Korea Republic,/world-match-centre/teams/country=kor/index.html,hkg,Hong Kong,/world-match-centre/teams/country=hkg/index.html,0-0,"Merdeka - Kuala Lumpur , Malaysia"
men,1970,8,Friendly,2000010101,Monday 10/08/1970,"",48246,19700810,mwi,Malawi,/world-match-centre/teams/country=mwi/index.html,les,Lesotho,/world-match-centre/teams/country=les/index.html,6-1,""
men,1970,8,Friendly,2000010101,Monday 10/08/1970,"",51723,19700810,tha,Thailand,/world-match-centre/teams/country=tha/index.html,idn,Indonesia,/world-match-centre/teams/country=idn/index.html,3-6,"Merdeka - Kuala Lumpur , Malaysia"
men,1970,8,Friendly,2000010101,Monday 10/08/1970,"",51727,19700810,sin,Singapore,/world-match-centre/teams/country=sin/index.html,jpn,Japan,/world-match-centre/teams/country=jpn/index.html,0-4,"Merdeka - Kuala Lumpur , Malaysia"
men,1970,8,Friendly,2000010101,Wednesday 12/08/1970,"",51730,19700812,hkg,Hong Kong,/world-match-centre/teams/country=hkg/index.html,mya,Burma,/world-match-centre/teams/country=mya/index.html,0-5,"Merdeka - Kuala Lumpur , Malaysia"
men,1970,8,Friendly,2000010101,Thursday 13/08/1970,"",51729,19700813,kor,Korea Republic,/world-match-centre/teams/country=kor/index.html,ind,India,/world-match-centre/teams/country=ind/index.html,3-2,"Merdeka - Kuala Lumpur , Malaysia"
men,1970,8,Friendly,2000010101,Thursday 13/08/1970,"",51733,19700813,vie,South Vietnam,/world-match-centre/teams/country=vie/index.html,sin,Singapore,/world-match-centre/teams/country=sin/index.html,4-0,"Merdeka - Kuala Lumpur , Malaysia"
men,1970,8,Friendly,2000010101,Saturday 15/08/1970,"",51736,19700815,mas,Malaysia,/world-match-centre/teams/country=mas/index.html,idn,Indonesia,/world-match-centre/teams/country=idn/index.html,4-0,"Merdeka - Kuala Lumpur , Malaysia"
men,1970,8,Friendly,2000010101,Saturday 15/08/1970,"",51731,19700815,ind,India,/world-match-centre/teams/country=ind/index.html,hkg,Hong Kong,/world-match-centre/teams/country=hkg/index.html,3-2,"Merdeka - Kuala Lumpur , Malaysia"
men,1970,8,Friendly,2000010101,Sunday 16/08/1970,"",51735,19700816,tpe,Chinese Taipei,/world-match-centre/teams/country=tpe/index.html,jpn,Japan,/world-match-centre/teams/country=jpn/index.html,2-3,"Merdeka - Kuala Lumpur , Malaysia"
men,1970,8,Friendly,2000010101,Sunday 16/08/1970,"",51732,19700816,kor,Korea Republic,/world-match-centre/teams/country=kor/index.html,mya,Burma,/world-match-centre/teams/country=mya/index.html,1-0,"Merdeka - Kuala Lumpur , Malaysia"
men,1970,8,Friendly,2000010101,Wednesday 26/08/1970,"",52314,19700826,fin,Finland,/world-match-centre/teams/country=fin/index.html,swe,Sweden,/world-match-centre/teams/country=swe/index.html,1-2,"HELSINKI - Helsinki , Finland"
men,1970,8,Friendly,2000010101,Tuesday 01/09/1970,"",52694,19700901,irn,Iran,/world-match-centre/teams/country=irn/index.html,pak,Pakistan,/world-match-centre/teams/country=pak/index.html,7-0,"AMJADIAH - Amjadiah , Iran"
men,1970,9,Friendly,2000010101,Tuesday 01/09/1970,"",52694,19700901,irn,Iran,/world-match-centre/teams/country=irn/index.html,pak,Pakistan,/world-match-centre/teams/country=pak/index.html,7-0,"AMJADIAH - Amjadiah , Iran"
men,1970,9,Friendly,2000010101,Wednesday 02/09/1970,"",48245,19700902,pol,Poland,/world-match-centre/teams/country=pol/index.html,den,Denmark,/world-match-centre/teams/country=den/index.html,5-0,"WARSAW - Warsaw , Poland"
men,1970,9,Friendly,2000010101,Saturday 05/09/1970,"",48244,19700905,fra,France,/world-match-centre/teams/country=fra/index.html,tch,Czechoslovakia,/world-match-centre/teams/country=tch/index.html,3-0,"NICE - Nice , France"
men,1970,9,Friendly,2000010101,Sunday 06/09/1970,"",48243,19700906,gdr,German DR,/world-match-centre/teams/country=gdr/index.html,pol,Poland,/world-match-centre/teams/country=pol/index.html,5-0,ROSTOCK - Rostock
men,1970,9,Friendly,2000010101,Wednesday 09/09/1970,"",48242,19700909,frg,Germany FR,/world-match-centre/teams/country=frg/index.html,hun,Hungary,/world-match-centre/teams/country=hun/index.html,3-1,NUREMBERG - Nuremberg
men,1970,9,Friendly,2000010101,Thursday 10/09/1970,"",48241,19700910,aut,Austria,/world-match-centre/teams/country=aut/index.html,yug,Yugoslavia,/world-match-centre/teams/country=yug/index.html,0-1,"GRAZ - Graz , Austria"
men,1970,9,Friendly,2000010101,Saturday 19/09/1970,"",52313,19700919,nor,Norway,/world-match-centre/teams/country=nor/index.html,swe,Sweden,/world-match-centre/teams/country=swe/index.html,2-4,"OSLO - Oslo , Norway"
men,1970,9,Friendly,2000010101,Wednesday 23/09/1970,"",52312,19700923,den,Denmark,/world-match-centre/teams/country=den/index.html,nor,Norway,/world-match-centre/teams/country=nor/index.html,0-1,"COPENHAGEN - Copenhagen , Denmark"
men,1970,9,Friendly,2000010101,Wednesday 23/09/1970,"",48240,19700923,irl,Republic of Ireland,/world-match-centre/teams/country=irl/index.html,pol,Poland,/world-match-centre/teams/country=pol/index.html,0-2,"DUBLIN - Dublin , Republic of Ireland"
men,1970,9,Friendly,2000010101,Sunday 27/09/1970,"",48239,19700927,hun,Hungary,/world-match-centre/teams/country=hun/index.html,aut,Austria,/world-match-centre/teams/country=aut/index.html,1-1,"BUDAPEST - Budapest , Bulgaria"
men,1970,9,Friendly,2000010101,Sunday 27/09/1970,"",49892,19700927,tan,Tanzania,/world-match-centre/teams/country=tan/index.html,ken,Kenya,/world-match-centre/teams/country=ken/index.html,2-1,""
men,1970,9,Friendly,2000010101,Tuesday 29/09/1970,"",49891,19700929,uga,Uganda,/world-match-centre/teams/country=uga/index.html,ken,Kenya,/world-match-centre/teams/country=ken/index.html,2-1,""
men,1970,9,Friendly,2000010101,Wednesday 30/09/1970,"",48238,19700930,bra,Brazil,/world-match-centre/teams/country=bra/index.html,mex,Mexico,/world-match-centre/teams/country=mex/index.html,2-1,"Estadio do Maracan達 - Rio De Janeiro , Brazil"
men,1970,10,Continental Qualifier,3129,Wednesday 07/10/1970,Group 1,9413,19701007,tch,Czechoslovakia,/world-match-centre/teams/country=tch/index.html,fin,Finland,/world-match-centre/teams/country=fin/index.html,1-1,"PRAGUE - Prague , Czech Republic"
men,1970,10,Continental Qualifier,3129,Wednesday 07/10/1970,Group 2,9437,19701007,nor,Norway,/world-match-centre/teams/country=nor/index.html,hun,Hungary,/world-match-centre/teams/country=hun/index.html,1-3,"OSLO - Oslo , Norway"
men,1970,10,Continental Qualifier,3129,Sunday 11/10/1970,Group 1,9414,19701011,rou,Romania,/world-match-centre/teams/country=rou/index.html,fin,Finland,/world-match-centre/teams/country=fin/index.html,3-0,"BUCHAREST - Bucharest , Romania"
men,1970,10,Continental Qualifier,3129,Sunday 11/10/1970,Group 3,9425,19701011,mlt,Malta,/world-match-centre/teams/country=mlt/index.html,gre,Greece,/world-match-centre/teams/country=gre/index.html,1-1,"Empire - Gzira , Malta"
men,1970,10,Continental Qualifier,3129,Sunday 11/10/1970,Group 7,9485,19701011,ned,Netherlands,/world-match-centre/teams/country=ned/index.html,yug,Yugoslavia,/world-match-centre/teams/country=yug/index.html,1-1,"ROTTERDAM - Rotterdam , Netherlands"
men,1970,10,Continental Qualifier,3129,Wednesday 14/10/1970,Group 5,9461,19701014,den,Denmark,/world-match-centre/teams/country=den/index.html,por,Portugal,/world-match-centre/teams/country=por/index.html,0-1,"COPENHAGEN - Copenhagen , Denmark"
men,1970,10,Continental Qualifier,3129,Wednesday 14/10/1970,Group 6,9473,19701014,irl,Republic of Ireland,/world-match-centre/teams/country=irl/index.html,swe,Sweden,/world-match-centre/teams/country=swe/index.html,1-1,"DUBLIN - Dublin , Republic of Ireland"
men,1970,10,Continental Qualifier,3129,Wednesday 14/10/1970,Group 7,9486,19701014,lux,Luxembourg,/world-match-centre/teams/country=lux/index.html,yug,Yugoslavia,/world-match-centre/teams/country=yug/index.html,0-2,"LUXEMBOURG - Luxembourg , Luxembourg"
men,1970,10,Continental Qualifier,3129,Wednesday 14/10/1970,Group 8,9497,19701014,pol,Poland,/world-match-centre/teams/country=pol/index.html,alb,Albania,/world-match-centre/teams/country=alb/index.html,3-0,"CHORZOW - Chorzow , Poland"
men,1970,10,Continental Qualifier,3129,Saturday 17/10/1970,Group 8,9498,19701017,frg,Germany FR,/world-match-centre/teams/country=frg/index.html,tur,Turkey,/world-match-centre/teams/country=tur/index.html,1-1,"Muengersdorfer Stadion - Cologne , Germany"
men,1970,10,Continental Qualifier,3129,Wednesday 28/10/1970,Group 6,9474,19701028,swe,Sweden,/world-match-centre/teams/country=swe/index.html,irl,Republic of Ireland,/world-match-centre/teams/country=irl/index.html,1-0,"Rasunda Stadium - Solna , Sweden"
men,1970,10,Continental Qualifier,3129,Saturday 31/10/1970,Group 6,9475,19701031,aut,Austria,/world-match-centre/teams/country=aut/index.html,ita,Italy,/world-match-centre/teams/country=ita/index.html,1-2,"VIENNA - Vienna , Austria"
men,1970,10,Continental Qualifier,236470,Thursday 15/10/1970,First Stage,42163,19701015,tan,Tanzania,/world-match-centre/teams/country=tan/index.html,zam,Zambia,/world-match-centre/teams/country=zam/index.html,1-1,""
men,1970,10,Friendly,2000010101,Friday 02/10/1970,"",49889,19701002,tan,Tanzania,/world-match-centre/teams/country=tan/index.html,uga,Uganda,/world-match-centre/teams/country=uga/index.html,1-4,"Amaan - Zanzibar , Tanzania"
men,1970,10,Friendly,2000010101,Sunday 04/10/1970,"",48237,19701004,chi,Chile,/world-match-centre/teams/country=chi/index.html,bra,Brazil,/world-match-centre/teams/country=bra/index.html,1-5,"SANTIAGO DE CHILE - Santiago De Chile , Chile"
men,1970,10,Friendly,2000010101,Wednesday 07/10/1970,"",48236,19701007,aut,Austria,/world-match-centre/teams/country=aut/index.html,fra,France,/world-match-centre/teams/country=fra/index.html,1-0,"VIENNA - Vienna , Austria"
men,1970,10,Friendly,2000010101,Sunday 11/10/1970,"",48235,19701011,sle,Sierra Leone,/world-match-centre/teams/country=sle/index.html,sen,Senegal,/world-match-centre/teams/country=sen/index.html,1-0,"FREETOWN - Freetown , Sierra Leone"
men,1970,10,Friendly,2000010101,Saturday 17/10/1970,"",48234,19701017,sui,Switzerland,/world-match-centre/teams/country=sui/index.html,ita,Italy,/world-match-centre/teams/country=ita/index.html,1-1,"Stade de Suisse - Berne , Switzerland"
men,1970,10,Friendly,2000010101,Thursday 22/10/1970,"",48232,19701022,par,Paraguay,/world-match-centre/teams/country=par/index.html,arg,Argentina,/world-match-centre/teams/country=arg/index.html,1-1,"ASUNCION - Asuncion , Paraguay"
men,1970,10,Friendly,2000010101,Sunday 25/10/1970,"",48228,19701025,tog,Togo,/world-match-centre/teams/country=tog/index.html,sen,Senegal,/world-match-centre/teams/country=sen/index.html,3-0,"LOME - Lome , Togo"
men,1970,10,Friendly,2000010101,Sunday 25/10/1970,"",48230,19701025,tch,Czechoslovakia,/world-match-centre/teams/country=tch/index.html,pol,Poland,/world-match-centre/teams/country=pol/index.html,2-2,PRAGUE - Prague
men,1970,10,Friendly,2000010101,Wednesday 28/10/1970,"",48227,19701028,esp,Spain,/world-match-centre/teams/country=esp/index.html,gre,Greece,/world-match-centre/teams/country=gre/index.html,2-1,"ZARAGOZA - Zaragoza , Spain"
men,1970,10,Friendly,2000010101,Thursday 29/10/1970,"",50984,19701029,vie,South Vietnam,/world-match-centre/teams/country=vie/index.html,mas,Malaysia,/world-match-centre/teams/country=mas/index.html,2-1,""
men,1970,10,Friendly,2000010101,Saturday 31/10/1970,"",50983,19701031,mas,Malaysia,/world-match-centre/teams/country=mas/index.html,tha,Thailand,/world-match-centre/teams/country=tha/index.html,1-4,""
men,1970,10,Friendly,2000010101,Sunday 01/11/1970,"",50982,19701101,vie,South Vietnam,/world-match-centre/teams/country=vie/index.html,tha,Thailand,/world-match-centre/teams/country=tha/index.html,1-0,""
men,1970,10,Friendly,2000010101,Sunday 01/11/1970,"",48225,19701101,sle,Sierra Leone,/world-match-centre/teams/country=sle/index.html,gui,Guinea,/world-match-centre/teams/country=gui/index.html,1-2,"FREETOWN - Freetown , Sierra Leone"
men,1970,10,Friendly,2000010101,Sunday 01/11/1970,"",48226,19701101,dahomey-1895294,Dahomey,/world-match-centre/clubs/club=dahomey-1895294/index.html,cgo,Congo,/world-match-centre/teams/country=cgo/index.html,3-2,COTONOU - Cotonou
men,1970,11,Continental Qualifier,3129,Wednesday 11/11/1970,Group 1,9415,19701111,wal,Wales,/world-match-centre/teams/country=wal/index.html,rou,Romania,/world-match-centre/teams/country=rou/index.html,0-0,"CARDIFF - Cardiff , Wales"
men,1970,11,Continental Qualifier,3129,Wednesday 11/11/1970,Group 2,9438,19701111,fra,France,/world-match-centre/teams/country=fra/index.html,nor,Norway,/world-match-centre/teams/country=nor/index.html,3-1,"Stade de Gerland - Lyon , France"
men,1970,11,Continental Qualifier,3129,Wednesday 11/11/1970,Group 4,9449,19701111,esp,Spain,/world-match-centre/teams/country=esp/index.html,nir,Northern Ireland,/world-match-centre/teams/country=nir/index.html,3-0,"SEVILLE - Seville , Spain"
men,1970,11,Continental Qualifier,3129,Wednesday 11/11/1970,Group 5,9462,19701111,sco,Scotland,/world-match-centre/teams/country=sco/index.html,den,Denmark,/world-match-centre/teams/country=den/index.html,1-0,"GLASGOW - Glasgow , Scotland"
men,1970,11,Continental Qualifier,3129,Wednesday 11/11/1970,Group 7,9487,19701111,gdr,German DR,/world-match-centre/teams/country=gdr/index.html,ned,Netherlands,/world-match-centre/teams/country=ned/index.html,1-0,"Dynamo - Dresden , Germany"
men,1970,11,Continental Qualifier,3129,Sunday 15/11/1970,Group 2,9439,19701115,bul,Bulgaria,/world-match-centre/teams/country=bul/index.html,nor,Norway,/world-match-centre/teams/country=nor/index.html,1-1,"SOFIA - Sofia , Bulgaria"
men,1970,11,Continental Qualifier,3129,Sunday 15/11/1970,Group 4,9450,19701115,cyp,Cyprus,/world-match-centre/teams/country=cyp/index.html,urs,Soviet Union,/world-match-centre/teams/country=urs/index.html,1-3,"NICOSIA - Nicosia , Cyprus"
men,1970,11,Continental Qualifier,3129,Sunday 15/11/1970,Group 7,9488,19701115,lux,Luxembourg,/world-match-centre/teams/country=lux/index.html,gdr,German DR,/world-match-centre/teams/country=gdr/index.html,0-5,"LUXEMBOURG - Luxembourg , Luxembourg"
men,1970,11,Continental Qualifier,3129,Wednesday 25/11/1970,Group 5,9463,19701125,bel,Belgium,/world-match-centre/teams/country=bel/index.html,den,Denmark,/world-match-centre/teams/country=den/index.html,2-0,"BRUGES - Bruges , Belgium"
men,1970,11,Continental Qualifier,236470,Sunday 01/11/1970,First Stage,42164,19701101,zam,Zambia,/world-match-centre/teams/country=zam/index.html,tan,Tanzania,/world-match-centre/teams/country=tan/index.html,5-1,"LUSAKA - Lusaka , Zambia"
men,1970,11,Continental Qualifier,236470,Sunday 08/11/1970,First Stage,42165,19701108,gab,Gabon,/world-match-centre/teams/country=gab/index.html,civ,C担te d'Ivoire,/world-match-centre/teams/country=civ/index.html,1-2,"LIBREVILLE - Libreville , Gabon"
men,1970,11,Continental Qualifier,236470,Sunday 08/11/1970,First Stage,42166,19701108,nga,Nigeria,/world-match-centre/teams/country=nga/index.html,cgo,Congo,/world-match-centre/teams/country=cgo/index.html,0-0,"IBADAN - Ibadan , Nigeria"
men,1970,11,Continental Qualifier,236470,Sunday 08/11/1970,First Stage,42167,19701108,tog,Togo,/world-match-centre/teams/country=tog/index.html,"",Dahomey,/world-match-centre/teams/country=/index.html,2-1,"LOME - Lome , Togo"
men,1970,11,Continental Qualifier,236470,Sunday 08/11/1970,First Stage,42168,19701108,uga,Uganda,/world-match-centre/teams/country=uga/index.html,zai,Zaire,/world-match-centre/teams/country=zai/index.html,1-4,"KINSHASA - Kinshasa , Congo DR"
men,1970,11,Continental Qualifier,236470,Sunday 15/11/1970,First Stage,42169,19701115,mad,Madagascar,/world-match-centre/teams/country=mad/index.html,mri,Mauritius,/world-match-centre/teams/country=mri/index.html,2-1,"ANTANANARIVO - Antananarivo , Madagascar"
men,1970,11,Continental Qualifier,236470,Sunday 22/11/1970,First Stage,42170,19701122,cgo,Congo,/world-match-centre/teams/country=cgo/index.html,nga,Nigeria,/world-match-centre/teams/country=nga/index.html,2-1,""
men,1970,11,Continental Qualifier,236470,Sunday 22/11/1970,First Stage,42171,19701122,civ,C担te d'Ivoire,/world-match-centre/teams/country=civ/index.html,gab,Gabon,/world-match-centre/teams/country=gab/index.html,1-0,"Felix Houphouet-Boigny - Abidjan , C担te d'Ivoire"
men,1970,11,Continental Qualifier,236470,Sunday 22/11/1970,First Stage,42172,19701122,"",Dahomey,/world-match-centre/teams/country=/index.html,tog,Togo,/world-match-centre/teams/country=tog/index.html,0-0,"PORTO NOVO - Porto Novo , Benin"
men,1970,11,Continental Qualifier,236470,Tuesday 24/11/1970,First Stage,42173,19701124,zai,Zaire,/world-match-centre/teams/country=zai/index.html,uga,Uganda,/world-match-centre/teams/country=uga/index.html,1-0,"KAMPALA - Kampala , Uganda"
men,1970,11,Continental Qualifier,236470,Sunday 29/11/1970,First Stage,42174,19701129,eth,Ethiopia,/world-match-centre/teams/country=eth/index.html,ken,Kenya,/world-match-centre/teams/country=ken/index.html,0-1,"ADDIS ABABA - Addis Ababa , Ethiopia"
men,1970,11,Continental Qualifier,236470,Sunday 29/11/1970,First Stage,42175,19701129,mri,Mauritius,/world-match-centre/teams/country=mri/index.html,mad,Madagascar,/world-match-centre/teams/country=mad/index.html,4-1,"PORT LOUIS - Port Louis , Mauritius"
men,1970,11,Friendly,2000010101,Sunday 01/11/1970,"",48225,19701101,sle,Sierra Leone,/world-match-centre/teams/country=sle/index.html,gui,Guinea,/world-match-centre/teams/country=gui/index.html,1-2,"FREETOWN - Freetown , Sierra Leone"
men,1970,11,Friendly,2000010101,Sunday 01/11/1970,"",48226,19701101,dahomey-1895294,Dahomey,/world-match-centre/clubs/club=dahomey-1895294/index.html,cgo,Congo,/world-match-centre/teams/country=cgo/index.html,3-2,COTONOU - Cotonou
men,1970,11,Friendly,2000010101,Sunday 01/11/1970,"",50982,19701101,vie,South Vietnam,/world-match-centre/teams/country=vie/index.html,tha,Thailand,/world-match-centre/teams/country=tha/index.html,1-0,""
men,1970,11,Friendly,2000010101,Sunday 08/11/1970,"",51061,19701108,tha,Thailand,/world-match-centre/teams/country=tha/index.html,lao,Laos,/world-match-centre/teams/country=lao/index.html,1-0,"BANGKOK - Bangkok , Thailand"
men,1970,11,Friendly,2000010101,Sunday 08/11/1970,"",51062,19701108,hkg,Hong Kong,/world-match-centre/teams/country=hkg/index.html,sin,Singapore,/world-match-centre/teams/country=sin/index.html,0-1,"BANGKOK - Bangkok , Thailand"
men,1970,11,Friendly,2000010101,Monday 09/11/1970,"",51067,19701109,cam,Khmer,/world-match-centre/teams/country=cam/index.html,mas,Malaysia,/world-match-centre/teams/country=mas/index.html,1-1,"BANGKOK - Bangkok , Thailand"
men,1970,11,Friendly,2000010101,Monday 09/11/1970,"",51068,19701109,idn,Indonesia,/world-match-centre/teams/country=idn/index.html,vie,South Vietnam,/world-match-centre/teams/country=vie/index.html,5-3,"BANGKOK - Bangkok , Thailand"
men,1970,11,Friendly,2000010101,Tuesday 10/11/1970,"",48223,19701110,isr,Israel,/world-match-centre/teams/country=isr/index.html,aus,Australia,/world-match-centre/teams/country=aus/index.html,0-1,"Ramat-Gan (National Stadium) - , Israel"
men,1970,11,Friendly,2000010101,Tuesday 10/11/1970,"",51059,19701110,tha,Thailand,/world-match-centre/teams/country=tha/index.html,sin,Singapore,/world-match-centre/teams/country=sin/index.html,3-1,"BANGKOK - Bangkok , Thailand"
men,1970,11,Friendly,2000010101,Tuesday 10/11/1970,"",51060,19701110,kor,Korea Republic,/world-match-centre/teams/country=kor/index.html,hkg,Hong Kong,/world-match-centre/teams/country=hkg/index.html,3-0,"BANGKOK - Bangkok , Thailand"
men,1970,11,Friendly,2000010101,Thursday 12/11/1970,"",51057,19701112,tha,Thailand,/world-match-centre/teams/country=tha/index.html,hkg,Hong Kong,/world-match-centre/teams/country=hkg/index.html,2-1,"BANGKOK - Bangkok , Thailand"
men,1970,11,Friendly,2000010101,Thursday 12/11/1970,"",51058,19701112,kor,Korea Republic,/world-match-centre/teams/country=kor/index.html,lao,Laos,/world-match-centre/teams/country=lao/index.html,4-0,"BANGKOK - Bangkok , Thailand"
men,1970,11,Friendly,2000010101,Friday 13/11/1970,"",51065,19701113,cam,Khmer,/world-match-centre/teams/country=cam/index.html,vie,South Vietnam,/world-match-centre/teams/country=vie/index.html,2-2,"BANGKOK - Bangkok , Thailand"
men,1970,11,Friendly,2000010101,Friday 13/11/1970,"",51066,19701113,idn,Indonesia,/world-match-centre/teams/country=idn/index.html,mas,Malaysia,/world-match-centre/teams/country=mas/index.html,3-0,"BANGKOK - Bangkok , Thailand"
men,1970,11,Friendly,2000010101,Saturday 14/11/1970,"",51055,19701114,tha,Thailand,/world-match-centre/teams/country=tha/index.html,kor,Korea Republic,/world-match-centre/teams/country=kor/index.html,0-0,"BANGKOK - Bangkok , Thailand"
men,1970,11,Friendly,2000010101,Saturday 14/11/1970,"",51056,19701114,lao,Laos,/world-match-centre/teams/country=lao/index.html,sin,Singapore,/world-match-centre/teams/country=sin/index.html,3-0,"BANGKOK - Bangkok , Thailand"
men,1970,11,Friendly,2000010101,Sunday 15/11/1970,"",48220,19701115,sui,Switzerland,/world-match-centre/teams/country=sui/index.html,hun,Hungary,/world-match-centre/teams/country=hun/index.html,0-1,"St. Jakob-Park - Basel , Switzerland"
men,1970,11,Friendly,2000010101,Sunday 15/11/1970,"",48221,19701115,gui,Guinea,/world-match-centre/teams/country=gui/index.html,sen,Senegal,/world-match-centre/teams/country=sen/index.html,1-0,"DAKAR - Dakar , Senegal"
men,1970,11,Friendly,2000010101,Sunday 15/11/1970,"",48222,19701115,bel,Belgium,/world-match-centre/teams/country=bel/index.html,fra,France,/world-match-centre/teams/country=fra/index.html,1-2,"BRUSSELS - Brussels , Belgium"
men,1970,11,Friendly,2000010101,Sunday 15/11/1970,"",51063,19701115,mas,Malaysia,/world-match-centre/teams/country=mas/index.html,vie,South Vietnam,/world-match-centre/teams/country=vie/index.html,2-1,"BANGKOK - Bangkok , Thailand"
men,1970,11,Friendly,2000010101,Sunday 15/11/1970,"",51064,19701115,cam,Khmer,/world-match-centre/teams/country=cam/index.html,idn,Indonesia,/world-match-centre/teams/country=idn/index.html,1-4,"BANGKOK - Bangkok , Thailand"
men,1970,11,Friendly,2000010101,Monday 16/11/1970,"",51053,19701116,kor,Korea Republic,/world-match-centre/teams/country=kor/index.html,sin,Singapore,/world-match-centre/teams/country=sin/index.html,4-0,"BANGKOK - Bangkok , Thailand"
men,1970,11,Friendly,2000010101,Monday 16/11/1970,"",51054,19701116,hkg,Hong Kong,/world-match-centre/teams/country=hkg/index.html,lao,Laos,/world-match-centre/teams/country=lao/index.html,4-2,"BANGKOK - Bangkok , Thailand"
men,1970,11,Friendly,2000010101,Tuesday 17/11/1970,"",48218,19701117,gre,Greece,/world-match-centre/teams/country=gre/index.html,aus,Australia,/world-match-centre/teams/country=aus/index.html,1-3,"ATHENS - Athens , Greece"
men,1970,11,Friendly,2000010101,Wednesday 18/11/1970,"",48219,19701118,yug,Yugoslavia,/world-match-centre/teams/country=yug/index.html,frg,Germany FR,/world-match-centre/teams/country=frg/index.html,2-0,ZAGREB - Zagreb
men,1970,11,Friendly,2000010101,Wednesday 18/11/1970,"",51069,19701118,tha,Thailand,/world-match-centre/teams/country=tha/index.html,idn,Indonesia,/world-match-centre/teams/country=idn/index.html,2-1,"BANGKOK - Bangkok , Thailand"
men,1970,11,Friendly,2000010101,Wednesday 18/11/1970,"",51070,19701118,kor,Korea Republic,/world-match-centre/teams/country=kor/index.html,mas,Malaysia,/world-match-centre/teams/country=mas/index.html,2-0,"BANGKOK - Bangkok , Thailand"
men,1970,11,Friendly,2000010101,Friday 20/11/1970,"",51071,19701120,mas,Malaysia,/world-match-centre/teams/country=mas/index.html,idn,Indonesia,/world-match-centre/teams/country=idn/index.html,3-1,"BANGKOK - Bangkok , Thailand"
men,1970,11,Friendly,2000010101,Friday 20/11/1970,"",51072,19701120,tha,Thailand,/world-match-centre/teams/country=tha/index.html,kor,Korea Republic,/world-match-centre/teams/country=kor/index.html,0-1,"BANGKOK - Bangkok , Thailand"
men,1970,11,Friendly,2000010101,Sunday 22/11/1970,"",48217,19701122,gre,Greece,/world-match-centre/teams/country=gre/index.html,frg,Germany FR,/world-match-centre/teams/country=frg/index.html,1-3,"ATHENS - Athens , Greece"
men,1970,11,Friendly,2000010101,Wednesday 25/11/1970,"",48216,19701125,eng,England,/world-match-centre/teams/country=eng/index.html,gdr,German DR,/world-match-centre/teams/country=gdr/index.html,3-1,"Wembley Stadium - London , England"
men,1970,12,Continental Qualifier,3129,Tuesday 08/12/1970,Group 6,9476,19701208,ita,Italy,/world-match-centre/teams/country=ita/index.html,irl,Republic of Ireland,/world-match-centre/teams/country=irl/index.html,3-0,"FLORENCE - Florence , Italy"
men,1970,12,Continental Qualifier,3129,Sunday 13/12/1970,Group 8,9499,19701213,tur,Turkey,/world-match-centre/teams/country=tur/index.html,alb,Albania,/world-match-centre/teams/country=alb/index.html,2-1,"ISTANBUL - Istanbul , Turkey"
men,1970,12,Continental Qualifier,3129,Wednesday 16/12/1970,Group 3,9426,19701216,gre,Greece,/world-match-centre/teams/country=gre/index.html,sui,Switzerland,/world-match-centre/teams/country=sui/index.html,0-1,"ATHENS - Athens , Greece"
men,1970,12,Continental Qualifier,3129,Sunday 20/12/1970,Group 3,9427,19701220,mlt,Malta,/world-match-centre/teams/country=mlt/index.html,sui,Switzerland,/world-match-centre/teams/country=sui/index.html,1-2,"Empire - Gzira , Malta"
men,1970,12,Continental Qualifier,236470,Thursday 10/12/1970,First Stage,42176,19701210,alg,Algeria,/world-match-centre/teams/country=alg/index.html,mar,Morocco,/world-match-centre/teams/country=mar/index.html,3-1,"ALGIERS - Algiers , Algeria"
men,1970,12,Continental Qualifier,236470,Saturday 12/12/1970,First Stage,42177,19701212,nig,Niger,/world-match-centre/teams/country=nig/index.html,mli,Mali,/world-match-centre/teams/country=mli/index.html,0-1,"NIAMEY - Niamey , Niger"
men,1970,12,Continental Qualifier,236470,Tuesday 15/12/1970,First Stage,42178,19701215,ken,Kenya,/world-match-centre/teams/country=ken/index.html,eth,Ethiopia,/world-match-centre/teams/country=eth/index.html,2-0,""
men,1970,12,Continental Qualifier,236470,Sunday 27/12/1970,First Stage,42179,19701227,mli,Mali,/world-match-centre/teams/country=mli/index.html,nig,Niger,/world-match-centre/teams/country=nig/index.html,3-1,"BAMAKO - Bamako , Mali"
men,1970,12,Continental Qualifier,236470,Sunday 27/12/1970,First Stage,42180,19701227,mar,Morocco,/world-match-centre/teams/country=mar/index.html,alg,Algeria,/world-match-centre/teams/country=alg/index.html,3-0,"CASABLANCA - Casablanca , Morocco"
men,1970,12,Friendly,2000010101,Tuesday 01/12/1970,"",48215,19701201,mex,Mexico,/world-match-centre/teams/country=mex/index.html,aus,Australia,/world-match-centre/teams/country=aus/index.html,3-0,"MEXICO CITY - Mexico City , Mexico"
men,1970,12,Friendly,2000010101,Wednesday 02/12/1970,"",48214,19701202,ned,Netherlands,/world-match-centre/teams/country=ned/index.html,rou,Romania,/world-match-centre/teams/country=rou/index.html,2-0,"AMSTERDAM - Amsterdam , Netherlands"
men,1970,12,Friendly,2000010101,Wednesday 09/12/1970,"",48213,19701209,gre,Greece,/world-match-centre/teams/country=gre/index.html,cyp,Cyprus,/world-match-centre/teams/country=cyp/index.html,1-1,"ATHENS - Athens , Greece"
men,1970,12,Friendly,2000010101,Thursday 10/12/1970,"",43159,19701210,idn,Indonesia,/world-match-centre/teams/country=idn/index.html,irn,Iran,/world-match-centre/teams/country=irn/index.html,2-2,"BANGKOK - Bangkok , Thailand"
men,1970,12,Friendly,2000010101,Thursday 10/12/1970,"",43166,19701210,jpn,Japan,/world-match-centre/teams/country=jpn/index.html,mas,Malaysia,/world-match-centre/teams/country=mas/index.html,1-0,"BANGKOK - Bangkok , Thailand"
men,1970,12,Friendly,2000010101,Friday 11/12/1970,"",43158,19701211,kor,Korea Republic,/world-match-centre/teams/country=kor/index.html,irn,Iran,/world-match-centre/teams/country=irn/index.html,1-0,"BANGKOK - Bangkok , Thailand"
men,1970,12,Friendly,2000010101,Friday 11/12/1970,"",43167,19701211,tha,Thailand,/world-match-centre/teams/country=tha/index.html,vie,South Vietnam,/world-match-centre/teams/country=vie/index.html,1-0,"BANGKOK - Bangkok , Thailand"
men,1970,12,Friendly,2000010101,Saturday 12/12/1970,"",43161,19701212,mya,Burma,/world-match-centre/teams/country=mya/index.html,mas,Malaysia,/world-match-centre/teams/country=mas/index.html,1-0,"BANGKOK - Bangkok , Thailand"
men,1970,12,Friendly,2000010101,Saturday 12/12/1970,"",43162,19701212,jpn,Japan,/world-match-centre/teams/country=jpn/index.html,cam,Khmer,/world-match-centre/teams/country=cam/index.html,1-0,"BANGKOK - Bangkok , Thailand"
men,1970,12,Friendly,2000010101,Saturday 12/12/1970,"",43168,19701212,ind,India,/world-match-centre/teams/country=ind/index.html,vie,South Vietnam,/world-match-centre/teams/country=vie/index.html,2-0,"BANGKOK - Bangkok , Thailand"
men,1970,12,Friendly,2000010101,Sunday 13/12/1970,"",43160,19701213,kor,Korea Republic,/world-match-centre/teams/country=kor/index.html,idn,Indonesia,/world-match-centre/teams/country=idn/index.html,0-0,"BANGKOK - Bangkok , Thailand"
men,1970,12,Friendly,2000010101,Sunday 13/12/1970,"",43165,19701213,mya,Burma,/world-match-centre/teams/country=mya/index.html,cam,Khmer,/world-match-centre/teams/country=cam/index.html,2-1,"BANGKOK - Bangkok , Thailand"
men,1970,12,Friendly,2000010101,Sunday 13/12/1970,"",43169,19701213,tha,Thailand,/world-match-centre/teams/country=tha/index.html,ind,India,/world-match-centre/teams/country=ind/index.html,2-2,"BANGKOK - Bangkok , Thailand"
men,1970,12,Friendly,2000010101,Monday 14/12/1970,"",43163,19701214,jpn,Japan,/world-match-centre/teams/country=jpn/index.html,mya,Burma,/world-match-centre/teams/country=mya/index.html,2-1,"BANGKOK - Bangkok , Thailand"
men,1970,12,Friendly,2000010101,Monday 14/12/1970,"",43164,19701214,cam,Khmer,/world-match-centre/teams/country=cam/index.html,mas,Malaysia,/world-match-centre/teams/country=mas/index.html,2-0,"BANGKOK - Bangkok , Thailand"
men,1970,12,Friendly,2000010101,Tuesday 15/12/1970,"",43173,19701215,tha,Thailand,/world-match-centre/teams/country=tha/index.html,kor,Korea Republic,/world-match-centre/teams/country=kor/index.html,1-2,"BANGKOK - Bangkok , Thailand"
men,1970,12,Friendly,2000010101,Wednesday 16/12/1970,"",43171,19701216,ind,India,/world-match-centre/teams/country=ind/index.html,idn,Indonesia,/world-match-centre/teams/country=idn/index.html,3-0,"BANGKOK - Bangkok , Thailand"
men,1970,12,Friendly,2000010101,Wednesday 16/12/1970,"",43172,19701216,jpn,Japan,/world-match-centre/teams/country=jpn/index.html,idn,Indonesia,/world-match-centre/teams/country=idn/index.html,2-1,"BANGKOK - Bangkok , Thailand"
men,1970,12,Friendly,2000010101,Wednesday 16/12/1970,"",43174,19701216,tha,Thailand,/world-match-centre/teams/country=tha/index.html,mya,Burma,/world-match-centre/teams/country=mya/index.html,2-2,"BANGKOK - Bangkok , Thailand"
men,1970,12,Friendly,2000010101,Thursday 17/12/1970,"",43170,19701217,jpn,Japan,/world-match-centre/teams/country=jpn/index.html,ind,India,/world-match-centre/teams/country=ind/index.html,1-0,"BANGKOK - Bangkok , Thailand"
men,1970,12,Friendly,2000010101,Thursday 17/12/1970,"",43175,19701217,kor,Korea Republic,/world-match-centre/teams/country=kor/index.html,mya,Burma,/world-match-centre/teams/country=mya/index.html,0-1,"BANGKOK - Bangkok , Thailand"
men,1970,12,Friendly,2000010101,Friday 18/12/1970,"",43176,19701218,mya,Burma,/world-match-centre/teams/country=mya/index.html,ind,India,/world-match-centre/teams/country=ind/index.html,2-0,"BANGKOK - Bangkok , Thailand"
men,1970,12,Friendly,2000010101,Friday 18/12/1970,"",43177,19701218,kor,Korea Republic,/world-match-centre/teams/country=kor/index.html,jpn,Japan,/world-match-centre/teams/country=jpn/index.html,2-1,"BANGKOK - Bangkok , Thailand"
men,1970,12,Friendly,2000010101,Saturday 19/12/1970,"",48212,19701219,sen,Senegal,/world-match-centre/teams/country=sen/index.html,mwi,Malawi,/world-match-centre/teams/country=mwi/index.html,4-1,""
men,1970,12,Friendly,2000010101,Saturday 19/12/1970,"",43178,19701219,ind,India,/world-match-centre/teams/country=ind/index.html,jpn,Japan,/world-match-centre/teams/country=jpn/index.html,1-0,"BANGKOK - Bangkok , Thailand"
men,1970,12,Friendly,2000010101,Sunday 20/12/1970,"",43179,19701220,mya,Burma,/world-match-centre/teams/country=mya/index.html,kor,Korea Republic,/world-match-centre/teams/country=kor/index.html,0-0,"BANGKOK - Bangkok , Thailand"
