men,1976,1,Friendly,2000010101,Thursday 01/01/1976,"",51116,19760101,tha,Thailand,/world-match-centre/teams/country=tha/index.html,mya,Burma,/world-match-centre/teams/country=mya/index.html,0-0,"BANGKOK - Bangkok , Thailand"
men,1976,1,Friendly,2000010101,Friday 02/01/1976,"",51114,19760102,kor,Korea Republic,/world-match-centre/teams/country=kor/index.html,mas,Malaysia,/world-match-centre/teams/country=mas/index.html,4-0,"BANGKOK - Bangkok , Thailand"
men,1976,1,Friendly,2000010101,Friday 02/01/1976,"",51115,19760102,idn,Indonesia,/world-match-centre/teams/country=idn/index.html,sin,Singapore,/world-match-centre/teams/country=sin/index.html,1-0,"BANGKOK - Bangkok , Thailand"
men,1976,1,Friendly,2000010101,Sunday 04/01/1976,"",51129,19760104,kor,Korea Republic,/world-match-centre/teams/country=kor/index.html,mya,Burma,/world-match-centre/teams/country=mya/index.html,1-0,"BANGKOK - Bangkok , Thailand"
men,1976,1,Friendly,2000010101,Sunday 25/01/1976,"",48790,19760125,jpn,Japan,/world-match-centre/teams/country=jpn/index.html,bul,Bulgaria,/world-match-centre/teams/country=bul/index.html,1-3,"TOKYO - Tokyo , Japan"
men,1976,1,Friendly,2000010101,Wednesday 28/01/1976,"",48789,19760128,jpn,Japan,/world-match-centre/teams/country=jpn/index.html,bul,Bulgaria,/world-match-centre/teams/country=bul/index.html,1-1,"Osaka Nagai Stadium - Osaka , Japan"
men,1976,2,Continental Qualifier,3131,Saturday 28/02/1976,Group 8,9400,19760228,frg,Germany FR,/world-match-centre/teams/country=frg/index.html,mlt,Malta,/world-match-centre/teams/country=mlt/index.html,8-0,"Westfalenstadion - Dortmund , Germany"
men,1976,2,Continental Final,236115,Sunday 29/02/1976,Group 1,41315,19760229,egy,Egypt,/world-match-centre/teams/country=egy/index.html,gui,Guinea,/world-match-centre/teams/country=gui/index.html,1-1,"ADDIS ABABA - Addis Ababa , Ethiopia"
men,1976,2,Continental Final,236115,Sunday 29/02/1976,Group 1,41316,19760229,eth,Ethiopia,/world-match-centre/teams/country=eth/index.html,uga,Uganda,/world-match-centre/teams/country=uga/index.html,2-0,"ADDIS ABABA - Addis Ababa , Ethiopia"
men,1976,2,Friendly,2000010101,Sunday 01/02/1976,"",48788,19760201,jpn,Japan,/world-match-centre/teams/country=jpn/index.html,bul,Bulgaria,/world-match-centre/teams/country=bul/index.html,0-3,"TOKYO - Tokyo , Japan"
men,1976,2,Friendly,2000010101,Wednesday 04/02/1976,"",48787,19760204,isr,Israel,/world-match-centre/teams/country=isr/index.html,den,Denmark,/world-match-centre/teams/country=den/index.html,0-1,"TEL AVIV - Tel Aviv , Israel"
men,1976,2,Friendly,2000010101,Sunday 08/02/1976,"",48786,19760208,irq,Iraq,/world-match-centre/teams/country=irq/index.html,tur,Turkey,/world-match-centre/teams/country=tur/index.html,0-0,"BAGHDAD - Baghdad , Iraq"
men,1976,2,Friendly,2000010101,Wednesday 18/02/1976,"",48784,19760218,tun,Tunisia,/world-match-centre/teams/country=tun/index.html,yug,Yugoslavia,/world-match-centre/teams/country=yug/index.html,2-1,"TUNIS - Tunis , Tunisia"
men,1976,2,Friendly,2000010101,Tuesday 24/02/1976,"",48783,19760224,alg,Algeria,/world-match-centre/teams/country=alg/index.html,yug,Yugoslavia,/world-match-centre/teams/country=yug/index.html,1-2,"ALGIERS - Algiers , Algeria"
men,1976,2,Friendly,2000010101,Wednesday 25/02/1976,"",43255,19760225,par,Paraguay,/world-match-centre/teams/country=par/index.html,arg,Argentina,/world-match-centre/teams/country=arg/index.html,2-3,"ASUNCION - Asuncion , Paraguay"
men,1976,2,Friendly,2000010101,Wednesday 25/02/1976,"",43256,19760225,uru,Uruguay,/world-match-centre/teams/country=uru/index.html,bra,Brazil,/world-match-centre/teams/country=bra/index.html,1-2,"MONTEVIDEO - Montevideo , Uruguay"
men,1976,2,Friendly,2000010101,Friday 27/02/1976,"",43257,19760227,arg,Argentina,/world-match-centre/teams/country=arg/index.html,bra,Brazil,/world-match-centre/teams/country=bra/index.html,1-2,"BUENOS AIRES - Buenos Aires , Argentina"
men,1976,2,Friendly,2000010101,Saturday 28/02/1976,"",48782,19760228,tun,Tunisia,/world-match-centre/teams/country=tun/index.html,swe,Sweden,/world-match-centre/teams/country=swe/index.html,1-1,"TUNIS - Tunis , Tunisia"
men,1976,2,Friendly,2000010101,Sunday 29/02/1976,"",48781,19760229,nzl,New Zealand,/world-match-centre/teams/country=nzl/index.html,aus,Australia,/world-match-centre/teams/country=aus/index.html,0-1,"AUCKLAND - Auckland , New Zealand"
men,1976,3,FIFA World Cup™ Qualifier,43,Sunday 07/03/1976,Pre-Preliminary Round,2442,19760307,sle,Sierra Leone,/world-match-centre/teams/country=sle/index.html,nig,Niger,/world-match-centre/teams/country=nig/index.html,5-1,"FREETOWN - Freetown , Sierra Leone"
men,1976,3,FIFA World Cup™ Qualifier,43,Saturday 13/03/1976,Pre-Preliminary Round,2264,19760313,bfa,Burkina Faso,/world-match-centre/teams/country=bfa/index.html,mtn,Mauritania,/world-match-centre/teams/country=mtn/index.html,1-1,"Stade du 4 aout - Ouagadougou , Burkina Faso"
men,1976,3,FIFA World Cup™ Qualifier,43,Sunday 21/03/1976,Pre-Preliminary Round,2443,19760321,nig,Niger,/world-match-centre/teams/country=nig/index.html,sle,Sierra Leone,/world-match-centre/teams/country=sle/index.html,2-1,"Stade National - Niamey , Niger"
men,1976,3,FIFA World Cup™ Qualifier,43,Sunday 28/03/1976,Pre-Preliminary Round,2265,19760328,mtn,Mauritania,/world-match-centre/teams/country=mtn/index.html,bfa,Burkina Faso,/world-match-centre/teams/country=bfa/index.html,0-2,"Stade Olympique - Nouakchott , Mauritania"
men,1976,3,Continental Final,236115,Monday 01/03/1976,Group 2,41321,19760301,mar,Morocco,/world-match-centre/teams/country=mar/index.html,sdn,Sudan,/world-match-centre/teams/country=sdn/index.html,2-2,"DIRE-DAWA - Dire-Dawa , Ethiopia"
men,1976,3,Continental Final,236115,Monday 01/03/1976,Group 2,41322,19760301,nga,Nigeria,/world-match-centre/teams/country=nga/index.html,zai,Zaire,/world-match-centre/teams/country=zai/index.html,4-1,"DIRE-DAWA - Dire-Dawa , Ethiopia"
men,1976,3,Continental Final,236115,Wednesday 03/03/1976,Group 1,41317,19760303,egy,Egypt,/world-match-centre/teams/country=egy/index.html,uga,Uganda,/world-match-centre/teams/country=uga/index.html,2-1,"ADDIS ABABA - Addis Ababa , Ethiopia"
men,1976,3,Continental Final,236115,Wednesday 03/03/1976,Group 1,41318,19760303,eth,Ethiopia,/world-match-centre/teams/country=eth/index.html,gui,Guinea,/world-match-centre/teams/country=gui/index.html,1-2,"ADDIS ABABA - Addis Ababa , Ethiopia"
men,1976,3,Continental Final,236115,Thursday 04/03/1976,Group 2,41323,19760304,mar,Morocco,/world-match-centre/teams/country=mar/index.html,zai,Zaire,/world-match-centre/teams/country=zai/index.html,1-0,"DIRE-DAWA - Dire-Dawa , Ethiopia"
men,1976,3,Continental Final,236115,Thursday 04/03/1976,Group 2,41324,19760304,nga,Nigeria,/world-match-centre/teams/country=nga/index.html,sdn,Sudan,/world-match-centre/teams/country=sdn/index.html,1-0,"DIRIAMBA - Diriamba , Nicaragua"
men,1976,3,Continental Final,236115,Friday 05/03/1976,Group 1,41319,19760305,eth,Ethiopia,/world-match-centre/teams/country=eth/index.html,egy,Egypt,/world-match-centre/teams/country=egy/index.html,1-1,"ADDIS ABABA - Addis Ababa , Ethiopia"
men,1976,3,Continental Final,236115,Friday 05/03/1976,Group 1,41320,19760305,gui,Guinea,/world-match-centre/teams/country=gui/index.html,uga,Uganda,/world-match-centre/teams/country=uga/index.html,2-1,"ADDIS ABABA - Addis Ababa , Ethiopia"
men,1976,3,Continental Final,236115,Saturday 06/03/1976,Group 2,41325,19760306,mar,Morocco,/world-match-centre/teams/country=mar/index.html,nga,Nigeria,/world-match-centre/teams/country=nga/index.html,3-1,"DIRE-DAWA - Dire-Dawa , Ethiopia"
men,1976,3,Continental Final,236115,Saturday 06/03/1976,Group 2,41326,19760306,zai,Zaire,/world-match-centre/teams/country=zai/index.html,sdn,Sudan,/world-match-centre/teams/country=sdn/index.html,1-1,"DIRE-DAWA - Dire-Dawa , Ethiopia"
men,1976,3,Continental Final,236115,Tuesday 09/03/1976,Final Round,41327,19760309,gui,Guinea,/world-match-centre/teams/country=gui/index.html,nga,Nigeria,/world-match-centre/teams/country=nga/index.html,1-1,"ADDIS ABABA - Addis Ababa , Ethiopia"
men,1976,3,Continental Final,236115,Tuesday 09/03/1976,Final Round,41328,19760309,mar,Morocco,/world-match-centre/teams/country=mar/index.html,egy,Egypt,/world-match-centre/teams/country=egy/index.html,2-1,"ADDIS ABABA - Addis Ababa , Ethiopia"
men,1976,3,Continental Final,236115,Thursday 11/03/1976,Final Round,41329,19760311,gui,Guinea,/world-match-centre/teams/country=gui/index.html,egy,Egypt,/world-match-centre/teams/country=egy/index.html,4-2,"ADDIS ABABA - Addis Ababa , Ethiopia"
men,1976,3,Continental Final,236115,Thursday 11/03/1976,Final Round,41330,19760311,mar,Morocco,/world-match-centre/teams/country=mar/index.html,nga,Nigeria,/world-match-centre/teams/country=nga/index.html,2-1,"ADDIS ABABA - Addis Ababa , Ethiopia"
men,1976,3,Continental Final,236115,Sunday 14/03/1976,Final Round,41331,19760314,mar,Morocco,/world-match-centre/teams/country=mar/index.html,gui,Guinea,/world-match-centre/teams/country=gui/index.html,1-1,"ADDIS ABABA - Addis Ababa , Ethiopia"
men,1976,3,Continental Final,236115,Sunday 14/03/1976,Final Round,41332,19760314,nga,Nigeria,/world-match-centre/teams/country=nga/index.html,egy,Egypt,/world-match-centre/teams/country=egy/index.html,3-2,"ADDIS ABABA - Addis Ababa , Ethiopia"
men,1976,3,Friendly,2000010101,Tuesday 02/03/1976,"",48779,19760302,aus,Australia,/world-match-centre/teams/country=aus/index.html,nzl,New Zealand,/world-match-centre/teams/country=nzl/index.html,3-3,"MELBOURNE - Melbourne , Australia"
men,1976,3,Friendly,2000010101,Tuesday 02/03/1976,"",48780,19760302,alg,Algeria,/world-match-centre/teams/country=alg/index.html,swe,Sweden,/world-match-centre/teams/country=swe/index.html,0-2,"ALGIERS - Algiers , Algeria"
men,1976,3,Friendly,2000010101,Wednesday 03/03/1976,"",48778,19760303,isr,Israel,/world-match-centre/teams/country=isr/index.html,nir,Northern Ireland,/world-match-centre/teams/country=nir/index.html,1-1,"TEL AVIV - Tel Aviv , Israel"
men,1976,3,Friendly,2000010101,Wednesday 10/03/1976,"",48777,19760310,mlt,Malta,/world-match-centre/teams/country=mlt/index.html,lby,Libya,/world-match-centre/teams/country=lby/index.html,2-2,"VALLETTA - Valletta , Malta"
men,1976,3,Friendly,2000010101,Wednesday 10/03/1976,"",43258,19760310,uru,Uruguay,/world-match-centre/teams/country=uru/index.html,par,Paraguay,/world-match-centre/teams/country=par/index.html,2-2,"MONTEVIDEO - Montevideo , Uruguay"
men,1976,3,Friendly,2000010101,Wednesday 24/03/1976,"",48776,19760324,irl,Republic of Ireland,/world-match-centre/teams/country=irl/index.html,nor,Norway,/world-match-centre/teams/country=nor/index.html,3-0,"DUBLIN - Dublin , Republic of Ireland"
men,1976,3,Friendly,2000010101,Wednesday 24/03/1976,"",48866,19760324,wal,Wales,/world-match-centre/teams/country=wal/index.html,eng,England,/world-match-centre/teams/country=eng/index.html,1-2,"WREXHAM - Wrexham , Wales"
men,1976,3,Friendly,2000010101,Wednesday 24/03/1976,"",48867,19760324,pol,Poland,/world-match-centre/teams/country=pol/index.html,arg,Argentina,/world-match-centre/teams/country=arg/index.html,1-2,"CHORZOW - Chorzow , Poland"
men,1976,3,Friendly,2000010101,Friday 26/03/1976,"",50746,19760326,qat,Qatar,/world-match-centre/teams/country=qat/index.html,ksa,Saudi Arabia,/world-match-centre/teams/country=ksa/index.html,1-0,"DOHA - Doha , Qatar"
men,1976,3,Friendly,2000010101,Saturday 27/03/1976,"",48864,19760327,hun,Hungary,/world-match-centre/teams/country=hun/index.html,arg,Argentina,/world-match-centre/teams/country=arg/index.html,2-0,"BUDAPEST - Budapest , Bulgaria"
men,1976,3,Friendly,2000010101,Saturday 27/03/1976,"",48865,19760327,fra,France,/world-match-centre/teams/country=fra/index.html,tch,Czechoslovakia,/world-match-centre/teams/country=tch/index.html,2-2,"PARIS - Paris , France"
men,1976,3,Friendly,2000010101,Saturday 27/03/1976,"",50744,19760327,irq,Iraq,/world-match-centre/teams/country=irq/index.html,oma,Oman,/world-match-centre/teams/country=oma/index.html,4-0,"DOHA - Doha , Qatar"
men,1976,3,Friendly,2000010101,Saturday 27/03/1976,"",50745,19760327,bhr,Bahrain,/world-match-centre/teams/country=bhr/index.html,uae,United Arab Emirates,/world-match-centre/teams/country=uae/index.html,3-2,"DOHA - Doha , Qatar"
men,1976,3,Friendly,2000010101,Sunday 28/03/1976,"",50743,19760328,qat,Qatar,/world-match-centre/teams/country=qat/index.html,kuw,Kuwait,/world-match-centre/teams/country=kuw/index.html,0-4,"DOHA - Doha , Qatar"
men,1976,3,Friendly,2000010101,Monday 29/03/1976,"",50741,19760329,ksa,Saudi Arabia,/world-match-centre/teams/country=ksa/index.html,uae,United Arab Emirates,/world-match-centre/teams/country=uae/index.html,2-0,"DOHA - Doha , Qatar"
men,1976,3,Friendly,2000010101,Monday 29/03/1976,"",50742,19760329,irq,Iraq,/world-match-centre/teams/country=irq/index.html,bhr,Bahrain,/world-match-centre/teams/country=bhr/index.html,4-1,"DOHA - Doha , Qatar"
men,1976,3,Friendly,2000010101,Wednesday 31/03/1976,"",50740,19760331,kuw,Kuwait,/world-match-centre/teams/country=kuw/index.html,oma,Oman,/world-match-centre/teams/country=oma/index.html,8-0,"DOHA - Doha , Qatar"
men,1976,4,FIFA World Cup™ Qualifier,43,Thursday 01/04/1976,1st Stage,2191,19760401,alg,Algeria,/world-match-centre/teams/country=alg/index.html,lby,Libya,/world-match-centre/teams/country=lby/index.html,1-0,"Stade 5 Juillet 1962 (National Stadium) - Algiers , Algeria"
men,1976,4,FIFA World Cup™ Qualifier,43,Friday 16/04/1976,1st Stage,2192,19760416,lby,Libya,/world-match-centre/teams/country=lby/index.html,alg,Algeria,/world-match-centre/teams/country=alg/index.html,0-0,"Tripoli Stadium - Tripoli , Libya"
men,1976,4,FIFA World Cup™ Qualifier,47,Friday 02/04/1976,Preliminary Round,8005,19760402,dom,Dominican Republic,/world-match-centre/teams/country=dom/index.html,hai,Haiti,/world-match-centre/teams/country=hai/index.html,0-3,"Estadio Olimpico - Santo Domingo , Dominican Republic"
men,1976,4,FIFA World Cup™ Qualifier,47,Sunday 04/04/1976,Classification Round,2292,19760404,pan,Panama,/world-match-centre/teams/country=pan/index.html,crc,Costa Rica,/world-match-centre/teams/country=crc/index.html,3-2,"PANAMA CITY - Panama City , Panama"
men,1976,4,FIFA World Cup™ Qualifier,47,Saturday 17/04/1976,Preliminary Round,2308,19760417,hai,Haiti,/world-match-centre/teams/country=hai/index.html,dom,Dominican Republic,/world-match-centre/teams/country=dom/index.html,3-0,"Stade Sylvio Cator - Port-Au-Prince , Haiti"
men,1976,4,Continental Qualifier,3131,Saturday 24/04/1976,,9401,19760424,yug,Yugoslavia,/world-match-centre/teams/country=yug/index.html,wal,Wales,/world-match-centre/teams/country=wal/index.html,2-0,"ZAGREB - Zagreb , Croatia"
men,1976,4,Continental Qualifier,3131,Saturday 24/04/1976,,9402,19760424,tch,Czechoslovakia,/world-match-centre/teams/country=tch/index.html,urs,Soviet Union,/world-match-centre/teams/country=urs/index.html,2-0,"BRATISLAVA - Bratislava , Slovakia"
men,1976,4,Continental Qualifier,3131,Saturday 24/04/1976,,9403,19760424,esp,Spain,/world-match-centre/teams/country=esp/index.html,frg,Germany FR,/world-match-centre/teams/country=frg/index.html,1-1,"MADRID - Madrid , Spain"
men,1976,4,Continental Qualifier,3131,Sunday 25/04/1976,,9404,19760425,ned,Netherlands,/world-match-centre/teams/country=ned/index.html,bel,Belgium,/world-match-centre/teams/country=bel/index.html,5-0,"ROTTERDAM - Rotterdam , Netherlands"
men,1976,4,Friendly,2000010101,Thursday 01/04/1976,"",50738,19760401,qat,Qatar,/world-match-centre/teams/country=qat/index.html,uae,United Arab Emirates,/world-match-centre/teams/country=uae/index.html,3-1,"DOHA - Doha , Qatar"
men,1976,4,Friendly,2000010101,Thursday 01/04/1976,"",50739,19760401,irq,Iraq,/world-match-centre/teams/country=irq/index.html,ksa,Saudi Arabia,/world-match-centre/teams/country=ksa/index.html,7-1,"DOHA - Doha , Qatar"
men,1976,4,Friendly,2000010101,Friday 02/04/1976,"",50737,19760402,bhr,Bahrain,/world-match-centre/teams/country=bhr/index.html,oma,Oman,/world-match-centre/teams/country=oma/index.html,1-0,"DOHA - Doha , Qatar"
men,1976,4,Friendly,2000010101,Saturday 03/04/1976,"",50735,19760403,qat,Qatar,/world-match-centre/teams/country=qat/index.html,irq,Iraq,/world-match-centre/teams/country=irq/index.html,0-0,"DOHA - Doha , Qatar"
men,1976,4,Friendly,2000010101,Saturday 03/04/1976,"",50736,19760403,kuw,Kuwait,/world-match-centre/teams/country=kuw/index.html,uae,United Arab Emirates,/world-match-centre/teams/country=uae/index.html,0-0,"DOHA - Doha , Qatar"
men,1976,4,Friendly,2000010101,Sunday 04/04/1976,"",50734,19760404,ksa,Saudi Arabia,/world-match-centre/teams/country=ksa/index.html,oma,Oman,/world-match-centre/teams/country=oma/index.html,3-1,"DOHA - Doha , Qatar"
men,1976,4,Friendly,2000010101,Tuesday 06/04/1976,"",50732,19760406,kuw,Kuwait,/world-match-centre/teams/country=kuw/index.html,bhr,Bahrain,/world-match-centre/teams/country=bhr/index.html,5-2,"DOHA - Doha , Qatar"
men,1976,4,Friendly,2000010101,Tuesday 06/04/1976,"",50733,19760406,irq,Iraq,/world-match-centre/teams/country=irq/index.html,uae,United Arab Emirates,/world-match-centre/teams/country=uae/index.html,4-0,"DOHA - Doha , Qatar"
men,1976,4,Friendly,2000010101,Wednesday 07/04/1976,"",48862,19760407,sco,Scotland,/world-match-centre/teams/country=sco/index.html,sui,Switzerland,/world-match-centre/teams/country=sui/index.html,1-0,"Hampden Park - Glasgow , Scotland"
men,1976,4,Friendly,2000010101,Wednesday 07/04/1976,"",48863,19760407,ita,Italy,/world-match-centre/teams/country=ita/index.html,por,Portugal,/world-match-centre/teams/country=por/index.html,3-1,"TURIN - Turin , Italy"
men,1976,4,Friendly,2000010101,Wednesday 07/04/1976,"",43259,19760407,par,Paraguay,/world-match-centre/teams/country=par/index.html,bra,Brazil,/world-match-centre/teams/country=bra/index.html,1-1,"ASUNCION - Asuncion , Paraguay"
men,1976,4,Friendly,2000010101,Wednesday 07/04/1976,"",50731,19760407,qat,Qatar,/world-match-centre/teams/country=qat/index.html,oma,Oman,/world-match-centre/teams/country=oma/index.html,4-1,"DOHA - Doha , Qatar"
men,1976,4,Friendly,2000010101,Thursday 08/04/1976,"",43260,19760408,arg,Argentina,/world-match-centre/teams/country=arg/index.html,uru,Uruguay,/world-match-centre/teams/country=uru/index.html,4-1,"BUENOS AIRES - Buenos Aires , Argentina"
men,1976,4,Friendly,2000010101,Thursday 08/04/1976,"",50729,19760408,kuw,Kuwait,/world-match-centre/teams/country=kuw/index.html,irq,Iraq,/world-match-centre/teams/country=irq/index.html,2-2,"DOHA - Doha , Qatar"
men,1976,4,Friendly,2000010101,Thursday 08/04/1976,"",50730,19760408,bhr,Bahrain,/world-match-centre/teams/country=bhr/index.html,ksa,Saudi Arabia,/world-match-centre/teams/country=ksa/index.html,2-1,"DOHA - Doha , Qatar"
men,1976,4,Friendly,2000010101,Saturday 10/04/1976,"",50727,19760410,uae,United Arab Emirates,/world-match-centre/teams/country=uae/index.html,oma,Oman,/world-match-centre/teams/country=oma/index.html,1-1,"DOHA - Doha , Qatar"
men,1976,4,Friendly,2000010101,Saturday 10/04/1976,"",50728,19760410,qat,Qatar,/world-match-centre/teams/country=qat/index.html,bhr,Bahrain,/world-match-centre/teams/country=bhr/index.html,3-0,"DOHA - Doha , Qatar"
men,1976,4,Friendly,2000010101,Sunday 11/04/1976,"",50726,19760411,kuw,Kuwait,/world-match-centre/teams/country=kuw/index.html,ksa,Saudi Arabia,/world-match-centre/teams/country=ksa/index.html,3-1,"DOHA - Doha , Qatar"
men,1976,4,Friendly,2000010101,Thursday 15/04/1976,"",57546,19760415,kuw,Kuwait,/world-match-centre/teams/country=kuw/index.html,irq,Iraq,/world-match-centre/teams/country=irq/index.html,4-2,"DOHA - Doha , Qatar"
men,1976,4,Friendly,2000010101,Saturday 17/04/1976,"",48861,19760417,yug,Yugoslavia,/world-match-centre/teams/country=yug/index.html,hun,Hungary,/world-match-centre/teams/country=hun/index.html,0-0,BANJA LUKA - Banja Luka
men,1976,4,Friendly,2000010101,Wednesday 21/04/1976,"",48860,19760421,gdr,German DR,/world-match-centre/teams/country=gdr/index.html,alg,Algeria,/world-match-centre/teams/country=alg/index.html,5-0,""
men,1976,4,Friendly,2000010101,Saturday 24/04/1976,"",48859,19760424,fra,France,/world-match-centre/teams/country=fra/index.html,pol,Poland,/world-match-centre/teams/country=pol/index.html,2-0,"LENS - Lens , France"
men,1976,4,Friendly,2000010101,Wednesday 28/04/1976,"",48858,19760428,aut,Austria,/world-match-centre/teams/country=aut/index.html,swe,Sweden,/world-match-centre/teams/country=swe/index.html,1-0,"VIENNA - Vienna , Austria"
men,1976,4,Friendly,2000010101,Wednesday 28/04/1976,"",43261,19760428,arg,Argentina,/world-match-centre/teams/country=arg/index.html,par,Paraguay,/world-match-centre/teams/country=par/index.html,2-2,"BUENOS AIRES - Buenos Aires , Argentina"
men,1976,4,Friendly,2000010101,Wednesday 28/04/1976,"",43262,19760428,bra,Brazil,/world-match-centre/teams/country=bra/index.html,uru,Uruguay,/world-match-centre/teams/country=uru/index.html,2-1,"Estadio do Maracan達 - Rio De Janeiro , Brazil"
men,1976,4,Friendly,2000010101,Friday 30/04/1976,"",48857,19760430,sui,Switzerland,/world-match-centre/teams/country=sui/index.html,hun,Hungary,/world-match-centre/teams/country=hun/index.html,0-1,"Hampden Park - Glasgow , Scotland"
men,1976,5,FIFA World Cup™ Qualifier,40,Sunday 23/05/1976,Group 1,2298,19760523,cyp,Cyprus,/world-match-centre/teams/country=cyp/index.html,den,Denmark,/world-match-centre/teams/country=den/index.html,1-5,"Tsirion Athletic Centre - Limassol , Cyprus"
men,1976,5,FIFA World Cup™ Qualifier,43,Sunday 09/05/1976,1st Stage,2429,19760509,zam,Zambia,/world-match-centre/teams/country=zam/index.html,mwi,Malawi,/world-match-centre/teams/country=mwi/index.html,4-0,"Independence - Lusaka , Zambia"
men,1976,5,FIFA World Cup™ Qualifier,43,Sunday 30/05/1976,1st Stage,2430,19760530,mwi,Malawi,/world-match-centre/teams/country=mwi/index.html,zam,Zambia,/world-match-centre/teams/country=zam/index.html,0-1,"Kamuzu Stadium - Blantyre , Malawi"
men,1976,5,FIFA World Cup™ Qualifier,47,Sunday 02/05/1976,Classification Round,2332,19760502,pan,Panama,/world-match-centre/teams/country=pan/index.html,slv,El Salvador,/world-match-centre/teams/country=slv/index.html,1-1,"PANAMA CITY - Panama City , Panama"
men,1976,5,Continental Qualifier,3131,Saturday 22/05/1976,,9405,19760522,wal,Wales,/world-match-centre/teams/country=wal/index.html,yug,Yugoslavia,/world-match-centre/teams/country=yug/index.html,1-1,"CARDIFF - Cardiff , Wales"
men,1976,5,Continental Qualifier,3131,Saturday 22/05/1976,,9406,19760522,urs,Soviet Union,/world-match-centre/teams/country=urs/index.html,tch,Czechoslovakia,/world-match-centre/teams/country=tch/index.html,2-2,"Republican Stadium - Kiev , Ukraine"
men,1976,5,Continental Qualifier,3131,Saturday 22/05/1976,,9407,19760522,frg,Germany FR,/world-match-centre/teams/country=frg/index.html,esp,Spain,/world-match-centre/teams/country=esp/index.html,2-0,"Olympiastadion - Munich , Germany"
men,1976,5,Continental Qualifier,3131,Saturday 22/05/1976,,9408,19760522,bel,Belgium,/world-match-centre/teams/country=bel/index.html,ned,Netherlands,/world-match-centre/teams/country=ned/index.html,1-2,"BRUSSELS - Brussels , Belgium"
men,1976,5,Friendly,2000010101,Sunday 02/05/1976,"",48856,19760502,alg,Algeria,/world-match-centre/teams/country=alg/index.html,gui,Guinea,/world-match-centre/teams/country=gui/index.html,1-2,"ALGIERS - Algiers , Algeria"
men,1976,5,Friendly,2000010101,Wednesday 05/05/1976,"",48855,19760505,bul,Bulgaria,/world-match-centre/teams/country=bul/index.html,prk,Korea DPR,/world-match-centre/teams/country=prk/index.html,3-0,"Vasil Levski - Sofia , Bulgaria"
men,1976,5,Friendly,2000010101,Thursday 06/05/1976,"",44258,19760506,sco,Scotland,/world-match-centre/teams/country=sco/index.html,wal,Wales,/world-match-centre/teams/country=wal/index.html,3-1,"GLASGOW - Glasgow , Scotland"
men,1976,5,Friendly,2000010101,Thursday 06/05/1976,"",48854,19760506,gre,Greece,/world-match-centre/teams/country=gre/index.html,pol,Poland,/world-match-centre/teams/country=pol/index.html,1-0,"ATHENS - Athens , Greece"
men,1976,5,Friendly,2000010101,Saturday 08/05/1976,"",44259,19760508,sco,Scotland,/world-match-centre/teams/country=sco/index.html,nir,Northern Ireland,/world-match-centre/teams/country=nir/index.html,3-0,"GLASGOW - Glasgow , Scotland"
men,1976,5,Friendly,2000010101,Saturday 08/05/1976,"",44260,19760508,wal,Wales,/world-match-centre/teams/country=wal/index.html,eng,England,/world-match-centre/teams/country=eng/index.html,0-1,"CARDIFF - Cardiff , Wales"
men,1976,5,Friendly,2000010101,Tuesday 11/05/1976,"",44261,19760511,eng,England,/world-match-centre/teams/country=eng/index.html,nir,Northern Ireland,/world-match-centre/teams/country=nir/index.html,4-0,"LONDON - London , England"
men,1976,5,Friendly,2000010101,Tuesday 11/05/1976,"",48852,19760511,sui,Switzerland,/world-match-centre/teams/country=sui/index.html,pol,Poland,/world-match-centre/teams/country=pol/index.html,2-1,"BASEL - Basel , Switzerland"
men,1976,5,Friendly,2000010101,Tuesday 11/05/1976,"",48853,19760511,swe,Sweden,/world-match-centre/teams/country=swe/index.html,den,Denmark,/world-match-centre/teams/country=den/index.html,1-2,"GOTHENBURG - Gothenburg , Sweden"
men,1976,5,Friendly,2000010101,Wednesday 12/05/1976,"",43296,19760512,bul,Bulgaria,/world-match-centre/teams/country=bul/index.html,rou,Romania,/world-match-centre/teams/country=rou/index.html,1-0,"Ivaylo - Veliko Tarnovo , Bulgaria"
men,1976,5,Friendly,2000010101,Friday 14/05/1976,"",44262,19760514,wal,Wales,/world-match-centre/teams/country=wal/index.html,nir,Northern Ireland,/world-match-centre/teams/country=nir/index.html,1-0,"SWANSEA - Swansea , Wales"
men,1976,5,Friendly,2000010101,Saturday 15/05/1976,"",44263,19760515,sco,Scotland,/world-match-centre/teams/country=sco/index.html,eng,England,/world-match-centre/teams/country=eng/index.html,2-1,"GLASGOW - Glasgow , Scotland"
men,1976,5,Friendly,2000010101,Wednesday 19/05/1976,"",43263,19760519,bra,Brazil,/world-match-centre/teams/country=bra/index.html,arg,Argentina,/world-match-centre/teams/country=arg/index.html,2-0,"Estadio do Maracan達 - Rio De Janeiro , Brazil"
men,1976,5,Friendly,2000010101,Wednesday 19/05/1976,"",43264,19760519,par,Paraguay,/world-match-centre/teams/country=par/index.html,uru,Uruguay,/world-match-centre/teams/country=uru/index.html,1-0,"ASUNCION - Asuncion , Paraguay"
men,1976,5,Friendly,2000010101,Wednesday 19/05/1976,"",48850,19760519,nor,Norway,/world-match-centre/teams/country=nor/index.html,isl,Iceland,/world-match-centre/teams/country=isl/index.html,0-1,"OSLO - Oslo , Norway"
men,1976,5,Friendly,2000010101,Wednesday 19/05/1976,"",48851,19760519,fin,Finland,/world-match-centre/teams/country=fin/index.html,sui,Switzerland,/world-match-centre/teams/country=sui/index.html,1-0,"Vainolanniemi - Kuopio , Finland"
men,1976,5,Friendly,2000010101,Saturday 22/05/1976,"",48849,19760522,hun,Hungary,/world-match-centre/teams/country=hun/index.html,fra,France,/world-match-centre/teams/country=fra/index.html,1-0,"BUDAPEST - Budapest , Bulgaria"
men,1976,5,Friendly,2000010101,Sunday 23/05/1976,"",48848,19760523,eng,England,/world-match-centre/teams/country=eng/index.html,bra,Brazil,/world-match-centre/teams/country=bra/index.html,0-1,"LOS ANGELES - Los Angeles , USA"
men,1976,5,Friendly,2000010101,Wednesday 26/05/1976,"",48846,19760526,pol,Poland,/world-match-centre/teams/country=pol/index.html,irl,Republic of Ireland,/world-match-centre/teams/country=irl/index.html,0-2,"POZNAN - Poznan , Poland"
men,1976,5,Friendly,2000010101,Friday 28/05/1976,"",48845,19760528,eng,England,/world-match-centre/teams/country=eng/index.html,ita,Italy,/world-match-centre/teams/country=ita/index.html,3-2,"NEW YORK - New York , USA"
men,1976,5,Friendly,2000010101,Monday 31/05/1976,"",48843,19760531,ita,Italy,/world-match-centre/teams/country=ita/index.html,bra,Brazil,/world-match-centre/teams/country=bra/index.html,1-4,"NEW HAVEN - New Haven , USA"
men,1976,5,Friendly,2000010101,Tuesday 01/06/1976,"",52338,19760601,fin,Finland,/world-match-centre/teams/country=fin/index.html,swe,Sweden,/world-match-centre/teams/country=swe/index.html,0-2,"HELSINKI - Helsinki , Finland"
men,1976,6,FIFA World Cup™ Qualifier,40,Sunday 13/06/1976,Group 2,2321,19760613,fin,Finland,/world-match-centre/teams/country=fin/index.html,eng,England,/world-match-centre/teams/country=eng/index.html,1-4,"Olympic Stadium - Helsinki , Finland"
men,1976,6,FIFA World Cup™ Qualifier,40,Wednesday 16/06/1976,Group 6,2446,19760616,swe,Sweden,/world-match-centre/teams/country=swe/index.html,nor,Norway,/world-match-centre/teams/country=nor/index.html,2-0,"Rasunda Stadium - Solna , Sweden"
men,1976,6,Continental Final,3130,Wednesday 16/06/1976,,9409,19760616,tch,Czechoslovakia,/world-match-centre/teams/country=tch/index.html,ned,Netherlands,/world-match-centre/teams/country=ned/index.html,3-1 AET,"ZAGREB - Zagreb , Croatia"
men,1976,6,Continental Final,3130,Thursday 17/06/1976,,9410,19760617,yug,Yugoslavia,/world-match-centre/teams/country=yug/index.html,frg,Germany FR,/world-match-centre/teams/country=frg/index.html,2-4 AET,"BELGRADE - Belgrade , Serbia"
men,1976,6,Continental Final,3130,Saturday 19/06/1976,,9411,19760619,ned,Netherlands,/world-match-centre/teams/country=ned/index.html,yug,Yugoslavia,/world-match-centre/teams/country=yug/index.html,3-2 AET,"ZAGREB - Zagreb , Croatia"
men,1976,6,Continental Final,3130,Sunday 20/06/1976,,9412,19760620,tch,Czechoslovakia,/world-match-centre/teams/country=tch/index.html,frg,Germany FR,/world-match-centre/teams/country=frg/index.html,2-2 (5-3) Win on penalty,"BELGRADE - Belgrade , Serbia"
men,1976,6,Continental Final,236177,Tuesday 01/06/1976,Group 2,41427,19760601,irn,Iran,/world-match-centre/teams/country=irn/index.html,irq,Iraq,/world-match-centre/teams/country=irq/index.html,2-0,"TEHRAN - Tehran , Iran"
men,1976,6,Continental Final,236177,Thursday 03/06/1976,Group 1,41422,19760603,kuw,Kuwait,/world-match-centre/teams/country=kuw/index.html,mas,Malaysia,/world-match-centre/teams/country=mas/index.html,2-0,"TABRIZ - Tabriz , Iran"
men,1976,6,Continental Final,236177,Thursday 03/06/1976,Group 2,41425,19760603,irn,Iran,/world-match-centre/teams/country=irn/index.html,ymd,Yemen PDR,/world-match-centre/teams/country=ymd/index.html,8-0,"TEHRAN - Tehran , Iran"
men,1976,6,Continental Final,236177,Saturday 05/06/1976,Group 1,41423,19760605,kuw,Kuwait,/world-match-centre/teams/country=kuw/index.html,chn,China PR,/world-match-centre/teams/country=chn/index.html,1-0,"TABRIZ - Tabriz , Iran"
men,1976,6,Continental Final,236177,Saturday 05/06/1976,Group 2,41426,19760605,irq,Iraq,/world-match-centre/teams/country=irq/index.html,ymd,Yemen PDR,/world-match-centre/teams/country=ymd/index.html,1-0,"TEHRAN - Tehran , Iran"
men,1976,6,Continental Final,236177,Saturday 05/06/1976,Semifinals,41428,19760605,irn,Iran,/world-match-centre/teams/country=irn/index.html,chn,China PR,/world-match-centre/teams/country=chn/index.html,2-0,"TEHRAN - Tehran , Iran"
men,1976,6,Continental Final,236177,Monday 07/06/1976,Group 1,41424,19760607,chn,China PR,/world-match-centre/teams/country=chn/index.html,mas,Malaysia,/world-match-centre/teams/country=mas/index.html,1-1,"TABRIZ - Tabriz , Iran"
men,1976,6,Continental Final,236177,Thursday 10/06/1976,Semifinals,41429,19760610,kuw,Kuwait,/world-match-centre/teams/country=kuw/index.html,irq,Iraq,/world-match-centre/teams/country=irq/index.html,3-2,"TEHRAN - Tehran , Iran"
men,1976,6,Continental Final,236177,Saturday 12/06/1976,Match for 3rd place,41430,19760612,chn,China PR,/world-match-centre/teams/country=chn/index.html,irq,Iraq,/world-match-centre/teams/country=irq/index.html,1-0,"TEHRAN - Tehran , Iran"
men,1976,6,Continental Final,236177,Sunday 13/06/1976,Final,41431,19760613,irn,Iran,/world-match-centre/teams/country=irn/index.html,kuw,Kuwait,/world-match-centre/teams/country=kuw/index.html,1-0,"TEHRAN - Tehran , Iran"
men,1976,6,Friendly,2000010101,Tuesday 01/06/1976,"",52338,19760601,fin,Finland,/world-match-centre/teams/country=fin/index.html,swe,Sweden,/world-match-centre/teams/country=swe/index.html,0-2,"HELSINKI - Helsinki , Finland"
men,1976,6,Friendly,2000010101,Friday 04/06/1976,"",48841,19760604,mex,Mexico,/world-match-centre/teams/country=mex/index.html,bra,Brazil,/world-match-centre/teams/country=bra/index.html,0-3,"Jalisco - Guadalajara , Mexico"
men,1976,6,Friendly,2000010101,Saturday 05/06/1976,"",48840,19760605,ita,Italy,/world-match-centre/teams/country=ita/index.html,rou,Romania,/world-match-centre/teams/country=rou/index.html,4-2,"San Siro - Milan , Italy"
men,1976,6,Friendly,2000010101,Tuesday 08/06/1976,"",50794,19760608,idn,Indonesia,/world-match-centre/teams/country=idn/index.html,kor,Korea Republic,/world-match-centre/teams/country=kor/index.html,2-2,"JAKARTA - Jakarta , Indonesia"
men,1976,6,Friendly,2000010101,Tuesday 08/06/1976,"",50795,19760608,mya,Burma,/world-match-centre/teams/country=mya/index.html,mas,Malaysia,/world-match-centre/teams/country=mas/index.html,3-1,"JAKARTA - Jakarta , Indonesia"
men,1976,6,Friendly,2000010101,Wednesday 09/06/1976,"",43265,19760609,bra,Brazil,/world-match-centre/teams/country=bra/index.html,par,Paraguay,/world-match-centre/teams/country=par/index.html,3-1,"Estadio do Maracan達 - Rio De Janeiro , Brazil"
men,1976,6,Friendly,2000010101,Wednesday 09/06/1976,"",43266,19760609,uru,Uruguay,/world-match-centre/teams/country=uru/index.html,arg,Argentina,/world-match-centre/teams/country=arg/index.html,0-3,"MONTEVIDEO - Montevideo , Uruguay"
men,1976,6,Friendly,2000010101,Thursday 10/06/1976,"",50792,19760610,idn,Indonesia,/world-match-centre/teams/country=idn/index.html,mas,Malaysia,/world-match-centre/teams/country=mas/index.html,1-2,"JAKARTA - Jakarta , Indonesia"
men,1976,6,Friendly,2000010101,Thursday 10/06/1976,"",50793,19760610,mya,Burma,/world-match-centre/teams/country=mya/index.html,kor,Korea Republic,/world-match-centre/teams/country=kor/index.html,0-0,"JAKARTA - Jakarta , Indonesia"
men,1976,6,Friendly,2000010101,Saturday 12/06/1976,"",48839,19760612,hun,Hungary,/world-match-centre/teams/country=hun/index.html,aut,Austria,/world-match-centre/teams/country=aut/index.html,2-0,"BUDAPEST - Budapest , Bulgaria"
men,1976,6,Friendly,2000010101,Saturday 12/06/1976,"",50790,19760612,mas,Malaysia,/world-match-centre/teams/country=mas/index.html,kor,Korea Republic,/world-match-centre/teams/country=kor/index.html,1-2,"JAKARTA - Jakarta , Indonesia"
men,1976,6,Friendly,2000010101,Saturday 12/06/1976,"",50791,19760612,idn,Indonesia,/world-match-centre/teams/country=idn/index.html,mya,Burma,/world-match-centre/teams/country=mya/index.html,1-1,"JAKARTA - Jakarta , Indonesia"
men,1976,6,Friendly,2000010101,Monday 14/06/1976,"",50796,19760614,mya,Burma,/world-match-centre/teams/country=mya/index.html,kor,Korea Republic,/world-match-centre/teams/country=kor/index.html,0-1,"JAKARTA - Jakarta , Indonesia"
men,1976,6,Friendly,2000010101,Thursday 24/06/1976,"",52337,19760624,nor,Norway,/world-match-centre/teams/country=nor/index.html,den,Denmark,/world-match-centre/teams/country=den/index.html,0-0,"BERGEN - Bergen , Norway"
men,1976,6,Friendly,2000010101,Tuesday 29/06/1976,"",50333,19760629,gab,Gabon,/world-match-centre/teams/country=gab/index.html,cmr,Cameroon,/world-match-centre/teams/country=cmr/index.html,0-0,"LIBREVILLE - Libreville , Gabon"
men,1976,6,Friendly,2000010101,Tuesday 29/06/1976,"",50334,19760629,bdi,Burundi,/world-match-centre/teams/country=bdi/index.html,rwa,Rwanda,/world-match-centre/teams/country=rwa/index.html,6-2,"LIBREVILLE - Libreville , Gabon"
men,1976,6,Friendly,2000010101,Tuesday 29/06/1976,"",50340,19760629,cta,Central African Republic,/world-match-centre/teams/country=cta/index.html,cgo,Congo,/world-match-centre/teams/country=cgo/index.html,1-2,"LIBREVILLE - Libreville , Gabon"
men,1976,7,FIFA World Cup™ Qualifier,47,Sunday 04/07/1976,1st Round,2373,19760704,guy,Guyana,/world-match-centre/teams/country=guy/index.html,sur,Suriname,/world-match-centre/teams/country=sur/index.html,2-0,"GEORGETOWN - Georgetown , Guyana"
men,1976,7,FIFA World Cup™ Qualifier,47,Sunday 11/07/1976,Classification Round,2293,19760711,crc,Costa Rica,/world-match-centre/teams/country=crc/index.html,pan,Panama,/world-match-centre/teams/country=pan/index.html,3-0,"Estadio Ricardo Saprissa Aym叩 - Tibas , Costa Rica"
men,1976,7,FIFA World Cup™ Qualifier,47,Saturday 31/07/1976,1st Round,2189,19760731,ant,Netherlands Antilles,/world-match-centre/teams/country=ant/index.html,hai,Haiti,/world-match-centre/teams/country=hai/index.html,1-2,"Complejo Deportivo Guillermo Prospero Trinidad - Oranjestad , Aruba"
men,1976,7,Olympic Football Tournament Final,197121,Sunday 18/07/1976,Group A,32163,19760718,bra,Brazil,/world-match-centre/teams/country=bra/index.html,gdr,German Democratic Republic,/world-match-centre/teams/country=gdr/index.html,0-0,""
men,1976,7,Olympic Football Tournament Final,197121,Sunday 18/07/1976,Group C,32164,19760718,pol,Poland,/world-match-centre/teams/country=pol/index.html,cub,Cuba,/world-match-centre/teams/country=cub/index.html,0-0,""
men,1976,7,Olympic Football Tournament Final,197121,Monday 19/07/1976,Group B,32167,19760719,fra,France,/world-match-centre/teams/country=fra/index.html,mex,Mexico,/world-match-centre/teams/country=mex/index.html,4-1,""
men,1976,7,Olympic Football Tournament Final,197121,Monday 19/07/1976,Group B,32165,19760719,isr,Israel,/world-match-centre/teams/country=isr/index.html,gua,Guatemala,/world-match-centre/teams/country=gua/index.html,0-0,""
men,1976,7,Olympic Football Tournament Final,197121,Monday 19/07/1976,Group D,32166,19760719,can,Canada,/world-match-centre/teams/country=can/index.html,urs,Soviet Union,/world-match-centre/teams/country=urs/index.html,1-2,""
men,1976,7,Olympic Football Tournament Final,197121,Tuesday 20/07/1976,Group A,32168,19760720,bra,Brazil,/world-match-centre/teams/country=bra/index.html,esp,Spain,/world-match-centre/teams/country=esp/index.html,2-1,""
men,1976,7,Olympic Football Tournament Final,197121,Tuesday 20/07/1976,Group C,32169,19760720,irn,Iran,/world-match-centre/teams/country=irn/index.html,cub,Cuba,/world-match-centre/teams/country=cub/index.html,1-0,""
men,1976,7,Olympic Football Tournament Final,197121,Wednesday 21/07/1976,Group B,32172,19760721,fra,France,/world-match-centre/teams/country=fra/index.html,gua,Guatemala,/world-match-centre/teams/country=gua/index.html,4-1,""
men,1976,7,Olympic Football Tournament Final,197121,Wednesday 21/07/1976,Group B,32171,19760721,mex,Mexico,/world-match-centre/teams/country=mex/index.html,isr,Israel,/world-match-centre/teams/country=isr/index.html,2-2,""
men,1976,7,Olympic Football Tournament Final,197121,Wednesday 21/07/1976,Group D,32170,19760721,prk,Korea DPR,/world-match-centre/teams/country=prk/index.html,can,Canada,/world-match-centre/teams/country=can/index.html,3-1,""
men,1976,7,Olympic Football Tournament Final,197121,Thursday 22/07/1976,Group A,32173,19760722,gdr,German Democratic Republic,/world-match-centre/teams/country=gdr/index.html,esp,Spain,/world-match-centre/teams/country=esp/index.html,1-0,""
men,1976,7,Olympic Football Tournament Final,197121,Thursday 22/07/1976,Group C,32174,19760722,pol,Poland,/world-match-centre/teams/country=pol/index.html,irn,Iran,/world-match-centre/teams/country=irn/index.html,3-2,""
men,1976,7,Olympic Football Tournament Final,197121,Friday 23/07/1976,Group B,32177,19760723,mex,Mexico,/world-match-centre/teams/country=mex/index.html,gua,Guatemala,/world-match-centre/teams/country=gua/index.html,1-1,""
men,1976,7,Olympic Football Tournament Final,197121,Friday 23/07/1976,Group B,32175,19760723,fra,France,/world-match-centre/teams/country=fra/index.html,isr,Israel,/world-match-centre/teams/country=isr/index.html,1-1,""
men,1976,7,Olympic Football Tournament Final,197121,Friday 23/07/1976,Group D,32176,19760723,urs,Soviet Union,/world-match-centre/teams/country=urs/index.html,prk,Korea DPR,/world-match-centre/teams/country=prk/index.html,3-0,""
men,1976,7,Olympic Football Tournament Final,197121,Sunday 25/07/1976,,32180,19760725,gdr,German Democratic Republic,/world-match-centre/teams/country=gdr/index.html,fra,France,/world-match-centre/teams/country=fra/index.html,4-0,""
men,1976,7,Olympic Football Tournament Final,197121,Sunday 25/07/1976,,32181,19760725,urs,Soviet Union,/world-match-centre/teams/country=urs/index.html,irn,Iran,/world-match-centre/teams/country=irn/index.html,2-1,""
men,1976,7,Olympic Football Tournament Final,197121,Sunday 25/07/1976,,32179,19760725,pol,Poland,/world-match-centre/teams/country=pol/index.html,prk,Korea DPR,/world-match-centre/teams/country=prk/index.html,5-0,""
men,1976,7,Olympic Football Tournament Final,197121,Sunday 25/07/1976,,32178,19760725,bra,Brazil,/world-match-centre/teams/country=bra/index.html,isr,Israel,/world-match-centre/teams/country=isr/index.html,4-1,""
men,1976,7,Olympic Football Tournament Final,197121,Tuesday 27/07/1976,,32182,19760727,pol,Poland,/world-match-centre/teams/country=pol/index.html,bra,Brazil,/world-match-centre/teams/country=bra/index.html,2-0,""
men,1976,7,Olympic Football Tournament Final,197121,Tuesday 27/07/1976,,32183,19760727,urs,Soviet Union,/world-match-centre/teams/country=urs/index.html,gdr,German Democratic Republic,/world-match-centre/teams/country=gdr/index.html,1-2,""
men,1976,7,Olympic Football Tournament Final,197121,Thursday 29/07/1976,,32184,19760729,urs,Soviet Union,/world-match-centre/teams/country=urs/index.html,bra,Brazil,/world-match-centre/teams/country=bra/index.html,2-0,""
men,1976,7,Olympic Football Tournament Final,197121,Saturday 31/07/1976,,32185,19760731,gdr,German Democratic Republic,/world-match-centre/teams/country=gdr/index.html,pol,Poland,/world-match-centre/teams/country=pol/index.html,3-1,""
men,1976,7,Friendly,2000010101,Friday 02/07/1976,"",48835,19760702,irn,Iran,/world-match-centre/teams/country=irn/index.html,rou,Romania,/world-match-centre/teams/country=rou/index.html,2-2,"Azadi Stadium - Tehran , Iran"
men,1976,7,Friendly,2000010101,Saturday 03/07/1976,"",48833,19760703,gab,Gabon,/world-match-centre/teams/country=gab/index.html,zai,Zaire,/world-match-centre/teams/country=zai/index.html,1-1,"LIBREVILLE - Libreville , Gabon"
men,1976,7,Friendly,2000010101,Monday 05/07/1976,"",48832,19760705,zai,Zaire,/world-match-centre/teams/country=zai/index.html,cmr,Cameroon,/world-match-centre/teams/country=cmr/index.html,1-2,"LIBREVILLE - Libreville , Gabon"
men,1976,7,Friendly,2000010101,Tuesday 06/07/1976,"",48831,19760706,mwi,Malawi,/world-match-centre/teams/country=mwi/index.html,ken,Kenya,/world-match-centre/teams/country=ken/index.html,1-0,""
men,1976,7,Friendly,2000010101,Wednesday 07/07/1976,"",50331,19760707,rwa,Rwanda,/world-match-centre/teams/country=rwa/index.html,cmr,Cameroon,/world-match-centre/teams/country=cmr/index.html,0-5,"LIBREVILLE - Libreville , Gabon"
men,1976,7,Friendly,2000010101,Wednesday 07/07/1976,"",50332,19760707,gab,Gabon,/world-match-centre/teams/country=gab/index.html,bdi,Burundi,/world-match-centre/teams/country=bdi/index.html,4-1,"LIBREVILLE - Libreville , Gabon"
men,1976,7,Friendly,2000010101,Wednesday 07/07/1976,"",50338,19760707,cta,Central African Republic,/world-match-centre/teams/country=cta/index.html,cha,Chad,/world-match-centre/teams/country=cha/index.html,1-0,"LIBREVILLE - Libreville , Gabon"
men,1976,7,Friendly,2000010101,Thursday 08/07/1976,"",48830,19760708,mwi,Malawi,/world-match-centre/teams/country=mwi/index.html,sle,Sierra Leone,/world-match-centre/teams/country=sle/index.html,4-2,"ZOMBA - Zomba , Malawi"
men,1976,7,Friendly,2000010101,Saturday 10/07/1976,"",50329,19760710,gab,Gabon,/world-match-centre/teams/country=gab/index.html,rwa,Rwanda,/world-match-centre/teams/country=rwa/index.html,3-0,"LIBREVILLE - Libreville , Gabon"
men,1976,7,Friendly,2000010101,Saturday 10/07/1976,"",50330,19760710,bdi,Burundi,/world-match-centre/teams/country=bdi/index.html,cmr,Cameroon,/world-match-centre/teams/country=cmr/index.html,0-5,"LIBREVILLE - Libreville , Gabon"
men,1976,7,Friendly,2000010101,Saturday 10/07/1976,"",50335,19760710,cgo,Congo,/world-match-centre/teams/country=cgo/index.html,cha,Chad,/world-match-centre/teams/country=cha/index.html,4-1,"LIBREVILLE - Libreville , Gabon"
men,1976,7,Friendly,2000010101,Monday 12/07/1976,"",48829,19760712,zai,Zaire,/world-match-centre/teams/country=zai/index.html,bdi,Burundi,/world-match-centre/teams/country=bdi/index.html,1-0,""
men,1976,7,Friendly,2000010101,Monday 12/07/1976,"",50341,19760712,gab,Gabon,/world-match-centre/teams/country=gab/index.html,cgo,Congo,/world-match-centre/teams/country=cgo/index.html,0-1,"LIBREVILLE - Libreville , Gabon"
men,1976,7,Friendly,2000010101,Monday 12/07/1976,"",50342,19760712,cta,Central African Republic,/world-match-centre/teams/country=cta/index.html,cmr,Cameroon,/world-match-centre/teams/country=cmr/index.html,0-3,"LIBREVILLE - Libreville , Gabon"
men,1976,7,Friendly,2000010101,Wednesday 14/07/1976,"",48827,19760714,fin,Finland,/world-match-centre/teams/country=fin/index.html,isl,Iceland,/world-match-centre/teams/country=isl/index.html,1-0,"HELSINKI - Helsinki , Finland"
men,1976,7,Friendly,2000010101,Wednesday 14/07/1976,"",50343,19760714,gab,Gabon,/world-match-centre/teams/country=gab/index.html,cta,Central African Republic,/world-match-centre/teams/country=cta/index.html,3-1,"LIBREVILLE - Libreville , Gabon"
men,1976,7,Friendly,2000010101,Wednesday 14/07/1976,"",50344,19760714,cmr,Cameroon,/world-match-centre/teams/country=cmr/index.html,cgo,Congo,/world-match-centre/teams/country=cgo/index.html,3-2,"LIBREVILLE - Libreville , Gabon"
men,1976,7,Friendly,2000010101,Monday 19/07/1976,"",300299511,19760719,afg,Afghanistan,/world-match-centre/teams/country=afg/index.html,pak,Pakistan,/world-match-centre/teams/country=pak/index.html,1-0,"KABUL - Kabul , Afghanistan"
men,1976,7,Friendly,2000010101,Saturday 24/07/1976,"",300299515,19760724,afg,Afghanistan,/world-match-centre/teams/country=afg/index.html,ind,India,/world-match-centre/teams/country=ind/index.html,1-1,"KABUL - Kabul , Afghanistan"
men,1976,8,FIFA World Cup™ Qualifier,47,Wednesday 11/08/1976,Classification Round,2333,19760811,slv,El Salvador,/world-match-centre/teams/country=slv/index.html,pan,Panama,/world-match-centre/teams/country=pan/index.html,4-1,"Estadio Cuscatlan - San Salvador , El Salvador"
men,1976,8,FIFA World Cup™ Qualifier,47,Saturday 14/08/1976,1st Round,2190,19760814,hai,Haiti,/world-match-centre/teams/country=hai/index.html,ant,Netherlands Antilles,/world-match-centre/teams/country=ant/index.html,7-0,"Stade Sylvio Cator - Port-Au-Prince , Haiti"
men,1976,8,FIFA World Cup™ Qualifier,47,Sunday 15/08/1976,1st Round,2227,19760815,brb,Barbados,/world-match-centre/teams/country=brb/index.html,tri,Trinidad and Tobago,/world-match-centre/teams/country=tri/index.html,2-1,"Waterford National Stadium - Waterford , Barbados"
men,1976,8,FIFA World Cup™ Qualifier,47,Sunday 15/08/1976,1st Round,2296,19760815,jam,Jamaica,/world-match-centre/teams/country=jam/index.html,cub,Cuba,/world-match-centre/teams/country=cub/index.html,1-3,"Independence Park (National Stadium) - Kingston , Jamaica"
men,1976,8,FIFA World Cup™ Qualifier,47,Sunday 29/08/1976,1st Round,2297,19760829,cub,Cuba,/world-match-centre/teams/country=cub/index.html,jam,Jamaica,/world-match-centre/teams/country=jam/index.html,2-0,"HAVANA - Havana , Cuba"
men,1976,8,FIFA World Cup™ Qualifier,47,Sunday 29/08/1976,1st Round,2374,19760829,sur,Suriname,/world-match-centre/teams/country=sur/index.html,guy,Guyana,/world-match-centre/teams/country=guy/index.html,3-0,"National Stadium - Paramaribo , Suriname"
men,1976,8,FIFA World Cup™ Qualifier,47,Tuesday 31/08/1976,1st Round,2228,19760831,tri,Trinidad and Tobago,/world-match-centre/teams/country=tri/index.html,brb,Barbados,/world-match-centre/teams/country=brb/index.html,1-0,"PORT OF SPAIN - Port Of Spain , Trinidad and Tobago"
men,1976,8,Friendly,2000010101,Saturday 07/08/1976,"",51909,19760807,tha,Thailand,/world-match-centre/teams/country=tha/index.html,idn,Indonesia,/world-match-centre/teams/country=idn/index.html,1-0,"Merdeka - Kuala Lumpur , Malaysia"
men,1976,8,Friendly,2000010101,Saturday 07/08/1976,"",51910,19760807,mas,Malaysia,/world-match-centre/teams/country=mas/index.html,mya,Burma,/world-match-centre/teams/country=mya/index.html,3-1,"Merdeka - Kuala Lumpur , Malaysia"
men,1976,8,Friendly,2000010101,Sunday 08/08/1976,"",51907,19760808,mas,Malaysia,/world-match-centre/teams/country=mas/index.html,kor,Korea Republic,/world-match-centre/teams/country=kor/index.html,2-1,"Merdeka - Kuala Lumpur , Malaysia"
men,1976,8,Friendly,2000010101,Sunday 08/08/1976,"",51908,19760808,jpn,Japan,/world-match-centre/teams/country=jpn/index.html,ind,India,/world-match-centre/teams/country=ind/index.html,5-1,"Merdeka - Kuala Lumpur , Malaysia"
men,1976,8,Friendly,2000010101,Monday 09/08/1976,"",51906,19760809,idn,Indonesia,/world-match-centre/teams/country=idn/index.html,mya,Burma,/world-match-centre/teams/country=mya/index.html,1-5,"Merdeka - Kuala Lumpur , Malaysia"
men,1976,8,Friendly,2000010101,Tuesday 10/08/1976,"",51903,19760810,kor,Korea Republic,/world-match-centre/teams/country=kor/index.html,idn,Indonesia,/world-match-centre/teams/country=idn/index.html,2-0,"Merdeka - Kuala Lumpur , Malaysia"
men,1976,8,Friendly,2000010101,Tuesday 10/08/1976,"",51904,19760810,mas,Malaysia,/world-match-centre/teams/country=mas/index.html,ind,India,/world-match-centre/teams/country=ind/index.html,5-1,"Merdeka - Kuala Lumpur , Malaysia"
men,1976,8,Friendly,2000010101,Tuesday 10/08/1976,"",51892,19760810,jpn,Japan,/world-match-centre/teams/country=jpn/index.html,idn,Indonesia,/world-match-centre/teams/country=idn/index.html,6-0,"Merdeka - Kuala Lumpur , Malaysia"
men,1976,8,Friendly,2000010101,Wednesday 11/08/1976,"",48826,19760811,aus,Australia,/world-match-centre/teams/country=aus/index.html,hkg,Hong Kong,/world-match-centre/teams/country=hkg/index.html,0-1,"CANBERRA - Canberra , Australia"
men,1976,8,Friendly,2000010101,Wednesday 11/08/1976,"",52336,19760811,swe,Sweden,/world-match-centre/teams/country=swe/index.html,fin,Finland,/world-match-centre/teams/country=fin/index.html,6-0,"MALMO - Malm旦 , Sweden"
men,1976,8,Friendly,2000010101,Wednesday 11/08/1976,"",51901,19760811,tha,Thailand,/world-match-centre/teams/country=tha/index.html,ind,India,/world-match-centre/teams/country=ind/index.html,6-2,"Merdeka - Kuala Lumpur , Malaysia"
men,1976,8,Friendly,2000010101,Thursday 12/08/1976,"",51899,19760812,mas,Malaysia,/world-match-centre/teams/country=mas/index.html,idn,Indonesia,/world-match-centre/teams/country=idn/index.html,7-1,"Merdeka - Kuala Lumpur , Malaysia"
men,1976,8,Friendly,2000010101,Friday 13/08/1976,"",51897,19760813,tha,Thailand,/world-match-centre/teams/country=tha/index.html,kor,Korea Republic,/world-match-centre/teams/country=kor/index.html,1-2,"Merdeka - Kuala Lumpur , Malaysia"
men,1976,8,Friendly,2000010101,Friday 13/08/1976,"",51898,19760813,ind,India,/world-match-centre/teams/country=ind/index.html,mya,Burma,/world-match-centre/teams/country=mya/index.html,2-2,"Merdeka - Kuala Lumpur , Malaysia"
men,1976,8,Friendly,2000010101,Friday 13/08/1976,"",51902,19760813,jpn,Japan,/world-match-centre/teams/country=jpn/index.html,mya,Burma,/world-match-centre/teams/country=mya/index.html,2-2,"Merdeka - Kuala Lumpur , Malaysia"
men,1976,8,Friendly,2000010101,Saturday 14/08/1976,"",51896,19760814,idn,Indonesia,/world-match-centre/teams/country=idn/index.html,ind,India,/world-match-centre/teams/country=ind/index.html,1-3,"Merdeka - Kuala Lumpur , Malaysia"
men,1976,8,Friendly,2000010101,Sunday 15/08/1976,"",51893,19760815,kor,Korea Republic,/world-match-centre/teams/country=kor/index.html,mya,Burma,/world-match-centre/teams/country=mya/index.html,2-2,"Merdeka - Kuala Lumpur , Malaysia"
men,1976,8,Friendly,2000010101,Sunday 15/08/1976,"",51894,19760815,mas,Malaysia,/world-match-centre/teams/country=mas/index.html,tha,Thailand,/world-match-centre/teams/country=tha/index.html,0-0,"Merdeka - Kuala Lumpur , Malaysia"
men,1976,8,Friendly,2000010101,Monday 16/08/1976,"",51891,19760816,kor,Korea Republic,/world-match-centre/teams/country=kor/index.html,ind,India,/world-match-centre/teams/country=ind/index.html,8-0,"Merdeka - Kuala Lumpur , Malaysia"
men,1976,8,Friendly,2000010101,Monday 16/08/1976,"",51905,19760816,tha,Thailand,/world-match-centre/teams/country=tha/index.html,jpn,Japan,/world-match-centre/teams/country=jpn/index.html,2-2,"Merdeka - Kuala Lumpur , Malaysia"
men,1976,8,Friendly,2000010101,Tuesday 17/08/1976,"",51890,19760817,tha,Thailand,/world-match-centre/teams/country=tha/index.html,mya,Burma,/world-match-centre/teams/country=mya/index.html,0-1,"Merdeka - Kuala Lumpur , Malaysia"
men,1976,8,Friendly,2000010101,Wednesday 18/08/1976,"",48824,19760818,aus,Australia,/world-match-centre/teams/country=aus/index.html,hkg,Hong Kong,/world-match-centre/teams/country=hkg/index.html,2-0,"GOSFORD - Gosford , Australia"
men,1976,8,Friendly,2000010101,Wednesday 18/08/1976,"",48825,19760818,sui,Switzerland,/world-match-centre/teams/country=sui/index.html,bul,Bulgaria,/world-match-centre/teams/country=bul/index.html,2-2,"Swissporarena - Lucerne , Switzerland"
men,1976,8,Friendly,2000010101,Wednesday 18/08/1976,"",51900,19760818,jpn,Japan,/world-match-centre/teams/country=jpn/index.html,kor,Korea Republic,/world-match-centre/teams/country=kor/index.html,0-0,"Merdeka - Kuala Lumpur , Malaysia"
men,1976,8,Friendly,2000010101,Friday 20/08/1976,"",51895,19760820,mas,Malaysia,/world-match-centre/teams/country=mas/index.html,jpn,Japan,/world-match-centre/teams/country=jpn/index.html,2-2,"Merdeka - Kuala Lumpur , Malaysia"
men,1976,8,Friendly,2000010101,Saturday 21/08/1976,"",48823,19760821,isl,Iceland,/world-match-centre/teams/country=isl/index.html,lux,Luxembourg,/world-match-centre/teams/country=lux/index.html,3-1,"REYKJAVIK - Reykjavik , Iceland"
men,1976,8,Friendly,2000010101,Sunday 22/08/1976,"",58124,19760822,mas,Malaysia,/world-match-centre/teams/country=mas/index.html,jpn,Japan,/world-match-centre/teams/country=jpn/index.html,2-0,"Merdeka - Kuala Lumpur , Malaysia"
men,1976,8,Friendly,2000010101,Wednesday 25/08/1976,"",52335,19760825,den,Denmark,/world-match-centre/teams/country=den/index.html,nor,Norway,/world-match-centre/teams/country=nor/index.html,3-0,"VEJLE - Vejle , Denmark"
men,1976,8,Friendly,2000010101,Wednesday 25/08/1976,"",48822,19760825,fin,Finland,/world-match-centre/teams/country=fin/index.html,tur,Turkey,/world-match-centre/teams/country=tur/index.html,2-1,"HELSINKI - Helsinki , Finland"
men,1976,8,Friendly,2000010101,Wednesday 01/09/1976,"",48821,19760901,den,Denmark,/world-match-centre/teams/country=den/index.html,fra,France,/world-match-centre/teams/country=fra/index.html,1-1,"COPENHAGEN - Copenhagen , Denmark"
men,1976,8,Friendly,2000010101,Wednesday 01/09/1976,"",52538,19760901,sin,Singapore,/world-match-centre/teams/country=sin/index.html,ind,India,/world-match-centre/teams/country=ind/index.html,2-1,"SEOUL - Seoul , Korea Republic"
men,1976,8,Friendly,2000010101,Wednesday 01/09/1976,"",52550,19760901,mya,Burma,/world-match-centre/teams/country=mya/index.html,tha,Thailand,/world-match-centre/teams/country=tha/index.html,2-0,"SEOUL - Seoul , Korea Republic"
men,1976,9,FIFA World Cup™ Qualifier,40,Sunday 05/09/1976,Group 4,2232,19760905,isl,Iceland,/world-match-centre/teams/country=isl/index.html,bel,Belgium,/world-match-centre/teams/country=bel/index.html,0-1,"Laugardalsvollur - Reykjavik , Iceland"
men,1976,9,FIFA World Cup™ Qualifier,40,Wednesday 08/09/1976,Group 4,2389,19760908,isl,Iceland,/world-match-centre/teams/country=isl/index.html,ned,Netherlands,/world-match-centre/teams/country=ned/index.html,0-1,"Laugardalsvollur - Reykjavik , Iceland"
men,1976,9,FIFA World Cup™ Qualifier,40,Wednesday 08/09/1976,Group 6,2444,19760908,nor,Norway,/world-match-centre/teams/country=nor/index.html,sui,Switzerland,/world-match-centre/teams/country=sui/index.html,1-0,"Ullevaal Stadium - Oslo , Norway"
men,1976,9,FIFA World Cup™ Qualifier,40,Wednesday 22/09/1976,Group 2,2342,19760922,fin,Finland,/world-match-centre/teams/country=fin/index.html,lux,Luxembourg,/world-match-centre/teams/country=lux/index.html,7-1,"Olympic Stadium - Helsinki , Finland"
men,1976,9,FIFA World Cup™ Qualifier,43,Saturday 04/09/1976,1st Stage,2262,19760904,bfa,Burkina Faso,/world-match-centre/teams/country=bfa/index.html,civ,C担te d'Ivoire,/world-match-centre/teams/country=civ/index.html,1-1,"De Magadougou - Ouagadougou , Burkina Faso"
men,1976,9,FIFA World Cup™ Qualifier,43,Sunday 26/09/1976,1st Stage,2263,19760926,civ,C担te d'Ivoire,/world-match-centre/teams/country=civ/index.html,bfa,Burkina Faso,/world-match-centre/teams/country=bfa/index.html,2-0,"Felix Houphouet-Boigny - Abidjan , C担te d'Ivoire"
men,1976,9,FIFA World Cup™ Qualifier,47,Tuesday 14/09/1976,1st Round - Play-off,2229,19760914,brb,Barbados,/world-match-centre/teams/country=brb/index.html,tri,Trinidad and Tobago,/world-match-centre/teams/country=tri/index.html,1-3,"Waterford National Stadium - Waterford , Barbados"
men,1976,9,FIFA World Cup™ Qualifier,47,Friday 17/09/1976,Classification Round,2366,19760917,pan,Panama,/world-match-centre/teams/country=pan/index.html,gua,Guatemala,/world-match-centre/teams/country=gua/index.html,2-4,"PANAMA CITY - Panama City , Panama"
men,1976,9,FIFA World Cup™ Qualifier,47,Friday 24/09/1976,Classification Round,2273,19760924,can,Canada,/world-match-centre/teams/country=can/index.html,usa,USA,/world-match-centre/teams/country=usa/index.html,1-1,"Empire - Vancouver , Canada"
men,1976,9,FIFA World Cup™ Qualifier,47,Sunday 26/09/1976,Classification Round,2367,19760926,gua,Guatemala,/world-match-centre/teams/country=gua/index.html,pan,Panama,/world-match-centre/teams/country=pan/index.html,7-0,"Mateo Flores - Guatemala City , Guatemala"
men,1976,9,Friendly,2000010101,Wednesday 01/09/1976,"",48821,19760901,den,Denmark,/world-match-centre/teams/country=den/index.html,fra,France,/world-match-centre/teams/country=fra/index.html,1-1,"COPENHAGEN - Copenhagen , Denmark"
men,1976,9,Friendly,2000010101,Wednesday 01/09/1976,"",52538,19760901,sin,Singapore,/world-match-centre/teams/country=sin/index.html,ind,India,/world-match-centre/teams/country=ind/index.html,2-1,"SEOUL - Seoul , Korea Republic"
men,1976,9,Friendly,2000010101,Wednesday 01/09/1976,"",52550,19760901,mya,Burma,/world-match-centre/teams/country=mya/index.html,tha,Thailand,/world-match-centre/teams/country=tha/index.html,2-0,"SEOUL - Seoul , Korea Republic"
men,1976,9,Friendly,2000010101,Wednesday 08/09/1976,"",48817,19760908,swe,Sweden,/world-match-centre/teams/country=swe/index.html,hun,Hungary,/world-match-centre/teams/country=hun/index.html,1-1,"STOCKHOLM - Stockholm , Sweden"
men,1976,9,Friendly,2000010101,Wednesday 08/09/1976,"",48818,19760908,sco,Scotland,/world-match-centre/teams/country=sco/index.html,fin,Finland,/world-match-centre/teams/country=fin/index.html,6-0,"GLASGOW - Glasgow , Scotland"
men,1976,9,Friendly,2000010101,Wednesday 08/09/1976,"",48819,19760908,lby,Libya,/world-match-centre/teams/country=lby/index.html,alg,Algeria,/world-match-centre/teams/country=alg/index.html,0-1,"BENGHAZI - Benghazi , Libya"
men,1976,9,Friendly,2000010101,Wednesday 08/09/1976,"",48820,19760908,eng,England,/world-match-centre/teams/country=eng/index.html,irl,Republic of Ireland,/world-match-centre/teams/country=irl/index.html,1-1,"Wembley Stadium - London , England"
men,1976,9,Friendly,2000010101,Friday 10/09/1976,"",48816,19760910,lby,Libya,/world-match-centre/teams/country=lby/index.html,alg,Algeria,/world-match-centre/teams/country=alg/index.html,1-0,"TRIPOLI - Tripoli , Libya"
men,1976,9,Friendly,2000010101,Saturday 11/09/1976,"",52537,19760911,kor,Korea Republic,/world-match-centre/teams/country=kor/index.html,mas,Malaysia,/world-match-centre/teams/country=mas/index.html,4-4,"SEOUL - Seoul , Korea Republic"
men,1976,9,Friendly,2000010101,Sunday 12/09/1976,"",55696,19760912,ksa,Saudi Arabia,/world-match-centre/teams/country=ksa/index.html,mar,Morocco,/world-match-centre/teams/country=mar/index.html,4-1,"RIYADH - Riyadh , Saudi Arabia"
men,1976,9,Friendly,2000010101,Monday 13/09/1976,"",52535,19760913,kor,Korea Republic,/world-match-centre/teams/country=kor/index.html,ind,India,/world-match-centre/teams/country=ind/index.html,4-0,"SEOUL - Seoul , Korea Republic"
men,1976,9,Friendly,2000010101,Monday 13/09/1976,"",52536,19760913,mas,Malaysia,/world-match-centre/teams/country=mas/index.html,sin,Singapore,/world-match-centre/teams/country=sin/index.html,4-1,"SEOUL - Seoul , Korea Republic"
men,1976,9,Friendly,2000010101,Monday 13/09/1976,"",52545,19760913,nzl,New Zealand,/world-match-centre/teams/country=nzl/index.html,mya,Burma,/world-match-centre/teams/country=mya/index.html,2-0,"SEOUL - Seoul , Korea Republic"
men,1976,9,Friendly,2000010101,Wednesday 15/09/1976,"",55695,19760915,ksa,Saudi Arabia,/world-match-centre/teams/country=ksa/index.html,mar,Morocco,/world-match-centre/teams/country=mar/index.html,2-0,"RIYADH - Riyadh , Saudi Arabia"
men,1976,9,Friendly,2000010101,Friday 17/09/1976,"",52534,19760917,kor,Korea Republic,/world-match-centre/teams/country=kor/index.html,sin,Singapore,/world-match-centre/teams/country=sin/index.html,7-0,"SEOUL - Seoul , Korea Republic"
men,1976,9,Friendly,2000010101,Saturday 18/09/1976,"",52543,19760918,nzl,New Zealand,/world-match-centre/teams/country=nzl/index.html,tha,Thailand,/world-match-centre/teams/country=tha/index.html,3-1,"SEOUL - Seoul , Korea Republic"
men,1976,9,Friendly,2000010101,Sunday 19/09/1976,"",52533,19760919,mas,Malaysia,/world-match-centre/teams/country=mas/index.html,ind,India,/world-match-centre/teams/country=ind/index.html,4-0,"SEOUL - Seoul , Korea Republic"
men,1976,9,Friendly,2000010101,Wednesday 22/09/1976,"",52334,19760922,nor,Norway,/world-match-centre/teams/country=nor/index.html,swe,Sweden,/world-match-centre/teams/country=swe/index.html,3-2,"OSLO - Oslo , Norway"
men,1976,9,Friendly,2000010101,Wednesday 22/09/1976,"",48809,19760922,rou,Romania,/world-match-centre/teams/country=rou/index.html,tch,Czechoslovakia,/world-match-centre/teams/country=tch/index.html,1-1,"BUCHAREST - Bucharest , Romania"
men,1976,9,Friendly,2000010101,Wednesday 22/09/1976,"",48810,19760922,gre,Greece,/world-match-centre/teams/country=gre/index.html,isr,Israel,/world-match-centre/teams/country=isr/index.html,0-1,"PATRAS - Patras , Greece"
men,1976,9,Friendly,2000010101,Wednesday 22/09/1976,"",48811,19760922,gdr,German DR,/world-match-centre/teams/country=gdr/index.html,hun,Hungary,/world-match-centre/teams/country=hun/index.html,1-1,Friedrich-Ludwig-Jahn Sportpark - Berlin East
men,1976,9,Friendly,2000010101,Wednesday 22/09/1976,"",48812,19760922,den,Denmark,/world-match-centre/teams/country=den/index.html,ita,Italy,/world-match-centre/teams/country=ita/index.html,0-1,"COPENHAGEN - Copenhagen , Denmark"
men,1976,9,Friendly,2000010101,Wednesday 22/09/1976,"",48813,19760922,bul,Bulgaria,/world-match-centre/teams/country=bul/index.html,tur,Turkey,/world-match-centre/teams/country=tur/index.html,2-2,"SOFIA - Sofia , Bulgaria"
men,1976,9,Friendly,2000010101,Wednesday 22/09/1976,"",48814,19760922,aut,Austria,/world-match-centre/teams/country=aut/index.html,sui,Switzerland,/world-match-centre/teams/country=sui/index.html,3-1,"Linzer Stadion - Linz , Austria"
men,1976,9,Friendly,2000010101,Thursday 23/09/1976,"",52552,19760923,kor,Korea Republic,/world-match-centre/teams/country=kor/index.html,nzl,New Zealand,/world-match-centre/teams/country=nzl/index.html,2-0,"SEOUL - Seoul , Korea Republic"
men,1976,9,Friendly,2000010101,Saturday 25/09/1976,"",48808,19760925,ita,Italy,/world-match-centre/teams/country=ita/index.html,yug,Yugoslavia,/world-match-centre/teams/country=yug/index.html,3-0,"Stadio Olimpico - Rome , Italy"
men,1976,10,FIFA World Cup™ Qualifier,40,Saturday 09/10/1976,Group 5,2258,19761009,bul,Bulgaria,/world-match-centre/teams/country=bul/index.html,fra,France,/world-match-centre/teams/country=fra/index.html,2-2,"Vasil Levski - Sofia , Bulgaria"
men,1976,10,FIFA World Cup™ Qualifier,40,Saturday 09/10/1976,Group 6,2466,19761009,sui,Switzerland,/world-match-centre/teams/country=sui/index.html,swe,Sweden,/world-match-centre/teams/country=swe/index.html,1-2,"St. Jakob-Park - Basel , Switzerland"
men,1976,10,FIFA World Cup™ Qualifier,40,Saturday 09/10/1976,Group 9,2360,19761009,gre,Greece,/world-match-centre/teams/country=gre/index.html,hun,Hungary,/world-match-centre/teams/country=hun/index.html,1-1,"PIRAEUS - Piraeus , Greece"
men,1976,10,FIFA World Cup™ Qualifier,40,Sunday 10/10/1976,Group 8,2338,19761010,esp,Spain,/world-match-centre/teams/country=esp/index.html,yug,Yugoslavia,/world-match-centre/teams/country=yug/index.html,1-0,"Ramon Sanchez Pizjuan - Seville , Spain"
men,1976,10,FIFA World Cup™ Qualifier,40,Wednesday 13/10/1976,Group 2,2322,19761013,eng,England,/world-match-centre/teams/country=eng/index.html,fin,Finland,/world-match-centre/teams/country=fin/index.html,2-1,"Wembley Stadium - London , England"
men,1976,10,FIFA World Cup™ Qualifier,40,Wednesday 13/10/1976,Group 4,2392,19761013,ned,Netherlands,/world-match-centre/teams/country=ned/index.html,nir,Northern Ireland,/world-match-centre/teams/country=nir/index.html,2-2,"De Kuip - Rotterdam , Netherlands"
men,1976,10,FIFA World Cup™ Qualifier,40,Wednesday 13/10/1976,Group 7,2459,19761013,tch,Czechoslovakia,/world-match-centre/teams/country=tch/index.html,sco,Scotland,/world-match-centre/teams/country=sco/index.html,2-0,Slovan - Prague
men,1976,10,FIFA World Cup™ Qualifier,40,Saturday 16/10/1976,Group 1,2452,19761016,por,Portugal,/world-match-centre/teams/country=por/index.html,pol,Poland,/world-match-centre/teams/country=pol/index.html,0-2,"Estadio Das Antas - Porto , Portugal"
men,1976,10,FIFA World Cup™ Qualifier,40,Saturday 16/10/1976,Group 2,2417,19761016,lux,Luxembourg,/world-match-centre/teams/country=lux/index.html,ita,Italy,/world-match-centre/teams/country=ita/index.html,1-4,"Municipal - Luxembourg , Luxembourg"
men,1976,10,FIFA World Cup™ Qualifier,40,Wednesday 27/10/1976,Group 1,2299,19761027,den,Denmark,/world-match-centre/teams/country=den/index.html,cyp,Cyprus,/world-match-centre/teams/country=cyp/index.html,5-0,"COPENHAGEN - Copenhagen , Denmark"
men,1976,10,FIFA World Cup™ Qualifier,40,Sunday 31/10/1976,Group 1,2300,19761031,pol,Poland,/world-match-centre/teams/country=pol/index.html,cyp,Cyprus,/world-match-centre/teams/country=cyp/index.html,5-0,"WARSAW - Warsaw , Poland"
men,1976,10,FIFA World Cup™ Qualifier,40,Sunday 31/10/1976,Group 3,2436,19761031,tur,Turkey,/world-match-centre/teams/country=tur/index.html,mlt,Malta,/world-match-centre/teams/country=mlt/index.html,4-0,"IZMIR - Izmir , Turkey"
men,1976,10,FIFA World Cup™ Qualifier,43,Sunday 10/10/1976,1st Stage,2357,19761010,gha,Ghana,/world-match-centre/teams/country=gha/index.html,gui,Guinea,/world-match-centre/teams/country=gui/index.html,2-1,"National Sports Council - Accra , Ghana"
men,1976,10,FIFA World Cup™ Qualifier,43,Saturday 16/10/1976,1st Stage,2438,19761016,sle,Sierra Leone,/world-match-centre/teams/country=sle/index.html,nga,Nigeria,/world-match-centre/teams/country=nga/index.html,0-0,"Kington Sports Ground - Freetown , Sierra Leone"
men,1976,10,FIFA World Cup™ Qualifier,43,Sunday 17/10/1976,1st Stage,2463,19761017,tog,Togo,/world-match-centre/teams/country=tog/index.html,sen,Senegal,/world-match-centre/teams/country=sen/index.html,1-0,"Stade General Eyadema - Lome , Togo"
men,1976,10,FIFA World Cup™ Qualifier,43,Sunday 17/10/1976,1st Stage,2278,19761017,cgo,Congo,/world-match-centre/teams/country=cgo/index.html,cmr,Cameroon,/world-match-centre/teams/country=cmr/index.html,2-2,"Stade de la Revolution (National) - Brazzaville , Congo"
men,1976,10,FIFA World Cup™ Qualifier,43,Friday 29/10/1976,1st Stage,2311,19761029,egy,Egypt,/world-match-centre/teams/country=egy/index.html,eth,Ethiopia,/world-match-centre/teams/country=eth/index.html,3-0,"Nasser - Cairo , Egypt"
men,1976,10,FIFA World Cup™ Qualifier,43,Saturday 30/10/1976,1st Stage,2439,19761030,nga,Nigeria,/world-match-centre/teams/country=nga/index.html,sle,Sierra Leone,/world-match-centre/teams/country=sle/index.html,6-2,"Surulere - Lagos , Nigeria"
men,1976,10,FIFA World Cup™ Qualifier,43,Sunday 31/10/1976,1st Stage,2464,19761031,sen,Senegal,/world-match-centre/teams/country=sen/index.html,tog,Togo,/world-match-centre/teams/country=tog/index.html,1-1,"Dempa Diop - Dakar , Senegal"
men,1976,10,FIFA World Cup™ Qualifier,43,Sunday 31/10/1976,1st Stage,2279,19761031,cmr,Cameroon,/world-match-centre/teams/country=cmr/index.html,cgo,Congo,/world-match-centre/teams/country=cgo/index.html,1-2,"Stade Omnisports Ahmadou-Ahidjo - Yaounde , Cameroon"
men,1976,10,FIFA World Cup™ Qualifier,43,Sunday 31/10/1976,1st Stage,2358,19761031,gui,Guinea,/world-match-centre/teams/country=gui/index.html,gha,Ghana,/world-match-centre/teams/country=gha/index.html,2-1,"Stade du 28 septembre - Conakry , Guinea"
men,1976,10,FIFA World Cup™ Qualifier,47,Sunday 03/10/1976,Classification Round,2434,19761003,usa,USA,/world-match-centre/teams/country=usa/index.html,mex,Mexico,/world-match-centre/teams/country=mex/index.html,0-0,"Memorial Coliseum - Los Angeles , USA"
men,1976,10,FIFA World Cup™ Qualifier,47,Sunday 10/10/1976,Classification Round,2269,19761010,can,Canada,/world-match-centre/teams/country=can/index.html,mex,Mexico,/world-match-centre/teams/country=mex/index.html,1-0,"Empire - Vancouver , Canada"
men,1976,10,FIFA World Cup™ Qualifier,47,Friday 15/10/1976,Classification Round,2435,19761015,mex,Mexico,/world-match-centre/teams/country=mex/index.html,usa,USA,/world-match-centre/teams/country=usa/index.html,3-0,"Cuauhtemoc - Puebla , Mexico"
men,1976,10,FIFA World Cup™ Qualifier,47,Wednesday 20/10/1976,Classification Round,2274,19761020,usa,USA,/world-match-centre/teams/country=usa/index.html,can,Canada,/world-match-centre/teams/country=can/index.html,2-0,"SEATTLE - Seattle , USA"
men,1976,10,FIFA World Cup™ Qualifier,47,Wednesday 27/10/1976,Classification Round,2270,19761027,mex,Mexico,/world-match-centre/teams/country=mex/index.html,can,Canada,/world-match-centre/teams/country=can/index.html,0-0,"Bombonera - Estadio Nemesio Diez - Toluca , Mexico"
men,1976,10,Continental Qualifier,236486,Sunday 24/10/1976,Preliminary Stage,42269,19761024,mwi,Malawi,/world-match-centre/teams/country=mwi/index.html,mri,Mauritius,/world-match-centre/teams/country=mri/index.html,1-1,"LILONGWE - Lilongwe , Malawi"
men,1976,10,Friendly,2000010101,Wednesday 06/10/1976,"",48804,19761006,wal,Wales,/world-match-centre/teams/country=wal/index.html,frg,Germany FR,/world-match-centre/teams/country=frg/index.html,0-2,"CARDIFF - Cardiff , Wales"
men,1976,10,Friendly,2000010101,Wednesday 06/10/1976,"",48805,19761006,tch,Czechoslovakia,/world-match-centre/teams/country=tch/index.html,rou,Romania,/world-match-centre/teams/country=rou/index.html,3-2,PRAGUE - Prague
men,1976,10,Friendly,2000010101,Wednesday 06/10/1976,"",48806,19761006,chi,Chile,/world-match-centre/teams/country=chi/index.html,uru,Uruguay,/world-match-centre/teams/country=uru/index.html,0-0,"SANTIAGO DE CHILE - Santiago De Chile , Chile"
men,1976,10,Friendly,2000010101,Thursday 07/10/1976,"",43614,19761007,syr,Syria,/world-match-centre/teams/country=syr/index.html,jor,Jordan,/world-match-centre/teams/country=jor/index.html,1-0,"DAMASCUS - Damascus , Syria"
men,1976,10,Friendly,2000010101,Friday 08/10/1976,"",43616,19761008,ksa,Saudi Arabia,/world-match-centre/teams/country=ksa/index.html,mtn,Mauritania,/world-match-centre/teams/country=mtn/index.html,4-1,"Al-Abbasiyin - Damascus , Syria"
men,1976,10,Friendly,2000010101,Sunday 10/10/1976,"",43617,19761010,jor,Jordan,/world-match-centre/teams/country=jor/index.html,mtn,Mauritania,/world-match-centre/teams/country=mtn/index.html,2-1,"DAMASCUS - Damascus , Syria"
men,1976,10,Friendly,2000010101,Sunday 10/10/1976,"",43618,19761010,mar,Morocco,/world-match-centre/teams/country=mar/index.html,ksa,Saudi Arabia,/world-match-centre/teams/country=ksa/index.html,0-0,"Al-Abbasiyin - Damascus , Syria"
men,1976,10,Friendly,2000010101,Sunday 10/10/1976,"",43619,19761010,syr,Syria,/world-match-centre/teams/country=syr/index.html,ymd,Yemen PDR,/world-match-centre/teams/country=ymd/index.html,1-2,"DAMASCUS - Damascus , Syria"
men,1976,10,Friendly,2000010101,Sunday 10/10/1976,"",48803,19761010,alb,Albania,/world-match-centre/teams/country=alb/index.html,alg,Algeria,/world-match-centre/teams/country=alg/index.html,3-0,"TIRANA - Tirana , Albania"
men,1976,10,Friendly,2000010101,Tuesday 12/10/1976,"",48802,19761012,per,Peru,/world-match-centre/teams/country=per/index.html,uru,Uruguay,/world-match-centre/teams/country=uru/index.html,0-0,"LIMA - Lima , Peru"
men,1976,10,Friendly,2000010101,Tuesday 12/10/1976,"",300299514,19761012,pak,Pakistan,/world-match-centre/teams/country=pak/index.html,afg,Afghanistan,/world-match-centre/teams/country=afg/index.html,1-0,"KARACHI - Karachi , Pakistan"
men,1976,10,Friendly,2000010101,Tuesday 12/10/1976,"",43620,19761012,mar,Morocco,/world-match-centre/teams/country=mar/index.html,jor,Jordan,/world-match-centre/teams/country=jor/index.html,3-0,"DAMASCUS - Damascus , Syria"
men,1976,10,Friendly,2000010101,Tuesday 12/10/1976,"",43622,19761012,ymd,Yemen PDR,/world-match-centre/teams/country=ymd/index.html,mtn,Mauritania,/world-match-centre/teams/country=mtn/index.html,2-0,"DAMASCUS - Damascus , Syria"
men,1976,10,Friendly,2000010101,Wednesday 13/10/1976,"",48799,19761013,tur,Turkey,/world-match-centre/teams/country=tur/index.html,irl,Republic of Ireland,/world-match-centre/teams/country=irl/index.html,3-3,"ANKARA - Ankara , Turkey"
men,1976,10,Friendly,2000010101,Wednesday 13/10/1976,"",48800,19761013,aut,Austria,/world-match-centre/teams/country=aut/index.html,hun,Hungary,/world-match-centre/teams/country=hun/index.html,2-4,"VIENNA - Vienna , Austria"
men,1976,10,Friendly,2000010101,Wednesday 13/10/1976,"",48801,19761013,arg,Argentina,/world-match-centre/teams/country=arg/index.html,chi,Chile,/world-match-centre/teams/country=chi/index.html,2-0,"BUENOS AIRES - Buenos Aires , Argentina"
men,1976,10,Friendly,2000010101,Thursday 14/10/1976,"",43623,19761014,mar,Morocco,/world-match-centre/teams/country=mar/index.html,ymd,Yemen PDR,/world-match-centre/teams/country=ymd/index.html,4-0,"DAMASCUS - Damascus , Syria"
men,1976,10,Friendly,2000010101,Thursday 14/10/1976,"",43625,19761014,syr,Syria,/world-match-centre/teams/country=syr/index.html,mtn,Mauritania,/world-match-centre/teams/country=mtn/index.html,2-0,"DAMASCUS - Damascus , Syria"
men,1976,10,Friendly,2000010101,Friday 15/10/1976,"",48798,19761015,col,Colombia,/world-match-centre/teams/country=col/index.html,uru,Uruguay,/world-match-centre/teams/country=uru/index.html,1-2,"BOGOTA - Bogota , Colombia"
men,1976,10,Friendly,2000010101,Saturday 16/10/1976,"",43626,19761016,mar,Morocco,/world-match-centre/teams/country=mar/index.html,mtn,Mauritania,/world-match-centre/teams/country=mtn/index.html,2-0,"DAMASCUS - Damascus , Syria"
men,1976,10,Friendly,2000010101,Saturday 16/10/1976,"",43627,19761016,ymd,Yemen PDR,/world-match-centre/teams/country=ymd/index.html,ksa,Saudi Arabia,/world-match-centre/teams/country=ksa/index.html,1-0,"Al-Abbasiyin - Damascus , Syria"
men,1976,10,Friendly,2000010101,Monday 18/10/1976,"",43629,19761018,jor,Jordan,/world-match-centre/teams/country=jor/index.html,ksa,Saudi Arabia,/world-match-centre/teams/country=ksa/index.html,1-0,"Al-Abbasiyin - Damascus , Syria"
men,1976,10,Friendly,2000010101,Monday 18/10/1976,"",43631,19761018,syr,Syria,/world-match-centre/teams/country=syr/index.html,mar,Morocco,/world-match-centre/teams/country=mar/index.html,0-0,"DAMASCUS - Damascus , Syria"
men,1976,10,Friendly,2000010101,Wednesday 20/10/1976,"",43632,19761020,jor,Jordan,/world-match-centre/teams/country=jor/index.html,ymd,Yemen PDR,/world-match-centre/teams/country=ymd/index.html,3-2,"DAMASCUS - Damascus , Syria"
men,1976,10,Friendly,2000010101,Wednesday 20/10/1976,"",48796,19761020,idn,Indonesia,/world-match-centre/teams/country=idn/index.html,aus,Australia,/world-match-centre/teams/country=aus/index.html,1-1,"JAKARTA - Jakarta , Indonesia"
men,1976,10,Friendly,2000010101,Wednesday 20/10/1976,"",48797,19761020,ecu,Ecuador,/world-match-centre/teams/country=ecu/index.html,uru,Uruguay,/world-match-centre/teams/country=uru/index.html,2-2,"QUITO - Quito , Ecuador"
men,1976,10,Friendly,2000010101,Thursday 21/10/1976,"",43634,19761021,syr,Syria,/world-match-centre/teams/country=syr/index.html,ksa,Saudi Arabia,/world-match-centre/teams/country=ksa/index.html,0-2,"Al-Abbasiyin - Damascus , Syria"
men,1976,10,Friendly,2000010101,Friday 22/10/1976,"",48795,19761022,sin,Singapore,/world-match-centre/teams/country=sin/index.html,aus,Australia,/world-match-centre/teams/country=aus/index.html,0-1,"SINGAPORE - Singapore , Singapore"
men,1976,10,Friendly,2000010101,Sunday 24/10/1976,"",48794,19761024,hkg,Hong Kong,/world-match-centre/teams/country=hkg/index.html,aus,Australia,/world-match-centre/teams/country=aus/index.html,0-2,"HONG KONG - Hong Kong , Hong Kong"
men,1976,10,Friendly,2000010101,Wednesday 27/10/1976,"",48775,19761027,bul,Bulgaria,/world-match-centre/teams/country=bul/index.html,gdr,German DR,/world-match-centre/teams/country=gdr/index.html,0-4,"Hadzhji Dimitar - Sliven , Bulgaria"
men,1976,10,Friendly,2000010101,Thursday 28/10/1976,"",48774,19761028,per,Peru,/world-match-centre/teams/country=per/index.html,arg,Argentina,/world-match-centre/teams/country=arg/index.html,1-3,"LIMA - Lima , Peru"
men,1976,10,Friendly,2000010101,Monday 01/11/1976,"",48772,19761101,alg,Algeria,/world-match-centre/teams/country=alg/index.html,lby,Libya,/world-match-centre/teams/country=lby/index.html,2-0,"ALGIERS - Algiers , Algeria"
men,1976,11,FIFA World Cup™ Qualifier,40,Wednesday 10/11/1976,Group 4,2234,19761110,bel,Belgium,/world-match-centre/teams/country=bel/index.html,nir,Northern Ireland,/world-match-centre/teams/country=nir/index.html,2-0,"Royal Standard - Liege , Belgium"
men,1976,11,FIFA World Cup™ Qualifier,40,Wednesday 17/11/1976,Group 1,2306,19761117,por,Portugal,/world-match-centre/teams/country=por/index.html,den,Denmark,/world-match-centre/teams/country=den/index.html,1-0,"Estadio da Luz - Lisbon , Portugal"
men,1976,11,FIFA World Cup™ Qualifier,40,Wednesday 17/11/1976,Group 2,2323,19761117,ita,Italy,/world-match-centre/teams/country=ita/index.html,eng,England,/world-match-centre/teams/country=eng/index.html,2-0,"Stadio Olimpico - Rome , Italy"
men,1976,11,FIFA World Cup™ Qualifier,40,Wednesday 17/11/1976,Group 3,2355,19761117,gdr,German DR,/world-match-centre/teams/country=gdr/index.html,tur,Turkey,/world-match-centre/teams/country=tur/index.html,1-1,Heinz-Steyer - Dresden
men,1976,11,FIFA World Cup™ Qualifier,40,Wednesday 17/11/1976,Group 5,2345,19761117,fra,France,/world-match-centre/teams/country=fra/index.html,irl,Republic of Ireland,/world-match-centre/teams/country=irl/index.html,2-0,"Parc des Princes - Paris , France"
men,1976,11,FIFA World Cup™ Qualifier,40,Wednesday 17/11/1976,Group 7,2461,19761117,sco,Scotland,/world-match-centre/teams/country=sco/index.html,wal,Wales,/world-match-centre/teams/country=wal/index.html,1-0,"Hampden Park - Glasgow , Scotland"
men,1976,11,FIFA World Cup™ Qualifier,43,Sunday 14/11/1976,1st Stage,2312,19761114,eth,Ethiopia,/world-match-centre/teams/country=eth/index.html,egy,Egypt,/world-match-centre/teams/country=egy/index.html,1-2,"Haile Selassie - Addis Ababa , Ethiopia"
men,1976,11,FIFA World Cup™ Qualifier,44,Friday 12/11/1976,Group 3,2457,19761112,ksa,Saudi Arabia,/world-match-centre/teams/country=ksa/index.html,syr,Syria,/world-match-centre/teams/country=syr/index.html,2-0,"Youth Welfare - Jeddah , Saudi Arabia"
men,1976,11,FIFA World Cup™ Qualifier,44,Friday 26/11/1976,Group 3,2458,19761126,syr,Syria,/world-match-centre/teams/country=syr/index.html,ksa,Saudi Arabia,/world-match-centre/teams/country=ksa/index.html,2-1,"Al-Abbasiyin - Damascus , Syria"
men,1976,11,FIFA World Cup™ Qualifier,47,Sunday 14/11/1976,2nd Round,2468,19761114,sur,Suriname,/world-match-centre/teams/country=sur/index.html,tri,Trinidad and Tobago,/world-match-centre/teams/country=tri/index.html,1-1,"National Stadium - Paramaribo , Suriname"
men,1976,11,FIFA World Cup™ Qualifier,47,Sunday 28/11/1976,2nd Round,2469,19761128,tri,Trinidad and Tobago,/world-match-centre/teams/country=tri/index.html,sur,Suriname,/world-match-centre/teams/country=sur/index.html,2-2,"PORT OF SPAIN - Port Of Spain , Trinidad and Tobago"
men,1976,11,FIFA World Cup™ Qualifier,47,Sunday 28/11/1976,2nd Round,21365,19761128,cub,Cuba,/world-match-centre/teams/country=cub/index.html,hai,Haiti,/world-match-centre/teams/country=hai/index.html,1-1,"HAVANA - Havana , Cuba"
men,1976,11,Friendly,2000010101,Monday 01/11/1976,"",48772,19761101,alg,Algeria,/world-match-centre/teams/country=alg/index.html,lby,Libya,/world-match-centre/teams/country=lby/index.html,2-0,"ALGIERS - Algiers , Algeria"
men,1976,11,Friendly,2000010101,Wednesday 03/11/1976,"",48771,19761103,isr,Israel,/world-match-centre/teams/country=isr/index.html,aus,Australia,/world-match-centre/teams/country=aus/index.html,1-1,"Ramat-Gan (National Stadium) - , Israel"
men,1976,11,Friendly,2000010101,Saturday 06/11/1976,"",50210,19761106,uga,Uganda,/world-match-centre/teams/country=uga/index.html,som,Somalia,/world-match-centre/teams/country=som/index.html,2-0,"KAMPALA - Kampala , Uganda"
men,1976,11,Friendly,2000010101,Saturday 06/11/1976,"",50213,19761106,ken,Kenya,/world-match-centre/teams/country=ken/index.html,tan,Tanzania,/world-match-centre/teams/country=tan/index.html,1-1,"NAIROBI - Nairobi , Kenya"
men,1976,11,Friendly,2000010101,Sunday 07/11/1976,"",50212,19761107,tan,Tanzania,/world-match-centre/teams/country=tan/index.html,mwi,Malawi,/world-match-centre/teams/country=mwi/index.html,1-1,"Amaan - Zanzibar , Tanzania"
men,1976,11,Friendly,2000010101,Monday 08/11/1976,"",50208,19761108,zam,Zambia,/world-match-centre/teams/country=zam/index.html,som,Somalia,/world-match-centre/teams/country=som/index.html,4-2,"Amaan - Zanzibar , Tanzania"
men,1976,11,Friendly,2000010101,Tuesday 09/11/1976,"",50211,19761109,mwi,Malawi,/world-match-centre/teams/country=mwi/index.html,ken,Kenya,/world-match-centre/teams/country=ken/index.html,2-2,"Amaan - Zanzibar , Tanzania"
men,1976,11,Friendly,2000010101,Wednesday 10/11/1976,"",48767,19761110,hai,Haiti,/world-match-centre/teams/country=hai/index.html,usa,USA,/world-match-centre/teams/country=usa/index.html,0-0,"Stade Sylvio Cator - Port-Au-Prince , Haiti"
men,1976,11,Friendly,2000010101,Wednesday 10/11/1976,"",48768,19761110,gre,Greece,/world-match-centre/teams/country=gre/index.html,aut,Austria,/world-match-centre/teams/country=aut/index.html,0-3,"KAVALA - Kavala , Greece"
men,1976,11,Friendly,2000010101,Wednesday 10/11/1976,"",48769,19761110,arg,Argentina,/world-match-centre/teams/country=arg/index.html,per,Peru,/world-match-centre/teams/country=per/index.html,1-0,"BUENOS AIRES - Buenos Aires , Argentina"
men,1976,11,Friendly,2000010101,Thursday 11/11/1976,"",50206,19761111,uga,Uganda,/world-match-centre/teams/country=uga/index.html,zam,Zambia,/world-match-centre/teams/country=zam/index.html,2-3,"Amaan - Zanzibar , Tanzania"
men,1976,11,Friendly,2000010101,Friday 12/11/1976,"",48766,19761112,hai,Haiti,/world-match-centre/teams/country=hai/index.html,usa,USA,/world-match-centre/teams/country=usa/index.html,0-0,"Stade Sylvio Cator - Port-Au-Prince , Haiti"
men,1976,11,Friendly,2000010101,Friday 12/11/1976,"",50214,19761112,zam,Zambia,/world-match-centre/teams/country=zam/index.html,ken,Kenya,/world-match-centre/teams/country=ken/index.html,2-0,"Amaan - Zanzibar , Tanzania"
men,1976,11,Friendly,2000010101,Friday 12/11/1976,"",50215,19761112,uga,Uganda,/world-match-centre/teams/country=uga/index.html,mwi,Malawi,/world-match-centre/teams/country=mwi/index.html,2-1,"Amaan - Zanzibar , Tanzania"
men,1976,11,Friendly,2000010101,Sunday 14/11/1976,"",48765,19761114,hai,Haiti,/world-match-centre/teams/country=hai/index.html,usa,USA,/world-match-centre/teams/country=usa/index.html,0-0,"Stade Sylvio Cator - Port-Au-Prince , Haiti"
men,1976,11,Friendly,2000010101,Sunday 14/11/1976,"",50216,19761114,uga,Uganda,/world-match-centre/teams/country=uga/index.html,zam,Zambia,/world-match-centre/teams/country=zam/index.html,2-0,"Amaan - Zanzibar , Tanzania"
men,1976,11,Friendly,2000010101,Wednesday 17/11/1976,"",48764,19761117,frg,Germany FR,/world-match-centre/teams/country=frg/index.html,tch,Czechoslovakia,/world-match-centre/teams/country=tch/index.html,2-0,HANOVER - Hanover
men,1976,11,Friendly,2000010101,Wednesday 24/11/1976,"",48761,19761124,uru,Uruguay,/world-match-centre/teams/country=uru/index.html,per,Peru,/world-match-centre/teams/country=per/index.html,0-0,"MONTEVIDEO - Montevideo , Uruguay"
men,1976,11,Friendly,2000010101,Wednesday 24/11/1976,"",48762,19761124,mlt,Malta,/world-match-centre/teams/country=mlt/index.html,tun,Tunisia,/world-match-centre/teams/country=tun/index.html,1-1,"Empire - Gzira , Malta"
men,1976,11,Friendly,2000010101,Wednesday 24/11/1976,"",48763,19761124,mli,Mali,/world-match-centre/teams/country=mli/index.html,upper-volta-1895300,Upper Volta,/world-match-centre/clubs/club=upper-volta-1895300/index.html,2-1,""
men,1976,11,Friendly,2000010101,Sunday 28/11/1976,"",43297,19761128,rou,Romania,/world-match-centre/teams/country=rou/index.html,bul,Bulgaria,/world-match-centre/teams/country=bul/index.html,3-2,"BUCHAREST - Bucharest , Romania"
men,1976,12,FIFA World Cup™ Qualifier,40,Sunday 05/12/1976,Group 1,2302,19761205,cyp,Cyprus,/world-match-centre/teams/country=cyp/index.html,por,Portugal,/world-match-centre/teams/country=por/index.html,1-2,"Tsirion Athletic Centre - Limassol , Cyprus"
men,1976,12,FIFA World Cup™ Qualifier,40,Sunday 05/12/1976,Group 3,2222,19761205,mlt,Malta,/world-match-centre/teams/country=mlt/index.html,aut,Austria,/world-match-centre/teams/country=aut/index.html,0-1,"Ta'Qali National Stadium - Ta'Qali , Malta"
men,1976,12,FIFA World Cup™ Qualifier,43,Sunday 12/12/1976,1st Stage,2427,19761212,mar,Morocco,/world-match-centre/teams/country=mar/index.html,tun,Tunisia,/world-match-centre/teams/country=tun/index.html,1-1,"CASABLANCA - Casablanca , Morocco"
men,1976,12,FIFA World Cup™ Qualifier,47,Wednesday 01/12/1976,Classification Round,2288,19761201,slv,El Salvador,/world-match-centre/teams/country=slv/index.html,crc,Costa Rica,/world-match-centre/teams/country=crc/index.html,1-1,"Estadio Cuscatlan - San Salvador , El Salvador"
men,1976,12,FIFA World Cup™ Qualifier,47,Sunday 05/12/1976,Classification Round,2290,19761205,crc,Costa Rica,/world-match-centre/teams/country=crc/index.html,gua,Guatemala,/world-match-centre/teams/country=gua/index.html,0-0,"Estadio Nacional de Costa Rica - San Jose , Costa Rica"
men,1976,12,FIFA World Cup™ Qualifier,47,Wednesday 08/12/1976,Classification Round,2327,19761208,gua,Guatemala,/world-match-centre/teams/country=gua/index.html,slv,El Salvador,/world-match-centre/teams/country=slv/index.html,3-1,"Mateo Flores - Guatemala City , Guatemala"
men,1976,12,FIFA World Cup™ Qualifier,47,Saturday 11/12/1976,2nd Round,2294,19761211,hai,Haiti,/world-match-centre/teams/country=hai/index.html,cub,Cuba,/world-match-centre/teams/country=cub/index.html,1-1,"Stade Sylvio Cator - Port-Au-Prince , Haiti"
men,1976,12,FIFA World Cup™ Qualifier,47,Sunday 12/12/1976,Classification Round,2291,19761212,gua,Guatemala,/world-match-centre/teams/country=gua/index.html,crc,Costa Rica,/world-match-centre/teams/country=crc/index.html,1-1,"Mateo Flores - Guatemala City , Guatemala"
men,1976,12,FIFA World Cup™ Qualifier,47,Wednesday 15/12/1976,Classification Round,2289,19761215,crc,Costa Rica,/world-match-centre/teams/country=crc/index.html,slv,El Salvador,/world-match-centre/teams/country=slv/index.html,1-1,"Estadio Nacional de Costa Rica - San Jose , Costa Rica"
men,1976,12,FIFA World Cup™ Qualifier,47,Saturday 18/12/1976,2nd Round - Play-off,8071,19761218,sur,Suriname,/world-match-centre/teams/country=sur/index.html,tri,Trinidad and Tobago,/world-match-centre/teams/country=tri/index.html,3-2 AET,"Baduel - Cayenne , France"
men,1976,12,FIFA World Cup™ Qualifier,47,Sunday 19/12/1976,Classification Round,2328,19761219,slv,El Salvador,/world-match-centre/teams/country=slv/index.html,gua,Guatemala,/world-match-centre/teams/country=gua/index.html,2-0,"Estadio Cuscatlan - San Salvador , El Salvador"
men,1976,12,FIFA World Cup™ Qualifier,47,Wednesday 22/12/1976,Play-off,2275,19761222,can,Canada,/world-match-centre/teams/country=can/index.html,usa,USA,/world-match-centre/teams/country=usa/index.html,3-0,"Stade Sylvio Cator - Port-Au-Prince , Haiti"
men,1976,12,FIFA World Cup™ Qualifier,47,Wednesday 29/12/1976,2nd Round - Play-off,2295,19761229,cub,Cuba,/world-match-centre/teams/country=cub/index.html,hai,Haiti,/world-match-centre/teams/country=hai/index.html,0-2,"PANAMA CITY - Panama City , Panama"
men,1976,12,Friendly,2000010101,Saturday 04/12/1976,"",48770,19761204,jpn,Japan,/world-match-centre/teams/country=jpn/index.html,kor,Korea Republic,/world-match-centre/teams/country=kor/index.html,1-2,"TOKYO - Tokyo , Japan"
men,1976,12,Friendly,2000010101,Wednesday 15/12/1976,"",48760,19761215,isr,Israel,/world-match-centre/teams/country=isr/index.html,aut,Austria,/world-match-centre/teams/country=aut/index.html,1-3,"TEL AVIV - Tel Aviv , Israel"
men,1976,12,Friendly,2000010101,Wednesday 15/12/1976,"",51132,19761215,tha,Thailand,/world-match-centre/teams/country=tha/index.html,kor,Korea Republic,/world-match-centre/teams/country=kor/index.html,2-1,"BANGKOK - Bangkok , Thailand"
men,1976,12,Friendly,2000010101,Thursday 16/12/1976,"",51135,19761216,tha,Thailand,/world-match-centre/teams/country=tha/index.html,mas,Malaysia,/world-match-centre/teams/country=mas/index.html,0-1,"BANGKOK - Bangkok , Thailand"
men,1976,12,Friendly,2000010101,Friday 17/12/1976,"",51131,19761217,kor,Korea Republic,/world-match-centre/teams/country=kor/index.html,sin,Singapore,/world-match-centre/teams/country=sin/index.html,4-0,"BANGKOK - Bangkok , Thailand"
men,1976,12,Friendly,2000010101,Saturday 18/12/1976,"",51134,19761218,mas,Malaysia,/world-match-centre/teams/country=mas/index.html,ban,Bangladesh,/world-match-centre/teams/country=ban/index.html,6-0,"BANGKOK - Bangkok , Thailand"
men,1976,12,Friendly,2000010101,Sunday 19/12/1976,"",51130,19761219,tha,Thailand,/world-match-centre/teams/country=tha/index.html,sin,Singapore,/world-match-centre/teams/country=sin/index.html,6-0,"BANGKOK - Bangkok , Thailand"
men,1976,12,Friendly,2000010101,Monday 20/12/1976,"",51133,19761220,tha,Thailand,/world-match-centre/teams/country=tha/index.html,ban,Bangladesh,/world-match-centre/teams/country=ban/index.html,2-0,"BANGKOK - Bangkok , Thailand"
men,1976,12,Friendly,2000010101,Wednesday 22/12/1976,"",48759,19761222,por,Portugal,/world-match-centre/teams/country=por/index.html,ita,Italy,/world-match-centre/teams/country=ita/index.html,2-1,"LISBON - Lisbon , Portugal"
men,1976,12,Friendly,2000010101,Wednesday 22/12/1976,"",51137,19761222,mas,Malaysia,/world-match-centre/teams/country=mas/index.html,kor,Korea Republic,/world-match-centre/teams/country=kor/index.html,1-1 (4-3) Win on penalty,"BANGKOK - Bangkok , Thailand"
men,1976,12,Friendly,2000010101,Saturday 25/12/1976,"",51138,19761225,tha,Thailand,/world-match-centre/teams/country=tha/index.html,kor,Korea Republic,/world-match-centre/teams/country=kor/index.html,1-3,"BANGKOK - Bangkok , Thailand"
men,1976,12,Friendly,2000010101,Saturday 25/12/1976,"",51139,19761225,tha,Thailand,/world-match-centre/teams/country=tha/index.html,mas,Malaysia,/world-match-centre/teams/country=mas/index.html,1-1,"BANGKOK - Bangkok , Thailand"
