men,1978,1,Friendly,2000010101,Sunday 01/01/1978,"",51156,19780101,tha,Thailand,/world-match-centre/teams/country=tha/index.html,mas,Malaysia,/world-match-centre/teams/country=mas/index.html,1-2,"BANGKOK - Bangkok , Thailand"
men,1978,1,Friendly,2000010101,Sunday 01/01/1978,"",51157,19780101,sin,Singapore,/world-match-centre/teams/country=sin/index.html,mas,Malaysia,/world-match-centre/teams/country=mas/index.html,1-0,"BANGKOK - Bangkok , Thailand"
men,1978,1,Friendly,2000010101,Sunday 01/01/1978,"",51158,19780101,mas,Malaysia,/world-match-centre/teams/country=mas/index.html,kor,Korea Republic,/world-match-centre/teams/country=kor/index.html,3-0,"BANGKOK - Bangkok , Thailand"
men,1978,1,Friendly,2000010101,Sunday 01/01/1978,"",51159,19780101,mas,Malaysia,/world-match-centre/teams/country=mas/index.html,sin,Singapore,/world-match-centre/teams/country=sin/index.html,3-2,"BANGKOK - Bangkok , Thailand"
men,1978,1,Friendly,2000010101,Wednesday 11/01/1978,"",49110,19780111,cyp,Cyprus,/world-match-centre/teams/country=cyp/index.html,gre,Greece,/world-match-centre/teams/country=gre/index.html,0-2,"NICOSIA - Nicosia , Cyprus"
men,1978,1,Friendly,2000010101,Friday 13/01/1978,"",42990,19780113,lby,Libya,/world-match-centre/teams/country=lby/index.html,tun,Tunisia,/world-match-centre/teams/country=tun/index.html,0-0,"TRIPOLI - Tripoli , Libya"
men,1978,1,Friendly,2000010101,Saturday 14/01/1978,"",42991,19780114,nga,Nigeria,/world-match-centre/teams/country=nga/index.html,ben,Benin,/world-match-centre/teams/country=ben/index.html,7-0,"LAGOS - Lagos , Nigeria"
men,1978,1,Friendly,2000010101,Tuesday 17/01/1978,"",42992,19780117,nga,Nigeria,/world-match-centre/teams/country=nga/index.html,ben,Benin,/world-match-centre/teams/country=ben/index.html,2-0,"LAGOS - Lagos , Nigeria"
men,1978,1,Friendly,2000010101,Tuesday 24/01/1978,"",42993,19780124,mwi,Malawi,/world-match-centre/teams/country=mwi/index.html,mri,Mauritius,/world-match-centre/teams/country=mri/index.html,2-1,"PORT LOUIS - Port Louis , Mauritius"
men,1978,1,Friendly,2000010101,Wednesday 25/01/1978,"",42994,19780125,tun,Tunisia,/world-match-centre/teams/country=tun/index.html,lby,Libya,/world-match-centre/teams/country=lby/index.html,2-1,"TUNIS - Tunis , Tunisia"
men,1978,1,Friendly,2000010101,Wednesday 25/01/1978,"",49109,19780125,esp,Spain,/world-match-centre/teams/country=esp/index.html,ita,Italy,/world-match-centre/teams/country=ita/index.html,2-1,"Santiago Bernabeu - Madrid , Spain"
men,1978,2,Friendly,2000010101,Wednesday 08/02/1978,"",49106,19780208,ita,Italy,/world-match-centre/teams/country=ita/index.html,fra,France,/world-match-centre/teams/country=fra/index.html,2-2,"San Paolo - Naples , Italy"
men,1978,2,Friendly,2000010101,Wednesday 08/02/1978,"",49107,19780208,isr,Israel,/world-match-centre/teams/country=isr/index.html,den,Denmark,/world-match-centre/teams/country=den/index.html,2-0,"TEL AVIV - Tel Aviv , Israel"
men,1978,2,Friendly,2000010101,Wednesday 15/02/1978,"",49104,19780215,gre,Greece,/world-match-centre/teams/country=gre/index.html,aut,Austria,/world-match-centre/teams/country=aut/index.html,1-1,"ATHENS - Athens , Greece"
men,1978,2,Friendly,2000010101,Wednesday 15/02/1978,"",49105,19780215,slv,El Salvador,/world-match-centre/teams/country=slv/index.html,mex,Mexico,/world-match-centre/teams/country=mex/index.html,1-5,"SAN SALVADOR - San Salvador , El Salvador"
men,1978,2,Friendly,2000010101,Tuesday 21/02/1978,"",49103,19780221,irq,Iraq,/world-match-centre/teams/country=irq/index.html,alg,Algeria,/world-match-centre/teams/country=alg/index.html,3-0,"BAGHDAD - Baghdad , Iraq"
men,1978,2,Friendly,2000010101,Wednesday 22/02/1978,"",49100,19780222,frg,Germany FR,/world-match-centre/teams/country=frg/index.html,eng,England,/world-match-centre/teams/country=eng/index.html,2-1,Olympiastadion - Munich
men,1978,2,Friendly,2000010101,Wednesday 22/02/1978,"",49101,19780222,sco,Scotland,/world-match-centre/teams/country=sco/index.html,bul,Bulgaria,/world-match-centre/teams/country=bul/index.html,2-1,"Hampden Park - Glasgow , Scotland"
men,1978,2,Friendly,2000010101,Wednesday 22/02/1978,"",49102,19780222,isr,Israel,/world-match-centre/teams/country=isr/index.html,ned,Netherlands,/world-match-centre/teams/country=ned/index.html,1-2,"TEL AVIV - Tel Aviv , Israel"
men,1978,2,Friendly,2000010101,Thursday 23/02/1978,"",49099,19780223,irq,Iraq,/world-match-centre/teams/country=irq/index.html,alg,Algeria,/world-match-centre/teams/country=alg/index.html,1-0,"BAGHDAD - Baghdad , Iraq"
men,1978,2,Friendly,2000010101,Sunday 26/02/1978,"",49098,19780226,syr,Syria,/world-match-centre/teams/country=syr/index.html,alg,Algeria,/world-match-centre/teams/country=alg/index.html,0-1,"DAMASCUS - Damascus , Syria"
men,1978,3,Continental Final,236121,Sunday 05/03/1978,Group 1,41333,19780305,gha,Ghana,/world-match-centre/teams/country=gha/index.html,zam,Zambia,/world-match-centre/teams/country=zam/index.html,2-1,"ACCRA - Accra , Ghana"
men,1978,3,Continental Final,236121,Sunday 05/03/1978,Group 1,41334,19780305,nga,Nigeria,/world-match-centre/teams/country=nga/index.html,"",Upper Volta,/world-match-centre/teams/country=/index.html,4-2,"ACCRA - Accra , Ghana"
men,1978,3,Continental Final,236121,Monday 06/03/1978,Group 2,41339,19780306,mar,Morocco,/world-match-centre/teams/country=mar/index.html,tun,Tunisia,/world-match-centre/teams/country=tun/index.html,1-1,"KUMASI - Kumasi , Ghana"
men,1978,3,Continental Final,236121,Monday 06/03/1978,Group 2,41340,19780306,uga,Uganda,/world-match-centre/teams/country=uga/index.html,cgo,Congo,/world-match-centre/teams/country=cgo/index.html,3-1,"KUMASI - Kumasi , Ghana"
men,1978,3,Continental Final,236121,Wednesday 08/03/1978,Group 1,41335,19780308,gha,Ghana,/world-match-centre/teams/country=gha/index.html,nga,Nigeria,/world-match-centre/teams/country=nga/index.html,1-1,"ACCRA - Accra , Ghana"
men,1978,3,Continental Final,236121,Wednesday 08/03/1978,Group 1,41336,19780308,zam,Zambia,/world-match-centre/teams/country=zam/index.html,"",Upper Volta,/world-match-centre/teams/country=/index.html,2-0,"ACCRA - Accra , Ghana"
men,1978,3,Continental Final,236121,Thursday 09/03/1978,Group 2,41341,19780309,mar,Morocco,/world-match-centre/teams/country=mar/index.html,cgo,Congo,/world-match-centre/teams/country=cgo/index.html,1-0,"KUMASI - Kumasi , Ghana"
men,1978,3,Continental Final,236121,Thursday 09/03/1978,Group 2,41342,19780309,tun,Tunisia,/world-match-centre/teams/country=tun/index.html,uga,Uganda,/world-match-centre/teams/country=uga/index.html,3-1,"KUMASI - Kumasi , Ghana"
men,1978,3,Continental Final,236121,Friday 10/03/1978,Group 1,41337,19780310,gha,Ghana,/world-match-centre/teams/country=gha/index.html,"",Upper Volta,/world-match-centre/teams/country=/index.html,3-0,"ACCRA - Accra , Ghana"
men,1978,3,Continental Final,236121,Friday 10/03/1978,Group 1,41338,19780310,zam,Zambia,/world-match-centre/teams/country=zam/index.html,nga,Nigeria,/world-match-centre/teams/country=nga/index.html,0-0,"ACCRA - Accra , Ghana"
men,1978,3,Continental Final,236121,Saturday 11/03/1978,Group 2,41343,19780311,cgo,Congo,/world-match-centre/teams/country=cgo/index.html,tun,Tunisia,/world-match-centre/teams/country=tun/index.html,0-0,"KUMASI - Kumasi , Ghana"
men,1978,3,Continental Final,236121,Saturday 11/03/1978,Group 2,41344,19780311,uga,Uganda,/world-match-centre/teams/country=uga/index.html,mar,Morocco,/world-match-centre/teams/country=mar/index.html,3-0,"KUMASI - Kumasi , Ghana"
men,1978,3,Continental Final,236121,Tuesday 14/03/1978,Semi-final,41345,19780314,gha,Ghana,/world-match-centre/teams/country=gha/index.html,tun,Tunisia,/world-match-centre/teams/country=tun/index.html,1-0,"ACCRA - Accra , Ghana"
men,1978,3,Continental Final,236121,Tuesday 14/03/1978,Semi-final,41346,19780314,uga,Uganda,/world-match-centre/teams/country=uga/index.html,nga,Nigeria,/world-match-centre/teams/country=nga/index.html,2-1,"KUMASI - Kumasi , Ghana"
men,1978,3,Continental Final,236121,Thursday 16/03/1978,Match for third place,41347,19780316,nga,Nigeria,/world-match-centre/teams/country=nga/index.html,tun,Tunisia,/world-match-centre/teams/country=tun/index.html,1-1,"ACCRA - Accra , Ghana"
men,1978,3,Continental Final,236121,Thursday 16/03/1978,Final,41348,19780316,gha,Ghana,/world-match-centre/teams/country=gha/index.html,uga,Uganda,/world-match-centre/teams/country=uga/index.html,2-0,"ACCRA - Accra , Ghana"
men,1978,3,Friendly,2000010101,Wednesday 08/03/1978,"",49094,19780308,fra,France,/world-match-centre/teams/country=fra/index.html,por,Portugal,/world-match-centre/teams/country=por/index.html,2-0,"PARIS - Paris , France"
men,1978,3,Friendly,2000010101,Wednesday 08/03/1978,"",49095,19780308,gdr,German DR,/world-match-centre/teams/country=gdr/index.html,sui,Switzerland,/world-match-centre/teams/country=sui/index.html,3-1,""
men,1978,3,Friendly,2000010101,Sunday 19/03/1978,"",49093,19780319,arg,Argentina,/world-match-centre/teams/country=arg/index.html,per,Peru,/world-match-centre/teams/country=per/index.html,2-1,"BUENOS AIRES - Buenos Aires , Argentina"
men,1978,3,Friendly,2000010101,Wednesday 22/03/1978,"",49090,19780322,lux,Luxembourg,/world-match-centre/teams/country=lux/index.html,pol,Poland,/world-match-centre/teams/country=pol/index.html,1-3,"LUXEMBOURG - Luxembourg , Luxembourg"
men,1978,3,Friendly,2000010101,Wednesday 22/03/1978,"",49091,19780322,gre,Greece,/world-match-centre/teams/country=gre/index.html,tch,Czechoslovakia,/world-match-centre/teams/country=tch/index.html,0-1,"THESSALONIKI - Thessaloniki , Greece"
men,1978,3,Friendly,2000010101,Wednesday 22/03/1978,"",49092,19780322,bel,Belgium,/world-match-centre/teams/country=bel/index.html,aut,Austria,/world-match-centre/teams/country=aut/index.html,1-0,"CHARLEROI - Charleroi , Belgium"
men,1978,3,Friendly,2000010101,Wednesday 22/03/1978,"",43301,19780322,tur,Turkey,/world-match-centre/teams/country=tur/index.html,rou,Romania,/world-match-centre/teams/country=rou/index.html,1-1,"ISTANBUL - Istanbul , Turkey"
men,1978,3,Friendly,2000010101,Thursday 23/03/1978,"",49089,19780323,per,Peru,/world-match-centre/teams/country=per/index.html,arg,Argentina,/world-match-centre/teams/country=arg/index.html,1-3,"LIMA - Lima , Peru"
men,1978,3,Friendly,2000010101,Wednesday 29/03/1978,"",49087,19780329,esp,Spain,/world-match-centre/teams/country=esp/index.html,nor,Norway,/world-match-centre/teams/country=nor/index.html,3-0,"GIJON - Gijon , Spain"
men,1978,3,Friendly,2000010101,Wednesday 29/03/1978,"",49088,19780329,arg,Argentina,/world-match-centre/teams/country=arg/index.html,bul,Bulgaria,/world-match-centre/teams/country=bul/index.html,3-1,"BUENOS AIRES - Buenos Aires , Argentina"
men,1978,3,Friendly,2000010101,Friday 31/03/1978,"",49086,19780331,ven,Venezuela,/world-match-centre/teams/country=ven/index.html,chn,China PR,/world-match-centre/teams/country=chn/index.html,0-1,"CARACAS - Caracas , Venezuela"
men,1978,4,Friendly,2000010101,Saturday 01/04/1978,"",49084,19780401,per,Peru,/world-match-centre/teams/country=per/index.html,bul,Bulgaria,/world-match-centre/teams/country=bul/index.html,1-1,"LIMA - Lima , Peru"
men,1978,4,Friendly,2000010101,Saturday 01/04/1978,"",49085,19780401,fra,France,/world-match-centre/teams/country=fra/index.html,bra,Brazil,/world-match-centre/teams/country=bra/index.html,1-0,"Parc des Princes - Paris , France"
men,1978,4,Friendly,2000010101,Tuesday 04/04/1978,"",49082,19780404,sui,Switzerland,/world-match-centre/teams/country=sui/index.html,aut,Austria,/world-match-centre/teams/country=aut/index.html,0-1,"St. Jakob-Park - Basel , Switzerland"
men,1978,4,Friendly,2000010101,Tuesday 04/04/1978,"",49083,19780404,gdr,German DR,/world-match-centre/teams/country=gdr/index.html,swe,Sweden,/world-match-centre/teams/country=swe/index.html,0-1,LEIPZIG - Leipzig
men,1978,4,Friendly,2000010101,Tuesday 04/04/1978,"",49030,19780404,mex,Mexico,/world-match-centre/teams/country=mex/index.html,bul,Bulgaria,/world-match-centre/teams/country=bul/index.html,3-0,"GUADALAJARA - Guadalajara , Mexico"
men,1978,4,Friendly,2000010101,Wednesday 05/04/1978,"",49031,19780405,irl,Republic of Ireland,/world-match-centre/teams/country=irl/index.html,tur,Turkey,/world-match-centre/teams/country=tur/index.html,4-2,"DUBLIN - Dublin , Republic of Ireland"
men,1978,4,Friendly,2000010101,Wednesday 05/04/1978,"",49032,19780405,irn,Iran,/world-match-centre/teams/country=irn/index.html,yug,Yugoslavia,/world-match-centre/teams/country=yug/index.html,0-0,"Azadi Stadium - Tehran , Iran"
men,1978,4,Friendly,2000010101,Wednesday 05/04/1978,"",49081,19780405,arg,Argentina,/world-match-centre/teams/country=arg/index.html,rou,Romania,/world-match-centre/teams/country=rou/index.html,2-0,"BUENOS AIRES - Buenos Aires , Argentina"
men,1978,4,Friendly,2000010101,Wednesday 05/04/1978,"",49027,19780405,frg,Germany FR,/world-match-centre/teams/country=frg/index.html,bra,Brazil,/world-match-centre/teams/country=bra/index.html,0-1,Volksparkstadion - Hamburg
men,1978,4,Friendly,2000010101,Wednesday 05/04/1978,"",49028,19780405,tun,Tunisia,/world-match-centre/teams/country=tun/index.html,ned,Netherlands,/world-match-centre/teams/country=ned/index.html,0-4,"TUNIS - Tunis , Tunisia"
men,1978,4,Friendly,2000010101,Wednesday 05/04/1978,"",49029,19780405,pol,Poland,/world-match-centre/teams/country=pol/index.html,gre,Greece,/world-match-centre/teams/country=gre/index.html,5-2,"POZNAN - Poznan , Poland"
men,1978,4,Friendly,2000010101,Tuesday 11/04/1978,"",49026,19780411,mex,Mexico,/world-match-centre/teams/country=mex/index.html,per,Peru,/world-match-centre/teams/country=per/index.html,0-1,"LOS ANGELES - Los Angeles , USA"
men,1978,4,Friendly,2000010101,Wednesday 12/04/1978,"",49025,19780412,pol,Poland,/world-match-centre/teams/country=pol/index.html,irl,Republic of Ireland,/world-match-centre/teams/country=irl/index.html,3-0,"LODZ - Lodz , Poland"
men,1978,4,Friendly,2000010101,Saturday 15/04/1978,"",49024,19780415,hun,Hungary,/world-match-centre/teams/country=hun/index.html,tch,Czechoslovakia,/world-match-centre/teams/country=tch/index.html,2-1,"BUDAPEST - Budapest , Bulgaria"
men,1978,4,Friendly,2000010101,Tuesday 18/04/1978,"",49023,19780418,irn,Iran,/world-match-centre/teams/country=irn/index.html,wal,Wales,/world-match-centre/teams/country=wal/index.html,0-1,"Azadi Stadium - Tehran , Iran"
men,1978,4,Friendly,2000010101,Wednesday 19/04/1978,"",49019,19780419,swe,Sweden,/world-match-centre/teams/country=swe/index.html,frg,Germany FR,/world-match-centre/teams/country=frg/index.html,3-1,"STOCKHOLM - Stockholm , Sweden"
men,1978,4,Friendly,2000010101,Wednesday 19/04/1978,"",49020,19780419,eng,England,/world-match-centre/teams/country=eng/index.html,bra,Brazil,/world-match-centre/teams/country=bra/index.html,1-1,"Wembley Stadium - London , England"
men,1978,4,Friendly,2000010101,Wednesday 19/04/1978,"",49021,19780419,gdr,German DR,/world-match-centre/teams/country=gdr/index.html,bel,Belgium,/world-match-centre/teams/country=bel/index.html,0-0,LEIPZIG - Leipzig
men,1978,4,Friendly,2000010101,Saturday 22/04/1978,"",49018,19780422,per,Peru,/world-match-centre/teams/country=per/index.html,chn,China PR,/world-match-centre/teams/country=chn/index.html,2-1,"LIMA - Lima , Peru"
men,1978,4,Friendly,2000010101,Sunday 23/04/1978,"",49017,19780423,tch,Czechoslovakia,/world-match-centre/teams/country=tch/index.html,bul,Bulgaria,/world-match-centre/teams/country=bul/index.html,0-0,BRNO - Brno
men,1978,4,Friendly,2000010101,Tuesday 25/04/1978,"",49016,19780425,uru,Uruguay,/world-match-centre/teams/country=uru/index.html,arg,Argentina,/world-match-centre/teams/country=arg/index.html,2-0,"MONTEVIDEO - Montevideo , Uruguay"
men,1978,4,Friendly,2000010101,Wednesday 26/04/1978,"",49013,19780426,esp,Spain,/world-match-centre/teams/country=esp/index.html,mex,Mexico,/world-match-centre/teams/country=mex/index.html,2-0,"Campo Los Carmenes - Granada , Spain"
men,1978,4,Friendly,2000010101,Wednesday 26/04/1978,"",49014,19780426,pol,Poland,/world-match-centre/teams/country=pol/index.html,bul,Bulgaria,/world-match-centre/teams/country=bul/index.html,1-0,"WARSAW - Warsaw , Poland"
men,1978,4,Friendly,2000010101,Wednesday 26/04/1978,"",49015,19780426,irn,Iran,/world-match-centre/teams/country=irn/index.html,bul,Bulgaria,/world-match-centre/teams/country=bul/index.html,1-1,"Azadi Stadium - Tehran , Iran"
men,1978,4,Friendly,2000010101,Monday 01/05/1978,"",49012,19780501,bra,Brazil,/world-match-centre/teams/country=bra/index.html,per,Peru,/world-match-centre/teams/country=per/index.html,3-0,"RIO DE JANEIRO - Rio De Janeiro , Brazil"
men,1978,5,Continental Qualifier,3133,Wednesday 24/05/1978,Group 1,9183,19780524,den,Denmark,/world-match-centre/teams/country=den/index.html,irl,Republic of Ireland,/world-match-centre/teams/country=irl/index.html,3-3,"COPENHAGEN - Copenhagen , Denmark"
men,1978,5,Continental Qualifier,3133,Wednesday 24/05/1978,Group 6,9267,19780524,fin,Finland,/world-match-centre/teams/country=fin/index.html,gre,Greece,/world-match-centre/teams/country=gre/index.html,3-0,"HELSINKI - Helsinki , Finland"
men,1978,5,Friendly,2000010101,Monday 01/05/1978,"",49012,19780501,bra,Brazil,/world-match-centre/teams/country=bra/index.html,per,Peru,/world-match-centre/teams/country=per/index.html,3-0,"RIO DE JANEIRO - Rio De Janeiro , Brazil"
men,1978,5,Friendly,2000010101,Wednesday 03/05/1978,"",49010,19780503,fin,Finland,/world-match-centre/teams/country=fin/index.html,mex,Mexico,/world-match-centre/teams/country=mex/index.html,0-1,"HELSINKI - Helsinki , Finland"
men,1978,5,Friendly,2000010101,Wednesday 03/05/1978,"",49011,19780503,arg,Argentina,/world-match-centre/teams/country=arg/index.html,uru,Uruguay,/world-match-centre/teams/country=uru/index.html,3-0,"BUENOS AIRES - Buenos Aires , Argentina"
men,1978,5,Friendly,2000010101,Wednesday 03/05/1978,"",43302,19780503,rou,Romania,/world-match-centre/teams/country=rou/index.html,bul,Bulgaria,/world-match-centre/teams/country=bul/index.html,2-0,"BUCHAREST - Bucharest , Romania"
men,1978,5,Friendly,2000010101,Thursday 04/05/1978,"",49009,19780504,kor,Korea Republic,/world-match-centre/teams/country=kor/index.html,ken,Kenya,/world-match-centre/teams/country=ken/index.html,2-2,"RIYADH - Riyadh , Saudi Arabia"
men,1978,5,Friendly,2000010101,Sunday 07/05/1978,"",49008,19780507,kor,Korea Republic,/world-match-centre/teams/country=kor/index.html,pak,Pakistan,/world-match-centre/teams/country=pak/index.html,5-0,"RIYADH - Riyadh , Saudi Arabia"
men,1978,5,Friendly,2000010101,Wednesday 10/05/1978,"",49007,19780510,ksa,Saudi Arabia,/world-match-centre/teams/country=ksa/index.html,kor,Korea Republic,/world-match-centre/teams/country=kor/index.html,0-2,"RIYADH - Riyadh , Saudi Arabia"
men,1978,5,Friendly,2000010101,Thursday 11/05/1978,"",49006,19780511,fra,France,/world-match-centre/teams/country=fra/index.html,irn,Iran,/world-match-centre/teams/country=irn/index.html,2-1,"TOULOUSE - Toulouse , France"
men,1978,5,Friendly,2000010101,Saturday 13/05/1978,"",44270,19780513,sco,Scotland,/world-match-centre/teams/country=sco/index.html,nir,Northern Ireland,/world-match-centre/teams/country=nir/index.html,1-1,"BELFAST - Belfast , Northern Ireland"
men,1978,5,Friendly,2000010101,Saturday 13/05/1978,"",44271,19780513,wal,Wales,/world-match-centre/teams/country=wal/index.html,eng,England,/world-match-centre/teams/country=eng/index.html,1-3,"CARDIFF - Cardiff , Wales"
men,1978,5,Friendly,2000010101,Sunday 14/05/1978,"",49004,19780514,lby,Libya,/world-match-centre/teams/country=lby/index.html,mlt,Malta,/world-match-centre/teams/country=mlt/index.html,1-0,""
men,1978,5,Friendly,2000010101,Tuesday 16/05/1978,"",44272,19780516,eng,England,/world-match-centre/teams/country=eng/index.html,nir,Northern Ireland,/world-match-centre/teams/country=nir/index.html,1-0,"LONDON - London , England"
men,1978,5,Friendly,2000010101,Wednesday 17/05/1978,"",44273,19780517,sco,Scotland,/world-match-centre/teams/country=sco/index.html,wal,Wales,/world-match-centre/teams/country=wal/index.html,1-1,"GLASGOW - Glasgow , Scotland"
men,1978,5,Friendly,2000010101,Wednesday 17/05/1978,"",49003,19780517,bra,Brazil,/world-match-centre/teams/country=bra/index.html,tch,Czechoslovakia,/world-match-centre/teams/country=tch/index.html,2-0,"Estadio do Maracan達 - Rio De Janeiro , Brazil"
men,1978,5,Friendly,2000010101,Thursday 18/05/1978,"",49002,19780518,ita,Italy,/world-match-centre/teams/country=ita/index.html,yug,Yugoslavia,/world-match-centre/teams/country=yug/index.html,0-0,"Stadio Olimpico - Rome , Italy"
men,1978,5,Friendly,2000010101,Friday 19/05/1978,"",49000,19780519,fra,France,/world-match-centre/teams/country=fra/index.html,tun,Tunisia,/world-match-centre/teams/country=tun/index.html,2-0,"VILLENEUVE D ASCQ - Villeneuve D Ascq , France"
men,1978,5,Friendly,2000010101,Friday 19/05/1978,"",44274,19780519,wal,Wales,/world-match-centre/teams/country=wal/index.html,nir,Northern Ireland,/world-match-centre/teams/country=nir/index.html,1-0,"WREXHAM - Wrexham , Wales"
men,1978,5,Friendly,2000010101,Friday 19/05/1978,"",49052,19780519,irn,Iran,/world-match-centre/teams/country=irn/index.html,gha,Ghana,/world-match-centre/teams/country=gha/index.html,3-0,"TEHRAN - Tehran , Iran"
men,1978,5,Friendly,2000010101,Saturday 20/05/1978,"",44275,19780520,sco,Scotland,/world-match-centre/teams/country=sco/index.html,eng,England,/world-match-centre/teams/country=eng/index.html,0-1,"GLASGOW - Glasgow , Scotland"
men,1978,5,Friendly,2000010101,Saturday 20/05/1978,"",48999,19780520,aut,Austria,/world-match-centre/teams/country=aut/index.html,ned,Netherlands,/world-match-centre/teams/country=ned/index.html,0-1,"VIENNA - Vienna , Austria"
men,1978,5,Friendly,2000010101,Sunday 21/05/1978,"",48997,19780521,swe,Sweden,/world-match-centre/teams/country=swe/index.html,tch,Czechoslovakia,/world-match-centre/teams/country=tch/index.html,0-0,"STOCKHOLM - Stockholm , Sweden"
men,1978,5,Friendly,2000010101,Sunday 21/05/1978,"",48998,19780521,nor,Norway,/world-match-centre/teams/country=nor/index.html,irl,Republic of Ireland,/world-match-centre/teams/country=irl/index.html,0-0,"OSLO - Oslo , Norway"
men,1978,5,Friendly,2000010101,Tuesday 23/05/1978,"",49080,19780523,jpn,Japan,/world-match-centre/teams/country=jpn/index.html,tha,Thailand,/world-match-centre/teams/country=tha/index.html,3-0,"NAGOYA - Nagoya , Japan"
men,1978,5,Friendly,2000010101,Wednesday 24/05/1978,"",49078,19780524,uru,Uruguay,/world-match-centre/teams/country=uru/index.html,esp,Spain,/world-match-centre/teams/country=esp/index.html,0-0,"MONTEVIDEO - Montevideo , Uruguay"
men,1978,5,Friendly,2000010101,Wednesday 24/05/1978,"",49079,19780524,eng,England,/world-match-centre/teams/country=eng/index.html,hun,Hungary,/world-match-centre/teams/country=hun/index.html,4-1,"Wembley Stadium - London , England"
men,1978,5,Friendly,2000010101,Wednesday 31/05/1978,"",52364,19780531,nor,Norway,/world-match-centre/teams/country=nor/index.html,den,Denmark,/world-match-centre/teams/country=den/index.html,1-2,"OSLO - Oslo , Norway"
men,1978,5,Friendly,2000010101,Wednesday 31/05/1978,"",43303,19780531,bul,Bulgaria,/world-match-centre/teams/country=bul/index.html,rou,Romania,/world-match-centre/teams/country=rou/index.html,1-1,"SOFIA - Sofia , Bulgaria"
men,1978,6,FIFA World Cup™ Final,50,Thursday 01/06/1978,Group 2,2351,19780601,frg,Germany FR,/world-match-centre/teams/country=frg/index.html,pol,Poland,/world-match-centre/teams/country=pol/index.html,0-0,""
men,1978,6,FIFA World Cup™ Final,50,Friday 02/06/1978,Group 1,2347,19780602,ita,Italy,/world-match-centre/teams/country=ita/index.html,fra,France,/world-match-centre/teams/country=fra/index.html,2-1,""
men,1978,6,FIFA World Cup™ Final,50,Friday 02/06/1978,Group 1,2199,19780602,arg,Argentina,/world-match-centre/teams/country=arg/index.html,hun,Hungary,/world-match-centre/teams/country=hun/index.html,2-1,""
men,1978,6,FIFA World Cup™ Final,50,Friday 02/06/1978,Group 2,2433,19780602,tun,Tunisia,/world-match-centre/teams/country=tun/index.html,mex,Mexico,/world-match-centre/teams/country=mex/index.html,3-1,""
men,1978,6,FIFA World Cup™ Final,50,Saturday 03/06/1978,Group 3,2253,19780603,swe,Sweden,/world-match-centre/teams/country=swe/index.html,bra,Brazil,/world-match-centre/teams/country=bra/index.html,1-1,""
men,1978,6,FIFA World Cup™ Final,50,Saturday 03/06/1978,Group 3,2216,19780603,aut,Austria,/world-match-centre/teams/country=aut/index.html,esp,Spain,/world-match-centre/teams/country=esp/index.html,2-1,""
men,1978,6,FIFA World Cup™ Final,50,Saturday 03/06/1978,Group 4,2388,19780603,ned,Netherlands,/world-match-centre/teams/country=ned/index.html,irn,Iran,/world-match-centre/teams/country=irn/index.html,3-0,""
men,1978,6,FIFA World Cup™ Final,50,Saturday 03/06/1978,Group 4,2451,19780603,per,Peru,/world-match-centre/teams/country=per/index.html,sco,Scotland,/world-match-centre/teams/country=sco/index.html,3-1,""
men,1978,6,FIFA World Cup™ Final,50,Tuesday 06/06/1978,Group 1,2396,19780606,ita,Italy,/world-match-centre/teams/country=ita/index.html,hun,Hungary,/world-match-centre/teams/country=hun/index.html,3-1,""
men,1978,6,FIFA World Cup™ Final,50,Tuesday 06/06/1978,Group 1,2197,19780606,arg,Argentina,/world-match-centre/teams/country=arg/index.html,fra,France,/world-match-centre/teams/country=fra/index.html,2-1,""
men,1978,6,FIFA World Cup™ Final,50,Tuesday 06/06/1978,Group 2,2454,19780606,pol,Poland,/world-match-centre/teams/country=pol/index.html,tun,Tunisia,/world-match-centre/teams/country=tun/index.html,1-0,""
men,1978,6,FIFA World Cup™ Final,50,Tuesday 06/06/1978,Group 2,2350,19780606,frg,Germany FR,/world-match-centre/teams/country=frg/index.html,mex,Mexico,/world-match-centre/teams/country=mex/index.html,6-0,""
men,1978,6,FIFA World Cup™ Final,50,Wednesday 07/06/1978,Group 3,2246,19780607,bra,Brazil,/world-match-centre/teams/country=bra/index.html,esp,Spain,/world-match-centre/teams/country=esp/index.html,0-0,""
men,1978,6,FIFA World Cup™ Final,50,Wednesday 07/06/1978,Group 3,2224,19780607,aut,Austria,/world-match-centre/teams/country=aut/index.html,swe,Sweden,/world-match-centre/teams/country=swe/index.html,1-0,""
men,1978,6,FIFA World Cup™ Final,50,Wednesday 07/06/1978,Group 4,2408,19780607,sco,Scotland,/world-match-centre/teams/country=sco/index.html,irn,Iran,/world-match-centre/teams/country=irn/index.html,1-1,""
men,1978,6,FIFA World Cup™ Final,50,Wednesday 07/06/1978,Group 4,2394,19780607,ned,Netherlands,/world-match-centre/teams/country=ned/index.html,per,Peru,/world-match-centre/teams/country=per/index.html,0-0,""
men,1978,6,FIFA World Cup™ Final,50,Saturday 10/06/1978,Group 1,2344,19780610,fra,France,/world-match-centre/teams/country=fra/index.html,hun,Hungary,/world-match-centre/teams/country=hun/index.html,3-1,""
men,1978,6,FIFA World Cup™ Final,50,Saturday 10/06/1978,Group 1,2200,19780610,ita,Italy,/world-match-centre/teams/country=ita/index.html,arg,Argentina,/world-match-centre/teams/country=arg/index.html,1-0,""
men,1978,6,FIFA World Cup™ Final,50,Saturday 10/06/1978,Group 2,2352,19780610,frg,Germany FR,/world-match-centre/teams/country=frg/index.html,tun,Tunisia,/world-match-centre/teams/country=tun/index.html,0-0,""
men,1978,6,FIFA World Cup™ Final,50,Saturday 10/06/1978,Group 2,2431,19780610,pol,Poland,/world-match-centre/teams/country=pol/index.html,mex,Mexico,/world-match-centre/teams/country=mex/index.html,3-1,""
men,1978,6,FIFA World Cup™ Final,50,Sunday 11/06/1978,Group 3,2215,19780611,bra,Brazil,/world-match-centre/teams/country=bra/index.html,aut,Austria,/world-match-centre/teams/country=aut/index.html,1-0,""
men,1978,6,FIFA World Cup™ Final,50,Sunday 11/06/1978,Group 3,2337,19780611,esp,Spain,/world-match-centre/teams/country=esp/index.html,swe,Sweden,/world-match-centre/teams/country=swe/index.html,1-0,""
men,1978,6,FIFA World Cup™ Final,50,Sunday 11/06/1978,Group 4,2405,19780611,per,Peru,/world-match-centre/teams/country=per/index.html,irn,Iran,/world-match-centre/teams/country=irn/index.html,4-1,""
men,1978,6,FIFA World Cup™ Final,50,Sunday 11/06/1978,Group 4,2395,19780611,sco,Scotland,/world-match-centre/teams/country=sco/index.html,ned,Netherlands,/world-match-centre/teams/country=ned/index.html,3-2,""
men,1978,6,FIFA World Cup™ Final,50,Wednesday 14/06/1978,Group A,2349,19780614,frg,Germany FR,/world-match-centre/teams/country=frg/index.html,ita,Italy,/world-match-centre/teams/country=ita/index.html,0-0,""
men,1978,6,FIFA World Cup™ Final,50,Wednesday 14/06/1978,Group A,2220,19780614,ned,Netherlands,/world-match-centre/teams/country=ned/index.html,aut,Austria,/world-match-centre/teams/country=aut/index.html,5-1,""
men,1978,6,FIFA World Cup™ Final,50,Wednesday 14/06/1978,Group B,2251,19780614,bra,Brazil,/world-match-centre/teams/country=bra/index.html,per,Peru,/world-match-centre/teams/country=per/index.html,3-0,""
men,1978,6,FIFA World Cup™ Final,50,Wednesday 14/06/1978,Group B,2202,19780614,arg,Argentina,/world-match-centre/teams/country=arg/index.html,pol,Poland,/world-match-centre/teams/country=pol/index.html,2-0,""
men,1978,6,FIFA World Cup™ Final,50,Sunday 18/06/1978,Group A,2221,19780618,ita,Italy,/world-match-centre/teams/country=ita/index.html,aut,Austria,/world-match-centre/teams/country=aut/index.html,1-0,""
men,1978,6,FIFA World Cup™ Final,50,Sunday 18/06/1978,Group A,2348,19780618,frg,Germany FR,/world-match-centre/teams/country=frg/index.html,ned,Netherlands,/world-match-centre/teams/country=ned/index.html,2-2,""
men,1978,6,FIFA World Cup™ Final,50,Sunday 18/06/1978,Group B,2450,19780618,pol,Poland,/world-match-centre/teams/country=pol/index.html,per,Peru,/world-match-centre/teams/country=per/index.html,1-0,""
men,1978,6,FIFA World Cup™ Final,50,Sunday 18/06/1978,Group B,2196,19780618,arg,Argentina,/world-match-centre/teams/country=arg/index.html,bra,Brazil,/world-match-centre/teams/country=bra/index.html,0-0,""
men,1978,6,FIFA World Cup™ Final,50,Wednesday 21/06/1978,Group A,2217,19780621,aut,Austria,/world-match-centre/teams/country=aut/index.html,frg,Germany FR,/world-match-centre/teams/country=frg/index.html,3-2,""
men,1978,6,FIFA World Cup™ Final,50,Wednesday 21/06/1978,Group A,2391,19780621,ned,Netherlands,/world-match-centre/teams/country=ned/index.html,ita,Italy,/world-match-centre/teams/country=ita/index.html,2-1,""
men,1978,6,FIFA World Cup™ Final,50,Wednesday 21/06/1978,Group B,2252,19780621,bra,Brazil,/world-match-centre/teams/country=bra/index.html,pol,Poland,/world-match-centre/teams/country=pol/index.html,3-1,""
men,1978,6,FIFA World Cup™ Final,50,Wednesday 21/06/1978,Group B,2201,19780621,arg,Argentina,/world-match-centre/teams/country=arg/index.html,per,Peru,/world-match-centre/teams/country=per/index.html,6-0,""
men,1978,6,FIFA World Cup™ Final,50,Saturday 24/06/1978,,2247,19780624,bra,Brazil,/world-match-centre/teams/country=bra/index.html,ita,Italy,/world-match-centre/teams/country=ita/index.html,2-1,""
men,1978,6,FIFA World Cup™ Final,50,Sunday 25/06/1978,,2198,19780625,arg,Argentina,/world-match-centre/teams/country=arg/index.html,ned,Netherlands,/world-match-centre/teams/country=ned/index.html,3-1 AET,""
men,1978,6,Friendly,2000010101,Sunday 11/06/1978,"",49076,19780611,aus,Australia,/world-match-centre/teams/country=aus/index.html,gre,Greece,/world-match-centre/teams/country=gre/index.html,1-2,"MELBOURNE - Melbourne , Australia"
men,1978,6,Friendly,2000010101,Tuesday 13/06/1978,"",50811,19780613,idn,Indonesia,/world-match-centre/teams/country=idn/index.html,mas,Malaysia,/world-match-centre/teams/country=mas/index.html,3-0,"JAKARTA - Jakarta , Indonesia"
men,1978,6,Friendly,2000010101,Wednesday 14/06/1978,"",49075,19780614,aus,Australia,/world-match-centre/teams/country=aus/index.html,gre,Greece,/world-match-centre/teams/country=gre/index.html,0-1,"ADELAIDE - Adelaide , Australia"
men,1978,6,Friendly,2000010101,Wednesday 14/06/1978,"",50809,19780614,sin,Singapore,/world-match-centre/teams/country=sin/index.html,kor,Korea Republic,/world-match-centre/teams/country=kor/index.html,1-3,"JAKARTA - Jakarta , Indonesia"
men,1978,6,Friendly,2000010101,Thursday 15/06/1978,"",50807,19780615,idn,Indonesia,/world-match-centre/teams/country=idn/index.html,tha,Thailand,/world-match-centre/teams/country=tha/index.html,1-0,"JAKARTA - Jakarta , Indonesia"
men,1978,6,Friendly,2000010101,Friday 16/06/1978,"",50805,19780616,sin,Singapore,/world-match-centre/teams/country=sin/index.html,mas,Malaysia,/world-match-centre/teams/country=mas/index.html,1-1,"JAKARTA - Jakarta , Indonesia"
men,1978,6,Friendly,2000010101,Friday 16/06/1978,"",50806,19780616,idn,Indonesia,/world-match-centre/teams/country=idn/index.html,kor,Korea Republic,/world-match-centre/teams/country=kor/index.html,1-1,"JAKARTA - Jakarta , Indonesia"
men,1978,6,Friendly,2000010101,Saturday 17/06/1978,"",50803,19780617,tha,Thailand,/world-match-centre/teams/country=tha/index.html,sin,Singapore,/world-match-centre/teams/country=sin/index.html,3-1,"JAKARTA - Jakarta , Indonesia"
men,1978,6,Friendly,2000010101,Sunday 18/06/1978,"",49073,19780618,mwi,Malawi,/world-match-centre/teams/country=mwi/index.html,zam,Zambia,/world-match-centre/teams/country=zam/index.html,1-2,"LILONGWE - Lilongwe , Malawi"
men,1978,6,Friendly,2000010101,Sunday 18/06/1978,"",49074,19780618,aus,Australia,/world-match-centre/teams/country=aus/index.html,gre,Greece,/world-match-centre/teams/country=gre/index.html,1-1,"SYDNEY - Sydney , Australia"
men,1978,6,Friendly,2000010101,Monday 19/06/1978,"",50801,19780619,mas,Malaysia,/world-match-centre/teams/country=mas/index.html,kor,Korea Republic,/world-match-centre/teams/country=kor/index.html,1-3,"JAKARTA - Jakarta , Indonesia"
men,1978,6,Friendly,2000010101,Tuesday 20/06/1978,"",50799,19780620,tha,Thailand,/world-match-centre/teams/country=tha/index.html,kor,Korea Republic,/world-match-centre/teams/country=kor/index.html,0-1,"JAKARTA - Jakarta , Indonesia"
men,1978,6,Friendly,2000010101,Wednesday 21/06/1978,"",50797,19780621,tha,Thailand,/world-match-centre/teams/country=tha/index.html,mas,Malaysia,/world-match-centre/teams/country=mas/index.html,1-1,"JAKARTA - Jakarta , Indonesia"
men,1978,6,Friendly,2000010101,Wednesday 21/06/1978,"",50798,19780621,idn,Indonesia,/world-match-centre/teams/country=idn/index.html,sin,Singapore,/world-match-centre/teams/country=sin/index.html,2-2,"JAKARTA - Jakarta , Indonesia"
men,1978,6,Friendly,2000010101,Friday 23/06/1978,"",50812,19780623,tha,Thailand,/world-match-centre/teams/country=tha/index.html,mas,Malaysia,/world-match-centre/teams/country=mas/index.html,3-3,"JAKARTA - Jakarta , Indonesia"
men,1978,6,Friendly,2000010101,Friday 23/06/1978,"",50813,19780623,idn,Indonesia,/world-match-centre/teams/country=idn/index.html,kor,Korea Republic,/world-match-centre/teams/country=kor/index.html,1-3,"JAKARTA - Jakarta , Indonesia"
men,1978,6,Friendly,2000010101,Sunday 25/06/1978,"",49072,19780625,zam,Zambia,/world-match-centre/teams/country=zam/index.html,mwi,Malawi,/world-match-centre/teams/country=mwi/index.html,0-0,"LUSAKA - Lusaka , Zambia"
men,1978,6,Friendly,2000010101,Wednesday 28/06/1978,"",49071,19780628,isl,Iceland,/world-match-centre/teams/country=isl/index.html,den,Denmark,/world-match-centre/teams/country=den/index.html,0-0,"REYKJAVIK - Reykjavik , Iceland"
men,1978,6,Friendly,2000010101,Wednesday 28/06/1978,"",52363,19780628,swe,Sweden,/world-match-centre/teams/country=swe/index.html,fin,Finland,/world-match-centre/teams/country=fin/index.html,2-1,"BORAS - Boras , Sweden"
men,1978,7,Friendly,2000010101,Sunday 02/07/1978,"",49070,19780702,alg,Algeria,/world-match-centre/teams/country=alg/index.html,irq,Iraq,/world-match-centre/teams/country=irq/index.html,1-1,"ALGIERS - Algiers , Algeria"
men,1978,7,Friendly,2000010101,Tuesday 04/07/1978,"",49069,19780704,alg,Algeria,/world-match-centre/teams/country=alg/index.html,irq,Iraq,/world-match-centre/teams/country=irq/index.html,0-0,"ALGIERS - Algiers , Algeria"
men,1978,7,Friendly,2000010101,Thursday 06/07/1978,"",49068,19780706,mwi,Malawi,/world-match-centre/teams/country=mwi/index.html,sle,Sierra Leone,/world-match-centre/teams/country=sle/index.html,5-0,"LILONGWE - Lilongwe , Malawi"
men,1978,7,Friendly,2000010101,Saturday 08/07/1978,"",50428,19780708,pan,Panama,/world-match-centre/teams/country=pan/index.html,ber,Bermuda,/world-match-centre/teams/country=ber/index.html,1-1,"MEDELLIN - Medellin , Colombia"
men,1978,7,Friendly,2000010101,Saturday 08/07/1978,"",50429,19780708,ant,Netherlands Antilles,/world-match-centre/teams/country=ant/index.html,tri,Trinidad and Tobago,/world-match-centre/teams/country=tri/index.html,1-3,"MEDELLIN - Medellin , Colombia"
men,1978,7,Friendly,2000010101,Saturday 08/07/1978,"",50430,19780708,cub,Cuba,/world-match-centre/teams/country=cub/index.html,slv,El Salvador,/world-match-centre/teams/country=slv/index.html,6-0,"MEDELLIN - Medellin , Colombia"
men,1978,7,Friendly,2000010101,Sunday 09/07/1978,"",50439,19780709,col,Colombia,/world-match-centre/teams/country=col/index.html,ven,Venezuela,/world-match-centre/teams/country=ven/index.html,4-0,"MEDELLIN - Medellin , Colombia"
men,1978,7,Friendly,2000010101,Monday 10/07/1978,"",50425,19780710,pan,Panama,/world-match-centre/teams/country=pan/index.html,ant,Netherlands Antilles,/world-match-centre/teams/country=ant/index.html,6-1,"MEDELLIN - Medellin , Colombia"
men,1978,7,Friendly,2000010101,Monday 10/07/1978,"",50426,19780710,slv,El Salvador,/world-match-centre/teams/country=slv/index.html,tri,Trinidad and Tobago,/world-match-centre/teams/country=tri/index.html,1-6,"MEDELLIN - Medellin , Colombia"
men,1978,7,Friendly,2000010101,Monday 10/07/1978,"",50427,19780710,cub,Cuba,/world-match-centre/teams/country=cub/index.html,ber,Bermuda,/world-match-centre/teams/country=ber/index.html,4-0,"MEDELLIN - Medellin , Colombia"
men,1978,7,Friendly,2000010101,Tuesday 11/07/1978,"",50436,19780711,dom,Dominican Republic,/world-match-centre/teams/country=dom/index.html,pur,Puerto Rico,/world-match-centre/teams/country=pur/index.html,0-0,"MEDELLIN - Medellin , Colombia"
men,1978,7,Friendly,2000010101,Wednesday 12/07/1978,"",51959,19780712,sin,Singapore,/world-match-centre/teams/country=sin/index.html,irq,Iraq,/world-match-centre/teams/country=irq/index.html,0-3,"Merdeka - Kuala Lumpur , Malaysia"
men,1978,7,Friendly,2000010101,Wednesday 12/07/1978,"",50422,19780712,slv,El Salvador,/world-match-centre/teams/country=slv/index.html,pan,Panama,/world-match-centre/teams/country=pan/index.html,0-5,"MEDELLIN - Medellin , Colombia"
men,1978,7,Friendly,2000010101,Wednesday 12/07/1978,"",50423,19780712,cub,Cuba,/world-match-centre/teams/country=cub/index.html,tri,Trinidad and Tobago,/world-match-centre/teams/country=tri/index.html,3-0,"MEDELLIN - Medellin , Colombia"
men,1978,7,Friendly,2000010101,Wednesday 12/07/1978,"",50424,19780712,ber,Bermuda,/world-match-centre/teams/country=ber/index.html,ant,Netherlands Antilles,/world-match-centre/teams/country=ant/index.html,4-0,"MEDELLIN - Medellin , Colombia"
men,1978,7,Friendly,2000010101,Thursday 13/07/1978,"",42974,19780713,alg,Algeria,/world-match-centre/teams/country=alg/index.html,egy,Egypt,/world-match-centre/teams/country=egy/index.html,1-1,"ALGIERS - Algiers , Algeria"
men,1978,7,Friendly,2000010101,Thursday 13/07/1978,"",51955,19780713,jpn,Japan,/world-match-centre/teams/country=jpn/index.html,irq,Iraq,/world-match-centre/teams/country=irq/index.html,0-0,"Merdeka - Kuala Lumpur , Malaysia"
men,1978,7,Friendly,2000010101,Thursday 13/07/1978,"",51956,19780713,tha,Thailand,/world-match-centre/teams/country=tha/index.html,syr,Syria,/world-match-centre/teams/country=syr/index.html,3-1,"Merdeka - Kuala Lumpur , Malaysia"
men,1978,7,Friendly,2000010101,Thursday 13/07/1978,"",51957,19780713,mas,Malaysia,/world-match-centre/teams/country=mas/index.html,idn,Indonesia,/world-match-centre/teams/country=idn/index.html,1-0,"Merdeka - Kuala Lumpur , Malaysia"
men,1978,7,Friendly,2000010101,Thursday 13/07/1978,"",50434,19780713,ven,Venezuela,/world-match-centre/teams/country=ven/index.html,dom,Dominican Republic,/world-match-centre/teams/country=dom/index.html,5-1,"MEDELLIN - Medellin , Colombia"
men,1978,7,Friendly,2000010101,Friday 14/07/1978,"",51954,19780714,kor,Korea Republic,/world-match-centre/teams/country=kor/index.html,sin,Singapore,/world-match-centre/teams/country=sin/index.html,2-0,"Merdeka - Kuala Lumpur , Malaysia"
men,1978,7,Friendly,2000010101,Friday 14/07/1978,"",42975,19780714,mwi,Malawi,/world-match-centre/teams/country=mwi/index.html,lby,Libya,/world-match-centre/teams/country=lby/index.html,1-2,"ALGIERS - Algiers , Algeria"
men,1978,7,Friendly,2000010101,Friday 14/07/1978,"",50419,19780714,tri,Trinidad and Tobago,/world-match-centre/teams/country=tri/index.html,pan,Panama,/world-match-centre/teams/country=pan/index.html,3-1,"MEDELLIN - Medellin , Colombia"
men,1978,7,Friendly,2000010101,Friday 14/07/1978,"",50420,19780714,cub,Cuba,/world-match-centre/teams/country=cub/index.html,ant,Netherlands Antilles,/world-match-centre/teams/country=ant/index.html,2-1,"MEDELLIN - Medellin , Colombia"
men,1978,7,Friendly,2000010101,Friday 14/07/1978,"",50421,19780714,ber,Bermuda,/world-match-centre/teams/country=ber/index.html,slv,El Salvador,/world-match-centre/teams/country=slv/index.html,4-0,"MEDELLIN - Medellin , Colombia"
men,1978,7,Friendly,2000010101,Friday 14/07/1978,"",42980,19780714,gha,Ghana,/world-match-centre/teams/country=gha/index.html,cmr,Cameroon,/world-match-centre/teams/country=cmr/index.html,2-1,"ALGIERS - Algiers , Algeria"
men,1978,7,Friendly,2000010101,Friday 14/07/1978,"",42981,19780714,nga,Nigeria,/world-match-centre/teams/country=nga/index.html,mli,Mali,/world-match-centre/teams/country=mli/index.html,3-1,"ALGIERS - Algiers , Algeria"
men,1978,7,Friendly,2000010101,Saturday 15/07/1978,"",51952,19780715,tha,Thailand,/world-match-centre/teams/country=tha/index.html,idn,Indonesia,/world-match-centre/teams/country=idn/index.html,3-0,"Merdeka - Kuala Lumpur , Malaysia"
men,1978,7,Friendly,2000010101,Saturday 15/07/1978,"",51953,19780715,mas,Malaysia,/world-match-centre/teams/country=mas/index.html,syr,Syria,/world-match-centre/teams/country=syr/index.html,5-2,"Merdeka - Kuala Lumpur , Malaysia"
men,1978,7,Friendly,2000010101,Saturday 15/07/1978,"",51941,19780715,jpn,Japan,/world-match-centre/teams/country=jpn/index.html,idn,Indonesia,/world-match-centre/teams/country=idn/index.html,1-2,"Merdeka - Kuala Lumpur , Malaysia"
men,1978,7,Friendly,2000010101,Saturday 15/07/1978,"",50433,19780715,col,Colombia,/world-match-centre/teams/country=col/index.html,pur,Puerto Rico,/world-match-centre/teams/country=pur/index.html,5-1,"MEDELLIN - Medellin , Colombia"
men,1978,7,Friendly,2000010101,Sunday 16/07/1978,"",50416,19780716,tri,Trinidad and Tobago,/world-match-centre/teams/country=tri/index.html,ber,Bermuda,/world-match-centre/teams/country=ber/index.html,2-3,"MEDELLIN - Medellin , Colombia"
men,1978,7,Friendly,2000010101,Sunday 16/07/1978,"",50417,19780716,ant,Netherlands Antilles,/world-match-centre/teams/country=ant/index.html,slv,El Salvador,/world-match-centre/teams/country=slv/index.html,0-1,"MEDELLIN - Medellin , Colombia"
men,1978,7,Friendly,2000010101,Sunday 16/07/1978,"",50418,19780716,cub,Cuba,/world-match-centre/teams/country=cub/index.html,pan,Panama,/world-match-centre/teams/country=pan/index.html,1-0,"MEDELLIN - Medellin , Colombia"
men,1978,7,Friendly,2000010101,Monday 17/07/1978,"",51948,19780717,syr,Syria,/world-match-centre/teams/country=syr/index.html,jpn,Japan,/world-match-centre/teams/country=jpn/index.html,2-3,"Merdeka - Kuala Lumpur , Malaysia"
men,1978,7,Friendly,2000010101,Monday 17/07/1978,"",51950,19780717,tha,Thailand,/world-match-centre/teams/country=tha/index.html,kor,Korea Republic,/world-match-centre/teams/country=kor/index.html,0-3,"Merdeka - Kuala Lumpur , Malaysia"
men,1978,7,Friendly,2000010101,Monday 17/07/1978,"",51951,19780717,mas,Malaysia,/world-match-centre/teams/country=mas/index.html,irq,Iraq,/world-match-centre/teams/country=irq/index.html,1-2,"Merdeka - Kuala Lumpur , Malaysia"
men,1978,7,Friendly,2000010101,Monday 17/07/1978,"",42982,19780717,gha,Ghana,/world-match-centre/teams/country=gha/index.html,mli,Mali,/world-match-centre/teams/country=mli/index.html,1-1,"ALGIERS - Algiers , Algeria"
men,1978,7,Friendly,2000010101,Monday 17/07/1978,"",42983,19780717,nga,Nigeria,/world-match-centre/teams/country=nga/index.html,cmr,Cameroon,/world-match-centre/teams/country=cmr/index.html,0-0,"ALGIERS - Algiers , Algeria"
men,1978,7,Friendly,2000010101,Monday 17/07/1978,"",50431,19780717,pur,Puerto Rico,/world-match-centre/teams/country=pur/index.html,ven,Venezuela,/world-match-centre/teams/country=ven/index.html,0-2,"MEDELLIN - Medellin , Colombia"
men,1978,7,Friendly,2000010101,Tuesday 18/07/1978,"",42976,19780718,alg,Algeria,/world-match-centre/teams/country=alg/index.html,lby,Libya,/world-match-centre/teams/country=lby/index.html,2-1,"ALGIERS - Algiers , Algeria"
men,1978,7,Friendly,2000010101,Tuesday 18/07/1978,"",42977,19780718,egy,Egypt,/world-match-centre/teams/country=egy/index.html,mwi,Malawi,/world-match-centre/teams/country=mwi/index.html,4-1,"ALGIERS - Algiers , Algeria"
men,1978,7,Friendly,2000010101,Tuesday 18/07/1978,"",51949,19780718,sin,Singapore,/world-match-centre/teams/country=sin/index.html,idn,Indonesia,/world-match-centre/teams/country=idn/index.html,0-0,"Merdeka - Kuala Lumpur , Malaysia"
men,1978,7,Friendly,2000010101,Wednesday 19/07/1978,"",51946,19780719,kor,Korea Republic,/world-match-centre/teams/country=kor/index.html,irq,Iraq,/world-match-centre/teams/country=irq/index.html,2-0,"Merdeka - Kuala Lumpur , Malaysia"
men,1978,7,Friendly,2000010101,Wednesday 19/07/1978,"",51947,19780719,mas,Malaysia,/world-match-centre/teams/country=mas/index.html,tha,Thailand,/world-match-centre/teams/country=tha/index.html,2-0,"Merdeka - Kuala Lumpur , Malaysia"
men,1978,7,Friendly,2000010101,Wednesday 19/07/1978,"",51958,19780719,kor,Korea Republic,/world-match-centre/teams/country=kor/index.html,jpn,Japan,/world-match-centre/teams/country=jpn/index.html,4-0,"Merdeka - Kuala Lumpur , Malaysia"
men,1978,7,Friendly,2000010101,Wednesday 19/07/1978,"",50440,19780719,ven,Venezuela,/world-match-centre/teams/country=ven/index.html,ber,Bermuda,/world-match-centre/teams/country=ber/index.html,0-0,"MEDELLIN - Medellin , Colombia"
men,1978,7,Friendly,2000010101,Thursday 20/07/1978,"",51944,19780720,syr,Syria,/world-match-centre/teams/country=syr/index.html,idn,Indonesia,/world-match-centre/teams/country=idn/index.html,0-1,"Merdeka - Kuala Lumpur , Malaysia"
men,1978,7,Friendly,2000010101,Friday 21/07/1978,"",51942,19780721,tha,Thailand,/world-match-centre/teams/country=tha/index.html,irq,Iraq,/world-match-centre/teams/country=irq/index.html,0-1,"Merdeka - Kuala Lumpur , Malaysia"
men,1978,7,Friendly,2000010101,Friday 21/07/1978,"",51943,19780721,mas,Malaysia,/world-match-centre/teams/country=mas/index.html,kor,Korea Republic,/world-match-centre/teams/country=kor/index.html,1-3,"Merdeka - Kuala Lumpur , Malaysia"
men,1978,7,Friendly,2000010101,Friday 21/07/1978,"",51937,19780721,mas,Malaysia,/world-match-centre/teams/country=mas/index.html,jpn,Japan,/world-match-centre/teams/country=jpn/index.html,4-1,"Merdeka - Kuala Lumpur , Malaysia"
men,1978,7,Friendly,2000010101,Friday 21/07/1978,"",42984,19780721,gha,Ghana,/world-match-centre/teams/country=gha/index.html,nga,Nigeria,/world-match-centre/teams/country=nga/index.html,0-0,"ALGIERS - Algiers , Algeria"
men,1978,7,Friendly,2000010101,Friday 21/07/1978,"",42985,19780721,mli,Mali,/world-match-centre/teams/country=mli/index.html,cmr,Cameroon,/world-match-centre/teams/country=cmr/index.html,1-1,"ALGIERS - Algiers , Algeria"
men,1978,7,Friendly,2000010101,Friday 21/07/1978,"",50443,19780721,cub,Cuba,/world-match-centre/teams/country=cub/index.html,ven,Venezuela,/world-match-centre/teams/country=ven/index.html,2-0 AET,"MEDELLIN - Medellin , Colombia"
men,1978,7,Friendly,2000010101,Saturday 22/07/1978,"",42978,19780722,alg,Algeria,/world-match-centre/teams/country=alg/index.html,mwi,Malawi,/world-match-centre/teams/country=mwi/index.html,3-0,"ALGIERS - Algiers , Algeria"
men,1978,7,Friendly,2000010101,Saturday 22/07/1978,"",42979,19780722,egy,Egypt,/world-match-centre/teams/country=egy/index.html,lby,Libya,/world-match-centre/teams/country=lby/index.html,1-0,"ALGIERS - Algiers , Algeria"
men,1978,7,Friendly,2000010101,Saturday 22/07/1978,"",51940,19780722,syr,Syria,/world-match-centre/teams/country=syr/index.html,sin,Singapore,/world-match-centre/teams/country=sin/index.html,1-4,"Merdeka - Kuala Lumpur , Malaysia"
men,1978,7,Friendly,2000010101,Sunday 23/07/1978,"",51945,19780723,sin,Singapore,/world-match-centre/teams/country=sin/index.html,jpn,Japan,/world-match-centre/teams/country=jpn/index.html,2-1,"Merdeka - Kuala Lumpur , Malaysia"
men,1978,7,Friendly,2000010101,Monday 24/07/1978,"",51938,19780724,syr,Syria,/world-match-centre/teams/country=syr/index.html,irq,Iraq,/world-match-centre/teams/country=irq/index.html,1-2,"Merdeka - Kuala Lumpur , Malaysia"
men,1978,7,Friendly,2000010101,Monday 24/07/1978,"",51939,19780724,kor,Korea Republic,/world-match-centre/teams/country=kor/index.html,idn,Indonesia,/world-match-centre/teams/country=idn/index.html,2-0,"Merdeka - Kuala Lumpur , Malaysia"
men,1978,7,Friendly,2000010101,Tuesday 25/07/1978,"",51936,19780725,tha,Thailand,/world-match-centre/teams/country=tha/index.html,sin,Singapore,/world-match-centre/teams/country=sin/index.html,2-1,"Merdeka - Kuala Lumpur , Malaysia"
men,1978,7,Friendly,2000010101,Tuesday 25/07/1978,"",42986,19780725,alg,Algeria,/world-match-centre/teams/country=alg/index.html,gha,Ghana,/world-match-centre/teams/country=gha/index.html,2-0,"ALGIERS - Algiers , Algeria"
men,1978,7,Friendly,2000010101,Tuesday 25/07/1978,"",42987,19780725,nga,Nigeria,/world-match-centre/teams/country=nga/index.html,mwi,Malawi,/world-match-centre/teams/country=mwi/index.html,3-2,"ALGIERS - Algiers , Algeria"
men,1978,7,Friendly,2000010101,Wednesday 26/07/1978,"",51932,19780726,tha,Thailand,/world-match-centre/teams/country=tha/index.html,jpn,Japan,/world-match-centre/teams/country=jpn/index.html,0-4,"Merdeka - Kuala Lumpur , Malaysia"
men,1978,7,Friendly,2000010101,Wednesday 26/07/1978,"",51934,19780726,syr,Syria,/world-match-centre/teams/country=syr/index.html,kor,Korea Republic,/world-match-centre/teams/country=kor/index.html,0-2,"Merdeka - Kuala Lumpur , Malaysia"
men,1978,7,Friendly,2000010101,Wednesday 26/07/1978,"",51935,19780726,irq,Iraq,/world-match-centre/teams/country=irq/index.html,idn,Indonesia,/world-match-centre/teams/country=idn/index.html,4-0,"Merdeka - Kuala Lumpur , Malaysia"
men,1978,7,Friendly,2000010101,Thursday 27/07/1978,"",51933,19780727,mas,Malaysia,/world-match-centre/teams/country=mas/index.html,sin,Singapore,/world-match-centre/teams/country=sin/index.html,6-0,"Merdeka - Kuala Lumpur , Malaysia"
men,1978,7,Friendly,2000010101,Friday 28/07/1978,"",42988,19780728,gha,Ghana,/world-match-centre/teams/country=gha/index.html,mwi,Malawi,/world-match-centre/teams/country=mwi/index.html,1-0,"ALGIERS - Algiers , Algeria"
men,1978,7,Friendly,2000010101,Friday 28/07/1978,"",42989,19780728,alg,Algeria,/world-match-centre/teams/country=alg/index.html,nga,Nigeria,/world-match-centre/teams/country=nga/index.html,1-0,"ALGIERS - Algiers , Algeria"
men,1978,7,Friendly,2000010101,Saturday 29/07/1978,"",58126,19780729,kor,Korea Republic,/world-match-centre/teams/country=kor/index.html,irq,Iraq,/world-match-centre/teams/country=irq/index.html,2-0,"Merdeka - Kuala Lumpur , Malaysia"
men,1978,8,Continental Qualifier,3133,Sunday 20/08/1978,Group 2,9203,19780820,nor,Norway,/world-match-centre/teams/country=nor/index.html,aut,Austria,/world-match-centre/teams/country=aut/index.html,0-2,"OSLO - Oslo , Norway"
men,1978,8,Friendly,2000010101,Wednesday 09/08/1978,"",52362,19780809,fin,Finland,/world-match-centre/teams/country=fin/index.html,nor,Norway,/world-match-centre/teams/country=nor/index.html,1-1,"HELSINKI - Helsinki , Finland"
men,1978,8,Friendly,2000010101,Wednesday 16/08/1978,"",52361,19780816,den,Denmark,/world-match-centre/teams/country=den/index.html,swe,Sweden,/world-match-centre/teams/country=swe/index.html,2-1,"COPENHAGEN - Copenhagen , Denmark"
men,1978,8,Friendly,2000010101,Wednesday 30/08/1978,"",49063,19780830,fin,Finland,/world-match-centre/teams/country=fin/index.html,pol,Poland,/world-match-centre/teams/country=pol/index.html,0-1,"HELSINKI - Helsinki , Finland"
men,1978,8,Friendly,2000010101,Wednesday 30/08/1978,"",49064,19780830,gdr,German DR,/world-match-centre/teams/country=gdr/index.html,bul,Bulgaria,/world-match-centre/teams/country=bul/index.html,2-2,""
men,1978,9,Continental Qualifier,3133,Friday 01/09/1978,Group 5,9255,19780901,fra,France,/world-match-centre/teams/country=fra/index.html,swe,Sweden,/world-match-centre/teams/country=swe/index.html,2-2,"PARIS - Paris , France"
men,1978,9,Continental Qualifier,3133,Wednesday 06/09/1978,Group 4,9235,19780906,isl,Iceland,/world-match-centre/teams/country=isl/index.html,pol,Poland,/world-match-centre/teams/country=pol/index.html,0-2,"REYKJAVIK - Reykjavik , Iceland"
men,1978,9,Continental Qualifier,3133,Wednesday 20/09/1978,Group 1,9184,19780920,irl,Republic of Ireland,/world-match-centre/teams/country=irl/index.html,nir,Northern Ireland,/world-match-centre/teams/country=nir/index.html,0-0,"DUBLIN - Dublin , Republic of Ireland"
men,1978,9,Continental Qualifier,3133,Wednesday 20/09/1978,Group 1,9185,19780920,den,Denmark,/world-match-centre/teams/country=den/index.html,eng,England,/world-match-centre/teams/country=eng/index.html,3-4,"COPENHAGEN - Copenhagen , Denmark"
men,1978,9,Continental Qualifier,3133,Wednesday 20/09/1978,Group 2,9204,19780920,bel,Belgium,/world-match-centre/teams/country=bel/index.html,nor,Norway,/world-match-centre/teams/country=nor/index.html,1-1,"Daknam Stadium - Lokeren , Belgium"
men,1978,9,Continental Qualifier,3133,Wednesday 20/09/1978,Group 2,9205,19780920,aut,Austria,/world-match-centre/teams/country=aut/index.html,sco,Scotland,/world-match-centre/teams/country=sco/index.html,3-2,"VIENNA - Vienna , Austria"
men,1978,9,Continental Qualifier,3133,Wednesday 20/09/1978,Group 4,9236,19780920,ned,Netherlands,/world-match-centre/teams/country=ned/index.html,isl,Iceland,/world-match-centre/teams/country=isl/index.html,3-0,"De Goffert - Nijmegen , Netherlands"
men,1978,9,Continental Qualifier,3133,Wednesday 20/09/1978,Group 6,9268,19780920,fin,Finland,/world-match-centre/teams/country=fin/index.html,hun,Hungary,/world-match-centre/teams/country=hun/index.html,2-1,"HELSINKI - Helsinki , Finland"
men,1978,9,Continental Qualifier,3133,Wednesday 20/09/1978,Group 6,9269,19780920,urs,Soviet Union,/world-match-centre/teams/country=urs/index.html,gre,Greece,/world-match-centre/teams/country=gre/index.html,2-0,"YEREVAN - Yerevan , Armenia"
men,1978,9,Friendly,2000010101,Sunday 03/09/1978,"",49062,19780903,isl,Iceland,/world-match-centre/teams/country=isl/index.html,usa,USA,/world-match-centre/teams/country=usa/index.html,0-0,"REYKJAVIK - Reykjavik , Iceland"
men,1978,9,Friendly,2000010101,Wednesday 06/09/1978,"",49060,19780906,sui,Switzerland,/world-match-centre/teams/country=sui/index.html,usa,USA,/world-match-centre/teams/country=usa/index.html,2-0,"Swissporarena - Lucerne , Switzerland"
men,1978,9,Friendly,2000010101,Wednesday 06/09/1978,"",49061,19780906,gdr,German DR,/world-match-centre/teams/country=gdr/index.html,tch,Czechoslovakia,/world-match-centre/teams/country=tch/index.html,2-1,LEIPZIG - Leipzig
men,1978,9,Friendly,2000010101,Saturday 09/09/1978,"",52578,19780909,mas,Malaysia,/world-match-centre/teams/country=mas/index.html,bhr,Bahrain,/world-match-centre/teams/country=bhr/index.html,3-2,"DAEGU - Daegu , Korea Republic"
men,1978,9,Friendly,2000010101,Sunday 10/09/1978,"",52582,19780910,tha,Thailand,/world-match-centre/teams/country=tha/index.html,idn,Indonesia,/world-match-centre/teams/country=idn/index.html,2-0,"SEOUL - Seoul , Korea Republic"
men,1978,9,Friendly,2000010101,Monday 11/09/1978,"",52577,19780911,kor,Korea Republic,/world-match-centre/teams/country=kor/index.html,mas,Malaysia,/world-match-centre/teams/country=mas/index.html,2-2,"DAEGU - Daegu , Korea Republic"
men,1978,9,Friendly,2000010101,Wednesday 13/09/1978,"",52576,19780913,kor,Korea Republic,/world-match-centre/teams/country=kor/index.html,bhr,Bahrain,/world-match-centre/teams/country=bhr/index.html,3-1,"DAEGU - Daegu , Korea Republic"
men,1978,9,Friendly,2000010101,Wednesday 20/09/1978,"",49057,19780920,por,Portugal,/world-match-centre/teams/country=por/index.html,usa,USA,/world-match-centre/teams/country=usa/index.html,1-0,"SETUBAL - Setubal , Portugal"
men,1978,9,Friendly,2000010101,Wednesday 20/09/1978,"",49058,19780920,ita,Italy,/world-match-centre/teams/country=ita/index.html,bul,Bulgaria,/world-match-centre/teams/country=bul/index.html,1-0,"Stadio Olimpico - Turin , Italy"
men,1978,9,Friendly,2000010101,Saturday 23/09/1978,"",49056,19780923,ita,Italy,/world-match-centre/teams/country=ita/index.html,tur,Turkey,/world-match-centre/teams/country=tur/index.html,1-0,"Comunale - Florence , Italy"
men,1978,9,Friendly,2000010101,Sunday 01/10/1978,"",49054,19781001,sin,Singapore,/world-match-centre/teams/country=sin/index.html,nzl,New Zealand,/world-match-centre/teams/country=nzl/index.html,0-2,"SINGAPORE - Singapore , Singapore"
men,1978,10,Continental Qualifier,3133,Wednesday 04/10/1978,Group 3,9223,19781004,yug,Yugoslavia,/world-match-centre/teams/country=yug/index.html,esp,Spain,/world-match-centre/teams/country=esp/index.html,1-2,"ZAGREB - Zagreb , Croatia"
men,1978,10,Continental Qualifier,3133,Wednesday 04/10/1978,Group 4,9237,19781004,gdr,German DR,/world-match-centre/teams/country=gdr/index.html,isl,Iceland,/world-match-centre/teams/country=isl/index.html,3-1,""
men,1978,10,Continental Qualifier,3133,Wednesday 04/10/1978,Group 5,9256,19781004,swe,Sweden,/world-match-centre/teams/country=swe/index.html,tch,Czechoslovakia,/world-match-centre/teams/country=tch/index.html,1-3,"Rasunda Stadium - Solna , Sweden"
men,1978,10,Continental Qualifier,3133,Saturday 07/10/1978,Group 5,9257,19781007,lux,Luxembourg,/world-match-centre/teams/country=lux/index.html,fra,France,/world-match-centre/teams/country=fra/index.html,1-3,"LUXEMBOURG - Luxembourg , Luxembourg"
men,1978,10,Continental Qualifier,3133,Wednesday 11/10/1978,Group 1,9186,19781011,den,Denmark,/world-match-centre/teams/country=den/index.html,bul,Bulgaria,/world-match-centre/teams/country=bul/index.html,2-2,"COPENHAGEN - Copenhagen , Denmark"
men,1978,10,Continental Qualifier,3133,Wednesday 11/10/1978,Group 2,9206,19781011,por,Portugal,/world-match-centre/teams/country=por/index.html,bel,Belgium,/world-match-centre/teams/country=bel/index.html,1-1,"LISBON - Lisbon , Portugal"
men,1978,10,Continental Qualifier,3133,Wednesday 11/10/1978,Group 4,9238,19781011,sui,Switzerland,/world-match-centre/teams/country=sui/index.html,ned,Netherlands,/world-match-centre/teams/country=ned/index.html,1-3,"Stade de Suisse - Berne , Switzerland"
men,1978,10,Continental Qualifier,3133,Wednesday 11/10/1978,Group 6,9270,19781011,hun,Hungary,/world-match-centre/teams/country=hun/index.html,urs,Soviet Union,/world-match-centre/teams/country=urs/index.html,2-0,"BUDAPEST - Budapest , Hungary"
men,1978,10,Continental Qualifier,3133,Wednesday 11/10/1978,Group 6,9271,19781011,gre,Greece,/world-match-centre/teams/country=gre/index.html,fin,Finland,/world-match-centre/teams/country=fin/index.html,8-1,"ATHENS - Athens , Greece"
men,1978,10,Continental Qualifier,3133,Wednesday 25/10/1978,Group 1,9187,19781025,irl,Republic of Ireland,/world-match-centre/teams/country=irl/index.html,eng,England,/world-match-centre/teams/country=eng/index.html,1-1,"DUBLIN - Dublin , Republic of Ireland"
men,1978,10,Continental Qualifier,3133,Wednesday 25/10/1978,Group 1,9188,19781025,nir,Northern Ireland,/world-match-centre/teams/country=nir/index.html,den,Denmark,/world-match-centre/teams/country=den/index.html,2-1,"BELFAST - Belfast , Northern Ireland"
men,1978,10,Continental Qualifier,3133,Wednesday 25/10/1978,Group 2,9207,19781025,sco,Scotland,/world-match-centre/teams/country=sco/index.html,nor,Norway,/world-match-centre/teams/country=nor/index.html,3-2,"GLASGOW - Glasgow , Scotland"
men,1978,10,Continental Qualifier,3133,Wednesday 25/10/1978,Group 3,9224,19781025,rou,Romania,/world-match-centre/teams/country=rou/index.html,yug,Yugoslavia,/world-match-centre/teams/country=yug/index.html,3-2,"BUCHAREST - Bucharest , Romania"
men,1978,10,Continental Qualifier,3133,Wednesday 25/10/1978,Group 7,9279,19781025,wal,Wales,/world-match-centre/teams/country=wal/index.html,mlt,Malta,/world-match-centre/teams/country=mlt/index.html,7-0,"Racecourse Ground - Wrexham , Wales"
men,1978,10,Continental Qualifier,3133,Sunday 29/10/1978,Group 6,9272,19781029,gre,Greece,/world-match-centre/teams/country=gre/index.html,hun,Hungary,/world-match-centre/teams/country=hun/index.html,4-1,"THESSALONIKI - Thessaloniki , Greece"
men,1978,10,Friendly,2000010101,Sunday 01/10/1978,"",49054,19781001,sin,Singapore,/world-match-centre/teams/country=sin/index.html,nzl,New Zealand,/world-match-centre/teams/country=nzl/index.html,0-2,"SINGAPORE - Singapore , Singapore"
men,1978,10,Friendly,2000010101,Wednesday 11/10/1978,"",49051,19781011,rou,Romania,/world-match-centre/teams/country=rou/index.html,pol,Poland,/world-match-centre/teams/country=pol/index.html,1-0,"BUCHAREST - Bucharest , Romania"
men,1978,10,Friendly,2000010101,Wednesday 11/10/1978,"",49053,19781011,tch,Czechoslovakia,/world-match-centre/teams/country=tch/index.html,frg,Germany FR,/world-match-centre/teams/country=frg/index.html,3-4,PRAGUE - Prague
men,1978,10,Friendly,2000010101,Sunday 22/10/1978,"",49049,19781022,alg,Algeria,/world-match-centre/teams/country=alg/index.html,mwi,Malawi,/world-match-centre/teams/country=mwi/index.html,1-1,"LILONGWE - Lilongwe , Malawi"
men,1978,10,Friendly,2000010101,Tuesday 24/10/1978,"",49048,19781024,mwi,Malawi,/world-match-centre/teams/country=mwi/index.html,alg,Algeria,/world-match-centre/teams/country=alg/index.html,2-1,"LILONGWE - Lilongwe , Malawi"
men,1978,10,Friendly,2000010101,Saturday 28/10/1978,"",49046,19781028,zam,Zambia,/world-match-centre/teams/country=zam/index.html,alg,Algeria,/world-match-centre/teams/country=alg/index.html,0-3,"LUSAKA - Lusaka , Zambia"
men,1978,10,Friendly,2000010101,Wednesday 01/11/1978,"",50239,19781101,mwi,Malawi,/world-match-centre/teams/country=mwi/index.html,ken,Kenya,/world-match-centre/teams/country=ken/index.html,1-0,"LILONGWE - Lilongwe , Malawi"
men,1978,11,Continental Qualifier,3133,Wednesday 15/11/1978,Group 2,9208,19781115,aut,Austria,/world-match-centre/teams/country=aut/index.html,por,Portugal,/world-match-centre/teams/country=por/index.html,1-2,"VIENNA - Vienna , Austria"
men,1978,11,Continental Qualifier,3133,Wednesday 15/11/1978,Group 3,9225,19781115,esp,Spain,/world-match-centre/teams/country=esp/index.html,rou,Romania,/world-match-centre/teams/country=rou/index.html,1-0,"VALENCIA - Valencia , Spain"
men,1978,11,Continental Qualifier,3133,Wednesday 15/11/1978,Group 4,9239,19781115,ned,Netherlands,/world-match-centre/teams/country=ned/index.html,gdr,German DR,/world-match-centre/teams/country=gdr/index.html,3-0,"ROTTERDAM - Rotterdam , Netherlands"
men,1978,11,Continental Qualifier,3133,Wednesday 15/11/1978,Group 4,9240,19781115,pol,Poland,/world-match-centre/teams/country=pol/index.html,sui,Switzerland,/world-match-centre/teams/country=sui/index.html,2-0,"WROCLAW - Wroclaw , Poland"
men,1978,11,Continental Qualifier,3133,Wednesday 29/11/1978,Group 1,9189,19781129,bul,Bulgaria,/world-match-centre/teams/country=bul/index.html,nir,Northern Ireland,/world-match-centre/teams/country=nir/index.html,0-2,"SOFIA - Sofia , Bulgaria"
men,1978,11,Continental Qualifier,3133,Wednesday 29/11/1978,Group 2,9209,19781129,por,Portugal,/world-match-centre/teams/country=por/index.html,sco,Scotland,/world-match-centre/teams/country=sco/index.html,1-0,"LISBON - Lisbon , Portugal"
men,1978,11,Continental Qualifier,3133,Wednesday 29/11/1978,Group 7,9280,19781129,wal,Wales,/world-match-centre/teams/country=wal/index.html,tur,Turkey,/world-match-centre/teams/country=tur/index.html,1-0,"Racecourse Ground - Wrexham , Wales"
men,1978,11,Friendly,2000010101,Wednesday 01/11/1978,"",50239,19781101,mwi,Malawi,/world-match-centre/teams/country=mwi/index.html,ken,Kenya,/world-match-centre/teams/country=ken/index.html,1-0,"LILONGWE - Lilongwe , Malawi"
men,1978,11,Friendly,2000010101,Friday 03/11/1978,"",50238,19781103,mwi,Malawi,/world-match-centre/teams/country=mwi/index.html,som,Somalia,/world-match-centre/teams/country=som/index.html,3-1,"LILONGWE - Lilongwe , Malawi"
men,1978,11,Friendly,2000010101,Sunday 05/11/1978,"",50237,19781105,mwi,Malawi,/world-match-centre/teams/country=mwi/index.html,uga,Uganda,/world-match-centre/teams/country=uga/index.html,0-2,"LILONGWE - Lilongwe , Malawi"
men,1978,11,Friendly,2000010101,Tuesday 07/11/1978,"",50236,19781107,zam,Zambia,/world-match-centre/teams/country=zam/index.html,uga,Uganda,/world-match-centre/teams/country=uga/index.html,2-1,"LILONGWE - Lilongwe , Malawi"
men,1978,11,Friendly,2000010101,Wednesday 08/11/1978,"",49044,19781108,fra,France,/world-match-centre/teams/country=fra/index.html,esp,Spain,/world-match-centre/teams/country=esp/index.html,1-0,"PARIS - Paris , France"
men,1978,11,Friendly,2000010101,Wednesday 08/11/1978,"",49045,19781108,tch,Czechoslovakia,/world-match-centre/teams/country=tch/index.html,ita,Italy,/world-match-centre/teams/country=ita/index.html,3-0,BRATISLAVA - Bratislava
men,1978,11,Friendly,2000010101,Thursday 09/11/1978,"",50234,19781109,zam,Zambia,/world-match-centre/teams/country=zam/index.html,som,Somalia,/world-match-centre/teams/country=som/index.html,4-0,"LILONGWE - Lilongwe , Malawi"
men,1978,11,Friendly,2000010101,Thursday 09/11/1978,"",50235,19781109,ken,Kenya,/world-match-centre/teams/country=ken/index.html,uga,Uganda,/world-match-centre/teams/country=uga/index.html,0-1,"LILONGWE - Lilongwe , Malawi"
men,1978,11,Friendly,2000010101,Saturday 11/11/1978,"",50232,19781111,mwi,Malawi,/world-match-centre/teams/country=mwi/index.html,zam,Zambia,/world-match-centre/teams/country=zam/index.html,2-1,"LILONGWE - Lilongwe , Malawi"
men,1978,11,Friendly,2000010101,Saturday 11/11/1978,"",50233,19781111,ken,Kenya,/world-match-centre/teams/country=ken/index.html,som,Somalia,/world-match-centre/teams/country=som/index.html,1-0,"LILONGWE - Lilongwe , Malawi"
men,1978,11,Friendly,2000010101,Monday 13/11/1978,"",50230,19781113,som,Somalia,/world-match-centre/teams/country=som/index.html,uga,Uganda,/world-match-centre/teams/country=uga/index.html,2-2,"LILONGWE - Lilongwe , Malawi"
men,1978,11,Friendly,2000010101,Monday 13/11/1978,"",50231,19781113,ken,Kenya,/world-match-centre/teams/country=ken/index.html,zam,Zambia,/world-match-centre/teams/country=zam/index.html,0-9,"LILONGWE - Lilongwe , Malawi"
men,1978,11,Friendly,2000010101,Wednesday 15/11/1978,"",49042,19781115,frg,Germany FR,/world-match-centre/teams/country=frg/index.html,hun,Hungary,/world-match-centre/teams/country=hun/index.html,0-0,Waldstadion - Frankfurt/Main
men,1978,11,Friendly,2000010101,Wednesday 15/11/1978,"",49043,19781115,isr,Israel,/world-match-centre/teams/country=isr/index.html,bel,Belgium,/world-match-centre/teams/country=bel/index.html,1-0,"TEL AVIV - Tel Aviv , Israel"
men,1978,11,Friendly,2000010101,Wednesday 15/11/1978,"",43305,19781115,yug,Yugoslavia,/world-match-centre/teams/country=yug/index.html,gre,Greece,/world-match-centre/teams/country=gre/index.html,4-1,""
men,1978,11,Friendly,2000010101,Thursday 16/11/1978,"",49041,19781116,cyp,Cyprus,/world-match-centre/teams/country=cyp/index.html,ksa,Saudi Arabia,/world-match-centre/teams/country=ksa/index.html,2-2,"NICOSIA - Nicosia , Cyprus"
men,1978,11,Friendly,2000010101,Friday 17/11/1978,"",49040,19781117,alg,Algeria,/world-match-centre/teams/country=alg/index.html,cgo,Congo,/world-match-centre/teams/country=cgo/index.html,3-0,"ALGIERS - Algiers , Algeria"
men,1978,11,Friendly,2000010101,Friday 17/11/1978,"",50240,19781117,zam,Zambia,/world-match-centre/teams/country=zam/index.html,uga,Uganda,/world-match-centre/teams/country=uga/index.html,4-0,""
men,1978,11,Friendly,2000010101,Friday 17/11/1978,"",50241,19781117,mwi,Malawi,/world-match-centre/teams/country=mwi/index.html,ken,Kenya,/world-match-centre/teams/country=ken/index.html,2-0,""
men,1978,11,Friendly,2000010101,Sunday 19/11/1978,"",50242,19781119,ken,Kenya,/world-match-centre/teams/country=ken/index.html,uga,Uganda,/world-match-centre/teams/country=uga/index.html,2-0,""
men,1978,11,Friendly,2000010101,Sunday 19/11/1978,"",50243,19781119,mwi,Malawi,/world-match-centre/teams/country=mwi/index.html,zam,Zambia,/world-match-centre/teams/country=zam/index.html,3-2,""
men,1978,11,Friendly,2000010101,Wednesday 29/11/1978,"",49038,19781129,eng,England,/world-match-centre/teams/country=eng/index.html,tch,Czechoslovakia,/world-match-centre/teams/country=tch/index.html,1-0,"Wembley Stadium - London , England"
men,1978,12,Continental Qualifier,3133,Wednesday 13/12/1978,Group 3,9226,19781213,esp,Spain,/world-match-centre/teams/country=esp/index.html,cyp,Cyprus,/world-match-centre/teams/country=cyp/index.html,5-0,"Helmantico - Salamanca , Spain"
men,1978,12,Continental Qualifier,236417,Monday 25/12/1978,Group 4,42089,19781225,phi,Philippines,/world-match-centre/teams/country=phi/index.html,chn,China PR,/world-match-centre/teams/country=chn/index.html,0-5,"MANILA - Manila , Philippines"
men,1978,12,Continental Qualifier,236417,Monday 25/12/1978,Group 4,42090,19781225,kor,Korea Republic,/world-match-centre/teams/country=kor/index.html,mac,Macau,/world-match-centre/teams/country=mac/index.html,4-1,"MANILA - Manila , Philippines"
men,1978,12,Continental Qualifier,236417,Wednesday 27/12/1978,Group 4,42091,19781227,chn,China PR,/world-match-centre/teams/country=chn/index.html,mac,Macau,/world-match-centre/teams/country=mac/index.html,2-1,"MANILA - Manila , Philippines"
men,1978,12,Continental Qualifier,236417,Wednesday 27/12/1978,Group 4,42092,19781227,phi,Philippines,/world-match-centre/teams/country=phi/index.html,kor,Korea Republic,/world-match-centre/teams/country=kor/index.html,0-5,"MANILA - Manila , Philippines"
men,1978,12,Continental Qualifier,236417,Friday 29/12/1978,Group 4,42093,19781229,phi,Philippines,/world-match-centre/teams/country=phi/index.html,mac,Macau,/world-match-centre/teams/country=mac/index.html,1-2,"MANILA - Manila , Philippines"
men,1978,12,Continental Qualifier,236417,Friday 29/12/1978,Group 4,42094,19781229,kor,Korea Republic,/world-match-centre/teams/country=kor/index.html,chn,China PR,/world-match-centre/teams/country=chn/index.html,1-0,"MANILA - Manila , Philippines"
men,1978,12,Continental Qualifier,236498,Sunday 03/12/1978,Preliminary Stage,42298,19781203,mad,Madagascar,/world-match-centre/teams/country=mad/index.html,mwi,Malawi,/world-match-centre/teams/country=mwi/index.html,2-1,"ANTANANARIVO - Antananarivo , Madagascar"
men,1978,12,Continental Qualifier,236498,Sunday 17/12/1978,Preliminary Stage,42299,19781217,mwi,Malawi,/world-match-centre/teams/country=mwi/index.html,mad,Madagascar,/world-match-centre/teams/country=mad/index.html,5-1,"BLANTYRE - Blantyre , Malawi"
men,1978,12,Friendly,2000010101,Wednesday 06/12/1978,"",49037,19781206,cyp,Cyprus,/world-match-centre/teams/country=cyp/index.html,chn,China PR,/world-match-centre/teams/country=chn/index.html,0-0,"NICOSIA - Nicosia , Cyprus"
men,1978,12,Friendly,2000010101,Saturday 09/12/1978,"",42432,19781209,chn,China PR,/world-match-centre/teams/country=chn/index.html,qat,Qatar,/world-match-centre/teams/country=qat/index.html,3-0,"BANGKOK - Bangkok , Thailand"
men,1978,12,Friendly,2000010101,Saturday 09/12/1978,"",42433,19781209,irq,Iraq,/world-match-centre/teams/country=irq/index.html,ksa,Saudi Arabia,/world-match-centre/teams/country=ksa/index.html,1-1,"BANGKOK - Bangkok , Thailand"
men,1978,12,Friendly,2000010101,Saturday 09/12/1978,"",42447,19781209,tha,Thailand,/world-match-centre/teams/country=tha/index.html,prk,Korea DPR,/world-match-centre/teams/country=prk/index.html,0-3,"BANGKOK - Bangkok , Thailand"
men,1978,12,Friendly,2000010101,Sunday 10/12/1978,"",42438,19781210,mas,Malaysia,/world-match-centre/teams/country=mas/index.html,ban,Bangladesh,/world-match-centre/teams/country=ban/index.html,1-0,"BANGKOK - Bangkok , Thailand"
men,1978,12,Friendly,2000010101,Sunday 10/12/1978,"",42441,19781210,kuw,Kuwait,/world-match-centre/teams/country=kuw/index.html,jpn,Japan,/world-match-centre/teams/country=jpn/index.html,2-0,"Chulalaongkorn - Bangkok , Thailand"
men,1978,12,Friendly,2000010101,Sunday 10/12/1978,"",42442,19781210,kor,Korea Republic,/world-match-centre/teams/country=kor/index.html,bhr,Bahrain,/world-match-centre/teams/country=bhr/index.html,5-1,"BANGKOK - Bangkok , Thailand"
men,1978,12,Friendly,2000010101,Monday 11/12/1978,"",42434,19781211,chn,China PR,/world-match-centre/teams/country=chn/index.html,ksa,Saudi Arabia,/world-match-centre/teams/country=ksa/index.html,1-0,"BANGKOK - Bangkok , Thailand"
men,1978,12,Friendly,2000010101,Monday 11/12/1978,"",42435,19781211,irq,Iraq,/world-match-centre/teams/country=irq/index.html,qat,Qatar,/world-match-centre/teams/country=qat/index.html,2-1,"BANGKOK - Bangkok , Thailand"
men,1978,12,Friendly,2000010101,Monday 11/12/1978,"",42448,19781211,prk,Korea DPR,/world-match-centre/teams/country=prk/index.html,mya,Burma,/world-match-centre/teams/country=mya/index.html,3-0,"BANGKOK - Bangkok , Thailand"
men,1978,12,Friendly,2000010101,Tuesday 12/12/1978,"",42439,19781212,ind,India,/world-match-centre/teams/country=ind/index.html,ban,Bangladesh,/world-match-centre/teams/country=ban/index.html,3-0,"BANGKOK - Bangkok , Thailand"
men,1978,12,Friendly,2000010101,Tuesday 12/12/1978,"",42443,19781212,jpn,Japan,/world-match-centre/teams/country=jpn/index.html,bhr,Bahrain,/world-match-centre/teams/country=bhr/index.html,4-0,"Supachalasai Stadium - Bangkok , Thailand"
men,1978,12,Friendly,2000010101,Tuesday 12/12/1978,"",42444,19781212,kor,Korea Republic,/world-match-centre/teams/country=kor/index.html,kuw,Kuwait,/world-match-centre/teams/country=kuw/index.html,2-0,"BANGKOK - Bangkok , Thailand"
men,1978,12,Friendly,2000010101,Wednesday 13/12/1978,"",49036,19781213,gre,Greece,/world-match-centre/teams/country=gre/index.html,rou,Romania,/world-match-centre/teams/country=rou/index.html,2-1,"ATHENS - Athens , Greece"
men,1978,12,Friendly,2000010101,Wednesday 13/12/1978,"",42436,19781213,irq,Iraq,/world-match-centre/teams/country=irq/index.html,chn,China PR,/world-match-centre/teams/country=chn/index.html,2-0,"BANGKOK - Bangkok , Thailand"
men,1978,12,Friendly,2000010101,Wednesday 13/12/1978,"",42437,19781213,ksa,Saudi Arabia,/world-match-centre/teams/country=ksa/index.html,qat,Qatar,/world-match-centre/teams/country=qat/index.html,2-2,"BANGKOK - Bangkok , Thailand"
men,1978,12,Friendly,2000010101,Wednesday 13/12/1978,"",42449,19781213,tha,Thailand,/world-match-centre/teams/country=tha/index.html,mya,Burma,/world-match-centre/teams/country=mya/index.html,2-1,"BANGKOK - Bangkok , Thailand"
men,1978,12,Friendly,2000010101,Thursday 14/12/1978,"",42440,19781214,mas,Malaysia,/world-match-centre/teams/country=mas/index.html,ind,India,/world-match-centre/teams/country=ind/index.html,1-0,"BANGKOK - Bangkok , Thailand"
men,1978,12,Friendly,2000010101,Thursday 14/12/1978,"",42445,19781214,kuw,Kuwait,/world-match-centre/teams/country=kuw/index.html,bhr,Bahrain,/world-match-centre/teams/country=bhr/index.html,3-0,"BANGKOK - Bangkok , Thailand"
men,1978,12,Friendly,2000010101,Thursday 14/12/1978,"",42446,19781214,kor,Korea Republic,/world-match-centre/teams/country=kor/index.html,jpn,Japan,/world-match-centre/teams/country=jpn/index.html,3-1,"Chulalaongkorn - Bangkok , Thailand"
men,1978,12,Friendly,2000010101,Saturday 16/12/1978,"",42450,19781216,kor,Korea Republic,/world-match-centre/teams/country=kor/index.html,chn,China PR,/world-match-centre/teams/country=chn/index.html,1-0,"BANGKOK - Bangkok , Thailand"
men,1978,12,Friendly,2000010101,Saturday 16/12/1978,"",42451,19781216,tha,Thailand,/world-match-centre/teams/country=tha/index.html,mas,Malaysia,/world-match-centre/teams/country=mas/index.html,2-1,"BANGKOK - Bangkok , Thailand"
men,1978,12,Friendly,2000010101,Saturday 16/12/1978,"",42456,19781216,kuw,Kuwait,/world-match-centre/teams/country=kuw/index.html,ind,India,/world-match-centre/teams/country=ind/index.html,6-1,"BANGKOK - Bangkok , Thailand"
men,1978,12,Friendly,2000010101,Saturday 16/12/1978,"",42457,19781216,prk,Korea DPR,/world-match-centre/teams/country=prk/index.html,irq,Iraq,/world-match-centre/teams/country=irq/index.html,1-0,"BANGKOK - Bangkok , Thailand"
men,1978,12,Friendly,2000010101,Monday 18/12/1978,"",42452,19781218,kor,Korea Republic,/world-match-centre/teams/country=kor/index.html,mas,Malaysia,/world-match-centre/teams/country=mas/index.html,1-0,"BANGKOK - Bangkok , Thailand"
men,1978,12,Friendly,2000010101,Monday 18/12/1978,"",42453,19781218,tha,Thailand,/world-match-centre/teams/country=tha/index.html,chn,China PR,/world-match-centre/teams/country=chn/index.html,1-4,"BANGKOK - Bangkok , Thailand"
men,1978,12,Friendly,2000010101,Monday 18/12/1978,"",42458,19781218,irq,Iraq,/world-match-centre/teams/country=irq/index.html,kuw,Kuwait,/world-match-centre/teams/country=kuw/index.html,3-0,"BANGKOK - Bangkok , Thailand"
men,1978,12,Friendly,2000010101,Monday 18/12/1978,"",42459,19781218,prk,Korea DPR,/world-match-centre/teams/country=prk/index.html,ind,India,/world-match-centre/teams/country=ind/index.html,3-1,"BANGKOK - Bangkok , Thailand"
men,1978,12,Friendly,2000010101,Tuesday 19/12/1978,"",49035,19781219,isr,Israel,/world-match-centre/teams/country=isr/index.html,rou,Romania,/world-match-centre/teams/country=rou/index.html,1-1,"TEL AVIV - Tel Aviv , Israel"
men,1978,12,Friendly,2000010101,Wednesday 20/12/1978,"",49034,19781220,frg,Germany FR,/world-match-centre/teams/country=frg/index.html,ned,Netherlands,/world-match-centre/teams/country=ned/index.html,3-1,Rheinstadion - D端Sseldorf
men,1978,12,Friendly,2000010101,Wednesday 20/12/1978,"",42454,19781220,chn,China PR,/world-match-centre/teams/country=chn/index.html,mas,Malaysia,/world-match-centre/teams/country=mas/index.html,7-1,"BANGKOK - Bangkok , Thailand"
men,1978,12,Friendly,2000010101,Wednesday 20/12/1978,"",42455,19781220,tha,Thailand,/world-match-centre/teams/country=tha/index.html,kor,Korea Republic,/world-match-centre/teams/country=kor/index.html,1-3,"BANGKOK - Bangkok , Thailand"
men,1978,12,Friendly,2000010101,Wednesday 20/12/1978,"",42460,19781220,irq,Iraq,/world-match-centre/teams/country=irq/index.html,ind,India,/world-match-centre/teams/country=ind/index.html,3-0,"BANGKOK - Bangkok , Thailand"
men,1978,12,Friendly,2000010101,Wednesday 20/12/1978,"",42461,19781220,prk,Korea DPR,/world-match-centre/teams/country=prk/index.html,kuw,Kuwait,/world-match-centre/teams/country=kuw/index.html,2-2,"BANGKOK - Bangkok , Thailand"
men,1978,12,Friendly,2000010101,Thursday 21/12/1978,"",49033,19781221,ita,Italy,/world-match-centre/teams/country=ita/index.html,esp,Spain,/world-match-centre/teams/country=esp/index.html,1-0,"Stadio Olimpico - Rome , Italy"
men,1978,12,Friendly,2000010101,Friday 22/12/1978,"",42462,19781222,chn,China PR,/world-match-centre/teams/country=chn/index.html,irq,Iraq,/world-match-centre/teams/country=irq/index.html,1-0,"BANGKOK - Bangkok , Thailand"
men,1978,12,Friendly,2000010101,Friday 22/12/1978,"",42463,19781222,kor,Korea Republic,/world-match-centre/teams/country=kor/index.html,prk,Korea DPR,/world-match-centre/teams/country=prk/index.html,0-0,"BANGKOK - Bangkok , Thailand"
