Round Number,Date,Location,Home Team,Away Team,Result
1,11/09/2020 19:45,Vicarage Road,Watford,Middlesbrough,1 - 0
1,12/09/2020 12:30,St Andrew's,Birmingham City,Brentford,1 - 0
1,12/09/2020 12:30,Adams Park,Wycombe Wanderers,Rotherham United,0 - 1
1,12/09/2020 15:00,Oakwell,Barnsley,Luton Town,0 - 1
1,12/09/2020 15:00,Dean Court,Bournemouth,Blackburn Rovers,3 - 2
1,12/09/2020 15:00,Ashton Gate,Bristol City,Coventry City,2 - 1
1,12/09/2020 15:00,Cardiff City Stadium,Cardiff City,Sheffield Wednesday,0 - 2
1,12/09/2020 15:00,Pride Park Stadium,Derby County,Reading,0 - 2
1,12/09/2020 15:00,Kirklees Stadium,Huddersfield Town,Norwich City,0 - 1
1,12/09/2020 15:00,The Den,Millwall,Stoke City,0 - 0
1,12/09/2020 15:00,Deepdale,Preston North End,Swansea City,0 - 1
1,12/09/2020 15:00,Kiyan Prince Foundation Stadium,Queens Park Rangers,Nottingham Forest,2 - 0
2,18/09/2020 19:45,St Andrew's,Coventry City,Queens Park Rangers,3 - 2
2,19/09/2020 12:30,City Ground,Nottingham Forest,Cardiff City,0 - 2
2,19/09/2020 15:00,Ewood Park,Blackburn Rovers,Wycombe Wanderers,5 - 0
2,19/09/2020 15:00,Brentford Community Stadium,Brentford,Huddersfield Town,3 - 0
2,19/09/2020 15:00,Kenilworth Road,Luton Town,Derby County,2 - 1
2,19/09/2020 15:00,Riverside Stadium,Middlesbrough,Bournemouth,1 - 1
2,19/09/2020 15:00,Carrow Road,Norwich City,Preston North End,2 - 2
2,19/09/2020 15:00,Madejski Stadium,Reading,Barnsley,2 - 0
2,19/09/2020 15:00,New York Stadium,Rotherham United,Millwall,0 - 1
2,19/09/2020 15:00,Hillsborough Stadium,Sheffield Wednesday,Watford,0 - 0
2,19/09/2020 15:00,Liberty Stadium,Swansea City,Birmingham City,0 - 0
2,20/09/2020 14:00,bet365 Stadium,Stoke City,Bristol City,0 - 2
3,25/09/2020 19:45,Kirklees Stadium,Huddersfield Town,Nottingham Forest,1 - 0
3,26/09/2020 12:30,Vicarage Road,Watford,Luton Town,1 - 0
3,26/09/2020 12:30,Adams Park,Wycombe Wanderers,Swansea City,0 - 2
3,26/09/2020 15:00,Oakwell,Barnsley,Coventry City,0 - 0
3,26/09/2020 15:00,St Andrew's,Birmingham City,Rotherham United,1 - 1
3,26/09/2020 15:00,Cardiff City Stadium,Cardiff City,Reading,1 - 2
3,26/09/2020 15:00,Pride Park Stadium,Derby County,Blackburn Rovers,0 - 4
3,26/09/2020 15:00,The Den,Millwall,Brentford,1 - 1
3,26/09/2020 15:00,Deepdale,Preston North End,Stoke City,0 - 1
3,26/09/2020 15:00,Kiyan Prince Foundation Stadium,Queens Park Rangers,Middlesbrough,1 - 1
3,27/09/2020 13:00,Ashton Gate,Bristol City,Sheffield Wednesday,2 - 0
3,27/09/2020 16:00,Dean Court,Bournemouth,Norwich City,1 - 0
4,02/10/2020 19:45,St Andrew's,Coventry City,Bournemouth,1 - 3
4,03/10/2020 12:30,Carrow Road,Norwich City,Derby County,0 - 1
4,03/10/2020 15:00,Ewood Park,Blackburn Rovers,Cardiff City,0 - 0
4,03/10/2020 15:00,Kenilworth Road,Luton Town,Wycombe Wanderers,2 - 0
4,03/10/2020 15:00,Riverside Stadium,Middlesbrough,Barnsley,2 - 1
4,03/10/2020 15:00,City Ground,Nottingham Forest,Bristol City,1 - 2
4,03/10/2020 15:00,Madejski Stadium,Reading,Watford,1 - 0
4,03/10/2020 15:00,New York Stadium,Rotherham United,Huddersfield Town,1 - 1
4,03/10/2020 15:00,Hillsborough Stadium,Sheffield Wednesday,Queens Park Rangers,1 - 1
4,03/10/2020 15:00,Liberty Stadium,Swansea City,Millwall,2 - 1
4,04/10/2020 14:00,Brentford Community Stadium,Brentford,Preston North End,2 - 4
4,04/10/2020 15:00,bet365 Stadium,Stoke City,Birmingham City,1 - 1
5,16/10/2020 19:45,Pride Park Stadium,Derby County,Watford,0 - 1
5,17/10/2020 15:00,Oakwell,Barnsley,Bristol City,2 - 2
5,17/10/2020 15:00,St Andrew's,Birmingham City,Sheffield Wednesday,0 - 1
5,17/10/2020 15:00,Ewood Park,Blackburn Rovers,Nottingham Forest,0 - 1
5,17/10/2020 15:00,Dean Court,Bournemouth,Queens Park Rangers,0 - 0
5,17/10/2020 15:00,Brentford Community Stadium,Brentford,Coventry City,2 - 0
5,17/10/2020 15:00,Kenilworth Road,Luton Town,Stoke City,0 - 2
5,17/10/2020 15:00,Riverside Stadium,Middlesbrough,Reading,0 - 0
5,17/10/2020 15:00,New York Stadium,Rotherham United,Norwich City,1 - 2
5,17/10/2020 15:00,Liberty Stadium,Swansea City,Huddersfield Town,1 - 2
5,17/10/2020 15:00,Adams Park,Wycombe Wanderers,Millwall,1 - 2
5,18/10/2020 12:00,Deepdale,Preston North End,Cardiff City,0 - 1
6,20/10/2020 19:45,Ashton Gate,Bristol City,Middlesbrough,0 - 1
6,20/10/2020 19:45,St Andrew's,Coventry City,Swansea City,1 - 1
6,20/10/2020 19:45,The Den,Millwall,Luton Town,2 - 0
6,20/10/2020 19:45,Carrow Road,Norwich City,Birmingham City,1 - 0
6,20/10/2020 19:45,City Ground,Nottingham Forest,Rotherham United,1 - 1
6,20/10/2020 19:45,Kirklees Stadium,Huddersfield Town,Derby County,1 - 0
6,20/10/2020 20:00,Madejski Stadium,Reading,Wycombe Wanderers,1 - 0
6,21/10/2020 19:45,Cardiff City Stadium,Cardiff City,Bournemouth,1 - 1
6,21/10/2020 19:45,Kiyan Prince Foundation Stadium,Queens Park Rangers,Preston North End,0 - 2
6,21/10/2020 19:45,Hillsborough Stadium,Sheffield Wednesday,Brentford,1 - 2
6,21/10/2020 19:45,Vicarage Road,Watford,Blackburn Rovers,3 - 1
6,21/10/2020 19:45,bet365 Stadium,Stoke City,Barnsley,2 - 2
7,23/10/2020 19:45,City Ground,Nottingham Forest,Derby County,1 - 1
7,24/10/2020 12:30,Vicarage Road,Watford,Bournemouth,1 - 1
7,24/10/2020 15:00,Ashton Gate,Bristol City,Swansea City,1 - 1
7,24/10/2020 15:00,Cardiff City Stadium,Cardiff City,Middlesbrough,1 - 1
7,24/10/2020 15:00,St Andrew's,Coventry City,Blackburn Rovers,0 - 4
7,24/10/2020 15:00,Kirklees Stadium,Huddersfield Town,Preston North End,1 - 2
7,24/10/2020 15:00,The Den,Millwall,Barnsley,1 - 1
7,24/10/2020 15:00,Carrow Road,Norwich City,Wycombe Wanderers,2 - 1
7,24/10/2020 15:00,Kiyan Prince Foundation Stadium,Queens Park Rangers,Birmingham City,0 - 0
7,24/10/2020 15:00,Madejski Stadium,Reading,Rotherham United,3 - 0
7,24/10/2020 15:00,Hillsborough Stadium,Sheffield Wednesday,Luton Town,0 - 1
7,24/10/2020 15:00,bet365 Stadium,Stoke City,Brentford,3 - 2
8,27/10/2020 19:00,Oakwell,Barnsley,Queens Park Rangers,3 - 0
8,27/10/2020 19:45,Ewood Park,Blackburn Rovers,Reading,2 - 4
8,27/10/2020 19:45,Brentford Community Stadium,Brentford,Norwich City,1 - 1
8,27/10/2020 19:45,Riverside Stadium,Middlesbrough,Coventry City,2 - 0
8,27/10/2020 19:45,Liberty Stadium,Swansea City,Stoke City,2 - 0
8,27/10/2020 19:45,Adams Park,Wycombe Wanderers,Watford,1 - 1
8,28/10/2020 19:00,Deepdale,Preston North End,Millwall,0 - 2
8,28/10/2020 19:45,St Andrew's,Birmingham City,Huddersfield Town,2 - 1
8,28/10/2020 19:45,Dean Court,Bournemouth,Bristol City,1 - 0
8,28/10/2020 19:45,Pride Park Stadium,Derby County,Cardiff City,1 - 1
8,28/10/2020 19:45,Kenilworth Road,Luton Town,Nottingham Forest,1 - 1
8,28/10/2020 19:45,New York Stadium,Rotherham United,Sheffield Wednesday,3 - 0
9,30/10/2020 19:45,St Andrew's,Coventry City,Reading,3 - 2
9,31/10/2020 12:30,Ashton Gate,Bristol City,Norwich City,1 - 3
9,31/10/2020 15:00,Oakwell,Barnsley,Watford,1 - 0
9,31/10/2020 15:00,Dean Court,Bournemouth,Derby County,1 - 1
9,31/10/2020 15:00,Kenilworth Road,Luton Town,Brentford,0 - 3
9,31/10/2020 15:00,Riverside Stadium,Middlesbrough,Nottingham Forest,1 - 0
9,31/10/2020 15:00,The Den,Millwall,Huddersfield Town,0 - 3
9,31/10/2020 15:00,Deepdale,Preston North End,Birmingham City,1 - 2
9,31/10/2020 15:00,Kiyan Prince Foundation Stadium,Queens Park Rangers,Cardiff City,3 - 2
9,31/10/2020 15:00,bet365 Stadium,Stoke City,Rotherham United,1 - 0
9,31/10/2020 15:00,Liberty Stadium,Swansea City,Blackburn Rovers,2 - 0
9,31/10/2020 15:00,Adams Park,Wycombe Wanderers,Sheffield Wednesday,1 - 0
10,03/11/2020 19:00,Brentford Community Stadium,Brentford,Swansea City,1 - 1
10,03/11/2020 19:00,Kirklees Stadium,Huddersfield Town,Bristol City,1 - 2
10,03/11/2020 19:00,Carrow Road,Norwich City,Millwall,0 - 0
10,03/11/2020 19:00,Hillsborough Stadium,Sheffield Wednesday,Bournemouth,1 - 0
10,03/11/2020 19:45,Ewood Park,Blackburn Rovers,Middlesbrough,0 - 0
10,03/11/2020 19:45,Cardiff City Stadium,Cardiff City,Barnsley,3 - 0
10,04/11/2020 19:00,Vicarage Road,Watford,Stoke City,3 - 2
10,04/11/2020 19:00,Madejski Stadium,Reading,Preston North End,0 - 3
10,04/11/2020 19:45,St Andrew's,Birmingham City,Wycombe Wanderers,1 - 2
10,04/11/2020 19:45,Pride Park Stadium,Derby County,Queens Park Rangers,0 - 1
10,04/11/2020 19:45,City Ground,Nottingham Forest,Coventry City,2 - 1
10,04/11/2020 19:45,New York Stadium,Rotherham United,Luton Town,0 - 1
11,06/11/2020 18:00,Cardiff City Stadium,Cardiff City,Bristol City,0 - 1
11,07/11/2020 12:30,Madejski Stadium,Reading,Stoke City,0 - 3
11,07/11/2020 15:00,St Andrew's,Birmingham City,Bournemouth,1 - 3
11,07/11/2020 15:00,Ewood Park,Blackburn Rovers,Queens Park Rangers,3 - 1
11,07/11/2020 15:00,Brentford Community Stadium,Brentford,Middlesbrough,0 - 0
11,07/11/2020 15:00,Pride Park Stadium,Derby County,Barnsley,0 - 2
11,07/11/2020 15:00,Kirklees Stadium,Huddersfield Town,Luton Town,1 - 1
11,07/11/2020 15:00,Carrow Road,Norwich City,Swansea City,1 - 0
11,07/11/2020 15:00,City Ground,Nottingham Forest,Wycombe Wanderers,2 - 0
11,07/11/2020 15:00,New York Stadium,Rotherham United,Preston North End,2 - 1
11,07/11/2020 15:00,Hillsborough Stadium,Sheffield Wednesday,Millwall,0 - 0
11,07/11/2020 15:00,Vicarage Road,Watford,Coventry City,3 - 2
12,20/11/2020 19:45,St Andrew's,Coventry City,Birmingham City,0 - 0
12,21/11/2020 12:30,Dean Court,Bournemouth,Reading,4 - 2
12,21/11/2020 15:00,Oakwell,Barnsley,Nottingham Forest,2 - 0
12,21/11/2020 15:00,Ashton Gate,Bristol City,Derby County,1 - 0
12,21/11/2020 15:00,Kenilworth Road,Luton Town,Blackburn Rovers,1 - 1
12,21/11/2020 15:00,Riverside Stadium,Middlesbrough,Norwich City,0 - 1
12,21/11/2020 15:00,The Den,Millwall,Cardiff City,1 - 1
12,21/11/2020 15:00,Deepdale,Preston North End,Sheffield Wednesday,1 - 0
12,21/11/2020 15:00,Kiyan Prince Foundation Stadium,Queens Park Rangers,Watford,1 - 1
12,21/11/2020 15:00,bet365 Stadium,Stoke City,Huddersfield Town,4 - 3
12,21/11/2020 15:00,Liberty Stadium,Swansea City,Rotherham United,1 - 0
12,21/11/2020 15:00,Adams Park,Wycombe Wanderers,Brentford,0 - 0
13,24/11/2020 19:00,Kenilworth Road,Luton Town,Birmingham City,1 - 1
13,24/11/2020 19:00,Kiyan Prince Foundation Stadium,Queens Park Rangers,Rotherham United,3 - 2
13,24/11/2020 19:00,bet365 Stadium,Stoke City,Norwich City,2 - 3
13,24/11/2020 19:00,Adams Park,Wycombe Wanderers,Huddersfield Town,0 - 0
13,24/11/2020 19:45,Oakwell,Barnsley,Brentford,0 - 1
13,24/11/2020 19:45,Deepdale,Preston North End,Blackburn Rovers,0 - 3
13,24/11/2020 20:00,Dean Court,Bournemouth,Nottingham Forest,2 - 0
13,25/11/2020 19:00,Riverside Stadium,Middlesbrough,Derby County,3 - 0
13,25/11/2020 19:00,The Den,Millwall,Reading,1 - 1
13,25/11/2020 19:45,Ashton Gate,Bristol City,Watford,0 - 0
13,25/11/2020 19:45,St Andrew's,Coventry City,Cardiff City,1 - 0
13,25/11/2020 19:45,Liberty Stadium,Swansea City,Sheffield Wednesday,1 - 1
14,27/11/2020 19:45,Brentford Community Stadium,Brentford,Queens Park Rangers,2 - 1
14,28/11/2020 12:30,Madejski Stadium,Reading,Bristol City,3 - 1
14,28/11/2020 15:00,St Andrew's,Birmingham City,Millwall,0 - 0
14,28/11/2020 15:00,Ewood Park,Blackburn Rovers,Barnsley,2 - 1
14,28/11/2020 15:00,Cardiff City Stadium,Cardiff City,Luton Town,4 - 0
14,28/11/2020 15:00,Pride Park Stadium,Derby County,Wycombe Wanderers,1 - 1
14,28/11/2020 15:00,Kirklees Stadium,Huddersfield Town,Middlesbrough,3 - 2
14,28/11/2020 15:00,Carrow Road,Norwich City,Coventry City,1 - 1
14,28/11/2020 15:00,New York Stadium,Rotherham United,Bournemouth,2 - 2
14,28/11/2020 15:00,Hillsborough Stadium,Sheffield Wednesday,Stoke City,0 - 0
14,28/11/2020 15:00,Vicarage Road,Watford,Preston North End,4 - 1
14,29/11/2020 12:00,City Ground,Nottingham Forest,Swansea City,0 - 1
15,01/12/2020 19:00,Cardiff City Stadium,Cardiff City,Huddersfield Town,3 - 0
15,01/12/2020 19:45,St Andrew's,Birmingham City,Barnsley,1 - 2
15,01/12/2020 19:45,Dean Court,Bournemouth,Preston North End,2 - 3
15,01/12/2020 19:45,Pride Park Stadium,Derby County,Coventry City,1 - 1
15,01/12/2020 19:45,Kiyan Prince Foundation Stadium,Queens Park Rangers,Bristol City,1 - 2
15,01/12/2020 20:00,New York Stadium,Rotherham United,Brentford,0 - 2
15,02/12/2020 19:00,Riverside Stadium,Middlesbrough,Swansea City,2 - 1
15,02/12/2020 19:45,Ewood Park,Blackburn Rovers,Millwall,2 - 1
15,02/12/2020 19:45,Kenilworth Road,Luton Town,Norwich City,3 - 1
15,02/12/2020 19:45,City Ground,Nottingham Forest,Watford,0 - 0
15,02/12/2020 19:45,Hillsborough Stadium,Sheffield Wednesday,Reading,1 - 1
15,02/12/2020 19:45,Adams Park,Wycombe Wanderers,Stoke City,0 - 1
16,04/12/2020 17:30,Oakwell,Barnsley,Bournemouth,0 - 4
16,05/12/2020 12:30,Madejski Stadium,Reading,Nottingham Forest,2 - 0
16,05/12/2020 15:00,Brentford Community Stadium,Brentford,Blackburn Rovers,2 - 2
16,05/12/2020 15:00,Ashton Gate,Bristol City,Birmingham City,0 - 1
16,05/12/2020 15:00,St Andrew's,Coventry City,Rotherham United,3 - 1
16,05/12/2020 15:00,Kirklees Stadium,Huddersfield Town,Queens Park Rangers,2 - 0
16,05/12/2020 15:00,The Den,Millwall,Derby County,0 - 1
16,05/12/2020 15:00,Carrow Road,Norwich City,Sheffield Wednesday,2 - 1
16,05/12/2020 15:00,Deepdale,Preston North End,Wycombe Wanderers,2 - 2
16,05/12/2020 15:00,bet365 Stadium,Stoke City,Middlesbrough,1 - 0
16,05/12/2020 15:00,Liberty Stadium,Swansea City,Luton Town,2 - 0
16,05/12/2020 15:00,Vicarage Road,Watford,Cardiff City,0 - 1
17,08/12/2020 19:45,St Andrew's,Coventry City,Luton Town,0 - 0
17,08/12/2020 19:45,Kirklees Stadium,Huddersfield Town,Sheffield Wednesday,2 - 0
17,08/12/2020 19:45,The Den,Millwall,Queens Park Rangers,1 - 1
17,08/12/2020 19:45,Liberty Stadium,Swansea City,Bournemouth,0 - 0
17,08/12/2020 19:45,Vicarage Road,Watford,Rotherham United,2 - 0
17,08/12/2020 19:45,bet365 Stadium,Stoke City,Cardiff City,1 - 2
17,09/12/2020 19:00,Deepdale,Preston North End,Middlesbrough,3 - 0
17,09/12/2020 19:45,Oakwell,Barnsley,Wycombe Wanderers,2 - 1
17,09/12/2020 19:45,Brentford Community Stadium,Brentford,Derby County,0 - 0
17,09/12/2020 19:45,Ashton Gate,Bristol City,Blackburn Rovers,1 - 0
17,09/12/2020 19:45,Carrow Road,Norwich City,Nottingham Forest,2 - 1
17,09/12/2020 19:45,Madejski Stadium,Reading,Birmingham City,1 - 2
18,12/12/2020 12:30,Cardiff City Stadium,Cardiff City,Swansea City,0 - 2
18,12/12/2020 15:00,St Andrew's,Birmingham City,Watford,0 - 1
18,12/12/2020 15:00,Ewood Park,Blackburn Rovers,Norwich City,1 - 2
18,12/12/2020 15:00,Dean Court,Bournemouth,Huddersfield Town,5 - 0
18,12/12/2020 15:00,Pride Park Stadium,Derby County,Stoke City,0 - 0
18,12/12/2020 15:00,Kenilworth Road,Luton Town,Preston North End,3 - 0
18,12/12/2020 15:00,Riverside Stadium,Middlesbrough,Millwall,3 - 0
18,12/12/2020 15:00,City Ground,Nottingham Forest,Brentford,1 - 3
18,12/12/2020 15:00,Kiyan Prince Foundation Stadium,Queens Park Rangers,Reading,0 - 1
18,12/12/2020 15:00,New York Stadium,Rotherham United,Bristol City,2 - 0
18,12/12/2020 15:00,Hillsborough Stadium,Sheffield Wednesday,Barnsley,1 - 2
18,12/12/2020 15:00,Adams Park,Wycombe Wanderers,Coventry City,1 - 2
19,15/12/2020 17:30,Kiyan Prince Foundation Stadium,Queens Park Rangers,Stoke City,
19,15/12/2020 19:45,Oakwell,Barnsley,Preston North End,
19,15/12/2020 19:45,Dean Court,Bournemouth,Wycombe Wanderers,
19,15/12/2020 19:45,Ashton Gate,Bristol City,Millwall,
19,15/12/2020 19:45,City Ground,Nottingham Forest,Sheffield Wednesday,
19,15/12/2020 20:00,Vicarage Road,Watford,Brentford,
19,16/12/2020 17:30,Pride Park Stadium,Derby County,Swansea City,
19,16/12/2020 19:00,Riverside Stadium,Middlesbrough,Luton Town,
19,16/12/2020 19:45,Ewood Park,Blackburn Rovers,Rotherham United,
19,16/12/2020 19:45,Cardiff City Stadium,Cardiff City,Birmingham City,
19,16/12/2020 20:00,St Andrew's,Coventry City,Huddersfield Town,
19,16/12/2020 20:00,Madejski Stadium,Reading,Norwich City,
20,18/12/2020 20:00,Deepdale,Preston North End,Bristol City,
20,19/12/2020 12:30,Carrow Road,Norwich City,Cardiff City,
20,19/12/2020 15:00,St Andrew's,Birmingham City,Middlesbrough,
20,19/12/2020 15:00,Brentford Community Stadium,Brentford,Reading,
20,19/12/2020 15:00,Kirklees Stadium,Huddersfield Town,Watford,
20,19/12/2020 15:00,Kenilworth Road,Luton Town,Bournemouth,
20,19/12/2020 15:00,The Den,Millwall,Nottingham Forest,
20,19/12/2020 15:00,New York Stadium,Rotherham United,Derby County,
20,19/12/2020 15:00,Hillsborough Stadium,Sheffield Wednesday,Coventry City,
20,19/12/2020 15:00,bet365 Stadium,Stoke City,Blackburn Rovers,
20,19/12/2020 15:00,Liberty Stadium,Swansea City,Barnsley,
20,19/12/2020 15:00,Adams Park,Wycombe Wanderers,Queens Park Rangers,
21,26/12/2020 15:00,Oakwell,Barnsley,Huddersfield Town,
21,26/12/2020 15:00,Ewood Park,Blackburn Rovers,Sheffield Wednesday,
21,26/12/2020 15:00,Dean Court,Bournemouth,Millwall,
21,26/12/2020 15:00,Ashton Gate,Bristol City,Wycombe Wanderers,
21,26/12/2020 15:00,Cardiff City Stadium,Cardiff City,Brentford,
21,26/12/2020 15:00,St Andrew's,Coventry City,Stoke City,
21,26/12/2020 15:00,Pride Park Stadium,Derby County,Preston North End,
21,26/12/2020 15:00,Riverside Stadium,Middlesbrough,Rotherham United,
21,26/12/2020 15:00,City Ground,Nottingham Forest,Birmingham City,
21,26/12/2020 15:00,Kiyan Prince Foundation Stadium,Queens Park Rangers,Swansea City,
21,26/12/2020 15:00,Madejski Stadium,Reading,Luton Town,
21,26/12/2020 19:45,Vicarage Road,Watford,Norwich City,
22,29/12/2020 17:30,The Den,Millwall,Watford,
22,29/12/2020 19:45,St Andrew's,Birmingham City,Derby County,
22,29/12/2020 19:45,Kirklees Stadium,Huddersfield Town,Blackburn Rovers,
22,29/12/2020 19:45,Kenilworth Road,Luton Town,Bristol City,
22,29/12/2020 19:45,Carrow Road,Norwich City,Queens Park Rangers,
22,29/12/2020 19:45,Deepdale,Preston North End,Coventry City,
22,29/12/2020 19:45,New York Stadium,Rotherham United,Barnsley,
22,29/12/2020 19:45,Hillsborough Stadium,Sheffield Wednesday,Middlesbrough,
22,29/12/2020 19:45,Adams Park,Wycombe Wanderers,Cardiff City,
22,29/12/2020 20:00,bet365 Stadium,Stoke City,Nottingham Forest,
22,30/12/2020 17:30,Brentford Community Stadium,Brentford,Bournemouth,
22,30/12/2020 20:00,Liberty Stadium,Swansea City,Reading,
23,02/01/2021 15:00,St Andrew's,Birmingham City,Blackburn Rovers,
23,02/01/2021 15:00,Brentford Community Stadium,Brentford,Bristol City,
23,02/01/2021 15:00,Kirklees Stadium,Huddersfield Town,Reading,
23,02/01/2021 15:00,Kenilworth Road,Luton Town,Queens Park Rangers,
23,02/01/2021 15:00,The Den,Millwall,Coventry City,
23,02/01/2021 15:00,Carrow Road,Norwich City,Barnsley,
23,02/01/2021 15:00,Deepdale,Preston North End,Nottingham Forest,
23,02/01/2021 15:00,New York Stadium,Rotherham United,Cardiff City,
23,02/01/2021 15:00,Hillsborough Stadium,Sheffield Wednesday,Derby County,
23,02/01/2021 15:00,bet365 Stadium,Stoke City,Bournemouth,
23,02/01/2021 15:00,Liberty Stadium,Swansea City,Watford,
23,02/01/2021 15:00,Adams Park,Wycombe Wanderers,Middlesbrough,
24,16/01/2021 15:00,Oakwell,Barnsley,Swansea City,
24,16/01/2021 15:00,Ewood Park,Blackburn Rovers,Stoke City,
24,16/01/2021 15:00,Dean Court,Bournemouth,Luton Town,
24,16/01/2021 15:00,Ashton Gate,Bristol City,Preston North End,
24,16/01/2021 15:00,Cardiff City Stadium,Cardiff City,Norwich City,
24,16/01/2021 15:00,St Andrew's,Coventry City,Sheffield Wednesday,
24,16/01/2021 15:00,Pride Park Stadium,Derby County,Rotherham United,
24,16/01/2021 15:00,Riverside Stadium,Middlesbrough,Birmingham City,
24,16/01/2021 15:00,City Ground,Nottingham Forest,Millwall,
24,16/01/2021 15:00,Kiyan Prince Foundation Stadium,Queens Park Rangers,Wycombe Wanderers,
24,16/01/2021 15:00,Madejski Stadium,Reading,Brentford,
24,16/01/2021 15:00,Vicarage Road,Watford,Huddersfield Town,
25,19/01/2021 19:00,Madejski Stadium,Reading,Coventry City,
25,19/01/2021 19:45,Ewood Park,Blackburn Rovers,Swansea City,
25,19/01/2021 19:45,Pride Park Stadium,Derby County,Bournemouth,
25,19/01/2021 19:45,New York Stadium,Rotherham United,Stoke City,
25,19/01/2021 19:45,Hillsborough Stadium,Sheffield Wednesday,Wycombe Wanderers,
25,19/01/2021 19:45,Vicarage Road,Watford,Barnsley,
25,20/01/2021 19:45,St Andrew's,Birmingham City,Preston North End,
25,20/01/2021 19:45,Brentford Community Stadium,Brentford,Luton Town,
25,20/01/2021 19:45,Cardiff City Stadium,Cardiff City,Queens Park Rangers,
25,20/01/2021 19:45,Kirklees Stadium,Huddersfield Town,Millwall,
25,20/01/2021 19:45,Carrow Road,Norwich City,Bristol City,
25,20/01/2021 19:45,City Ground,Nottingham Forest,Middlesbrough,
26,23/01/2021 15:00,Oakwell,Barnsley,Cardiff City,
26,23/01/2021 15:00,Dean Court,Bournemouth,Sheffield Wednesday,
26,23/01/2021 15:00,St Andrew's,Coventry City,Nottingham Forest,
26,23/01/2021 15:00,Kenilworth Road,Luton Town,Rotherham United,
26,23/01/2021 15:00,Riverside Stadium,Middlesbrough,Blackburn Rovers,
26,23/01/2021 15:00,The Den,Millwall,Norwich City,
26,23/01/2021 15:00,Deepdale,Preston North End,Reading,
26,23/01/2021 15:00,Kiyan Prince Foundation Stadium,Queens Park Rangers,Derby County,
26,23/01/2021 15:00,bet365 Stadium,Stoke City,Watford,
26,23/01/2021 15:00,Liberty Stadium,Swansea City,Brentford,
26,23/01/2021 15:00,Adams Park,Wycombe Wanderers,Birmingham City,
26,24/01/2021 12:00,Ashton Gate,Bristol City,Huddersfield Town,
27,30/01/2021 15:00,St Andrew's,Birmingham City,Coventry City,
27,30/01/2021 15:00,Ewood Park,Blackburn Rovers,Luton Town,
27,30/01/2021 15:00,Brentford Community Stadium,Brentford,Wycombe Wanderers,
27,30/01/2021 15:00,Cardiff City Stadium,Cardiff City,Millwall,
27,30/01/2021 15:00,Pride Park Stadium,Derby County,Bristol City,
27,30/01/2021 15:00,Kirklees Stadium,Huddersfield Town,Stoke City,
27,30/01/2021 15:00,Carrow Road,Norwich City,Middlesbrough,
27,30/01/2021 15:00,City Ground,Nottingham Forest,Barnsley,
27,30/01/2021 15:00,Madejski Stadium,Reading,Bournemouth,
27,30/01/2021 15:00,New York Stadium,Rotherham United,Swansea City,
27,30/01/2021 15:00,Hillsborough Stadium,Sheffield Wednesday,Preston North End,
27,30/01/2021 15:00,Vicarage Road,Watford,Queens Park Rangers,
28,06/02/2021 15:00,Oakwell,Barnsley,Derby County,
28,06/02/2021 15:00,Dean Court,Bournemouth,Birmingham City,
28,06/02/2021 15:00,Ashton Gate,Bristol City,Cardiff City,
28,06/02/2021 15:00,St Andrew's,Coventry City,Watford,
28,06/02/2021 15:00,Kenilworth Road,Luton Town,Huddersfield Town,
28,06/02/2021 15:00,Riverside Stadium,Middlesbrough,Brentford,
28,06/02/2021 15:00,The Den,Millwall,Sheffield Wednesday,
28,06/02/2021 15:00,Deepdale,Preston North End,Rotherham United,
28,06/02/2021 15:00,Kiyan Prince Foundation Stadium,Queens Park Rangers,Blackburn Rovers,
28,06/02/2021 15:00,bet365 Stadium,Stoke City,Reading,
28,06/02/2021 15:00,Liberty Stadium,Swansea City,Norwich City,
28,06/02/2021 15:00,Adams Park,Wycombe Wanderers,Nottingham Forest,
29,13/02/2021 15:00,St Andrew's,Birmingham City,Luton Town,
29,13/02/2021 15:00,Ewood Park,Blackburn Rovers,Preston North End,
29,13/02/2021 15:00,Brentford Community Stadium,Brentford,Barnsley,
29,13/02/2021 15:00,Cardiff City Stadium,Cardiff City,Coventry City,
29,13/02/2021 15:00,Pride Park Stadium,Derby County,Middlesbrough,
29,13/02/2021 15:00,Kirklees Stadium,Huddersfield Town,Wycombe Wanderers,
29,13/02/2021 15:00,Carrow Road,Norwich City,Stoke City,
29,13/02/2021 15:00,City Ground,Nottingham Forest,Bournemouth,
29,13/02/2021 15:00,Madejski Stadium,Reading,Millwall,
29,13/02/2021 15:00,New York Stadium,Rotherham United,Queens Park Rangers,
29,13/02/2021 15:00,Hillsborough Stadium,Sheffield Wednesday,Swansea City,
29,13/02/2021 15:00,Vicarage Road,Watford,Bristol City,
30,16/02/2021 19:45,Ashton Gate,Bristol City,Reading,
30,16/02/2021 19:45,Kenilworth Road,Luton Town,Cardiff City,
30,16/02/2021 19:45,Riverside Stadium,Middlesbrough,Huddersfield Town,
30,16/02/2021 19:45,Deepdale,Preston North End,Watford,
30,16/02/2021 19:45,Adams Park,Wycombe Wanderers,Derby County,
30,16/02/2021 20:00,bet365 Stadium,Stoke City,Sheffield Wednesday,
30,17/02/2021 19:45,Oakwell,Barnsley,Blackburn Rovers,
30,17/02/2021 19:45,Dean Court,Bournemouth,Rotherham United,
30,17/02/2021 19:45,St Andrew's,Coventry City,Norwich City,
30,17/02/2021 19:45,The Den,Millwall,Birmingham City,
30,17/02/2021 19:45,Kiyan Prince Foundation Stadium,Queens Park Rangers,Brentford,
30,17/02/2021 19:45,Liberty Stadium,Swansea City,Nottingham Forest,
31,20/02/2021 15:00,Ashton Gate,Bristol City,Barnsley,
31,20/02/2021 15:00,Cardiff City Stadium,Cardiff City,Preston North End,
31,20/02/2021 15:00,St Andrew's,Coventry City,Brentford,
31,20/02/2021 15:00,Kirklees Stadium,Huddersfield Town,Swansea City,
31,20/02/2021 15:00,The Den,Millwall,Wycombe Wanderers,
31,20/02/2021 15:00,Carrow Road,Norwich City,Rotherham United,
31,20/02/2021 15:00,City Ground,Nottingham Forest,Blackburn Rovers,
31,20/02/2021 15:00,Kiyan Prince Foundation Stadium,Queens Park Rangers,Bournemouth,
31,20/02/2021 15:00,Madejski Stadium,Reading,Middlesbrough,
31,20/02/2021 15:00,Hillsborough Stadium,Sheffield Wednesday,Birmingham City,
31,20/02/2021 15:00,bet365 Stadium,Stoke City,Luton Town,
31,20/02/2021 15:00,Vicarage Road,Watford,Derby County,
32,23/02/2021 19:45,St Andrew's,Birmingham City,Norwich City,
32,23/02/2021 19:45,Pride Park Stadium,Derby County,Huddersfield Town,
32,23/02/2021 19:45,Kenilworth Road,Luton Town,Millwall,
32,23/02/2021 19:45,Riverside Stadium,Middlesbrough,Bristol City,
32,23/02/2021 19:45,New York Stadium,Rotherham United,Nottingham Forest,
32,23/02/2021 19:45,Adams Park,Wycombe Wanderers,Reading,
32,24/02/2021 19:45,Oakwell,Barnsley,Stoke City,
32,24/02/2021 19:45,Ewood Park,Blackburn Rovers,Watford,
32,24/02/2021 19:45,Dean Court,Bournemouth,Cardiff City,
32,24/02/2021 19:45,Brentford Community Stadium,Brentford,Sheffield Wednesday,
32,24/02/2021 19:45,Deepdale,Preston North End,Queens Park Rangers,
32,24/02/2021 19:45,Liberty Stadium,Swansea City,Coventry City,
33,27/02/2021 15:00,Oakwell,Barnsley,Millwall,
33,27/02/2021 15:00,St Andrew's,Birmingham City,Queens Park Rangers,
33,27/02/2021 15:00,Ewood Park,Blackburn Rovers,Coventry City,
33,27/02/2021 15:00,Dean Court,Bournemouth,Watford,
33,27/02/2021 15:00,Brentford Community Stadium,Brentford,Stoke City,
33,27/02/2021 15:00,Pride Park Stadium,Derby County,Nottingham Forest,
33,27/02/2021 15:00,Kenilworth Road,Luton Town,Sheffield Wednesday,
33,27/02/2021 15:00,Riverside Stadium,Middlesbrough,Cardiff City,
33,27/02/2021 15:00,Deepdale,Preston North End,Huddersfield Town,
33,27/02/2021 15:00,New York Stadium,Rotherham United,Reading,
33,27/02/2021 15:00,Liberty Stadium,Swansea City,Bristol City,
33,27/02/2021 15:00,Adams Park,Wycombe Wanderers,Norwich City,
34,02/03/2021 19:45,Cardiff City Stadium,Cardiff City,Derby County,
34,02/03/2021 19:45,St Andrew's,Coventry City,Middlesbrough,
34,02/03/2021 19:45,Kirklees Stadium,Huddersfield Town,Birmingham City,
34,02/03/2021 19:45,The Den,Millwall,Preston North End,
34,02/03/2021 19:45,City Ground,Nottingham Forest,Luton Town,
34,02/03/2021 20:00,Madejski Stadium,Reading,Blackburn Rovers,
34,03/03/2021 19:45,Ashton Gate,Bristol City,Bournemouth,
34,03/03/2021 19:45,Carrow Road,Norwich City,Brentford,
34,03/03/2021 19:45,Kiyan Prince Foundation Stadium,Queens Park Rangers,Barnsley,
34,03/03/2021 19:45,Hillsborough Stadium,Sheffield Wednesday,Rotherham United,
34,03/03/2021 19:45,Vicarage Road,Watford,Wycombe Wanderers,
34,03/03/2021 20:00,bet365 Stadium,Stoke City,Swansea City,
35,06/03/2021 15:00,Oakwell,Barnsley,Birmingham City,
35,06/03/2021 15:00,Brentford Community Stadium,Brentford,Rotherham United,
35,06/03/2021 15:00,Ashton Gate,Bristol City,Queens Park Rangers,
35,06/03/2021 15:00,St Andrew's,Coventry City,Derby County,
35,06/03/2021 15:00,Kirklees Stadium,Huddersfield Town,Cardiff City,
35,06/03/2021 15:00,The Den,Millwall,Blackburn Rovers,
35,06/03/2021 15:00,Carrow Road,Norwich City,Luton Town,
35,06/03/2021 15:00,Deepdale,Preston North End,Bournemouth,
35,06/03/2021 15:00,Madejski Stadium,Reading,Sheffield Wednesday,
35,06/03/2021 15:00,bet365 Stadium,Stoke City,Wycombe Wanderers,
35,06/03/2021 15:00,Liberty Stadium,Swansea City,Middlesbrough,
35,06/03/2021 15:00,Vicarage Road,Watford,Nottingham Forest,
36,13/03/2021 15:00,St Andrew's,Birmingham City,Bristol City,
36,13/03/2021 15:00,Ewood Park,Blackburn Rovers,Brentford,
36,13/03/2021 15:00,Dean Court,Bournemouth,Barnsley,
36,13/03/2021 15:00,Cardiff City Stadium,Cardiff City,Watford,
36,13/03/2021 15:00,Pride Park Stadium,Derby County,Millwall,
36,13/03/2021 15:00,Kenilworth Road,Luton Town,Swansea City,
36,13/03/2021 15:00,Riverside Stadium,Middlesbrough,Stoke City,
36,13/03/2021 15:00,City Ground,Nottingham Forest,Reading,
36,13/03/2021 15:00,Kiyan Prince Foundation Stadium,Queens Park Rangers,Huddersfield Town,
36,13/03/2021 15:00,New York Stadium,Rotherham United,Coventry City,
36,13/03/2021 15:00,Hillsborough Stadium,Sheffield Wednesday,Norwich City,
36,13/03/2021 15:00,Adams Park,Wycombe Wanderers,Preston North End,
37,16/03/2021 19:45,Dean Court,Bournemouth,Swansea City,
37,16/03/2021 19:45,Cardiff City Stadium,Cardiff City,Stoke City,
37,16/03/2021 19:45,Pride Park Stadium,Derby County,Brentford,
37,16/03/2021 19:45,Kenilworth Road,Luton Town,Coventry City,
37,16/03/2021 19:45,Riverside Stadium,Middlesbrough,Preston North End,
37,16/03/2021 19:45,New York Stadium,Rotherham United,Watford,
37,17/03/2021 19:45,St Andrew's,Birmingham City,Reading,
37,17/03/2021 19:45,Ewood Park,Blackburn Rovers,Bristol City,
37,17/03/2021 19:45,City Ground,Nottingham Forest,Norwich City,
37,17/03/2021 19:45,Kiyan Prince Foundation Stadium,Queens Park Rangers,Millwall,
37,17/03/2021 19:45,Hillsborough Stadium,Sheffield Wednesday,Huddersfield Town,
37,17/03/2021 19:45,Adams Park,Wycombe Wanderers,Barnsley,
38,20/03/2021 15:00,Oakwell,Barnsley,Sheffield Wednesday,
38,20/03/2021 15:00,Brentford Community Stadium,Brentford,Nottingham Forest,
38,20/03/2021 15:00,Ashton Gate,Bristol City,Rotherham United,
38,20/03/2021 15:00,St Andrew's,Coventry City,Wycombe Wanderers,
38,20/03/2021 15:00,Kirklees Stadium,Huddersfield Town,Bournemouth,
38,20/03/2021 15:00,The Den,Millwall,Middlesbrough,
38,20/03/2021 15:00,Carrow Road,Norwich City,Blackburn Rovers,
38,20/03/2021 15:00,Deepdale,Preston North End,Luton Town,
38,20/03/2021 15:00,Madejski Stadium,Reading,Queens Park Rangers,
38,20/03/2021 15:00,bet365 Stadium,Stoke City,Derby County,
38,20/03/2021 15:00,Liberty Stadium,Swansea City,Cardiff City,
38,20/03/2021 15:00,Vicarage Road,Watford,Birmingham City,
39,02/04/2021 15:00,Oakwell,Barnsley,Reading,
39,02/04/2021 15:00,St Andrew's,Birmingham City,Swansea City,
39,02/04/2021 15:00,Dean Court,Bournemouth,Middlesbrough,
39,02/04/2021 15:00,Ashton Gate,Bristol City,Stoke City,
39,02/04/2021 15:00,Cardiff City Stadium,Cardiff City,Nottingham Forest,
39,02/04/2021 15:00,Pride Park Stadium,Derby County,Luton Town,
39,02/04/2021 15:00,Kirklees Stadium,Huddersfield Town,Brentford,
39,02/04/2021 15:00,The Den,Millwall,Rotherham United,
39,02/04/2021 15:00,Deepdale,Preston North End,Norwich City,
39,02/04/2021 15:00,Kiyan Prince Foundation Stadium,Queens Park Rangers,Coventry City,
39,02/04/2021 15:00,Vicarage Road,Watford,Sheffield Wednesday,
39,02/04/2021 15:00,Adams Park,Wycombe Wanderers,Blackburn Rovers,
40,05/04/2021 15:00,Ewood Park,Blackburn Rovers,Bournemouth,
40,05/04/2021 15:00,Brentford Community Stadium,Brentford,Birmingham City,
40,05/04/2021 15:00,St Andrew's,Coventry City,Bristol City,
40,05/04/2021 15:00,Kenilworth Road,Luton Town,Barnsley,
40,05/04/2021 15:00,Riverside Stadium,Middlesbrough,Watford,
40,05/04/2021 15:00,Carrow Road,Norwich City,Huddersfield Town,
40,05/04/2021 15:00,City Ground,Nottingham Forest,Queens Park Rangers,
40,05/04/2021 15:00,Madejski Stadium,Reading,Derby County,
40,05/04/2021 15:00,New York Stadium,Rotherham United,Wycombe Wanderers,
40,05/04/2021 15:00,Hillsborough Stadium,Sheffield Wednesday,Cardiff City,
40,05/04/2021 15:00,bet365 Stadium,Stoke City,Millwall,
40,05/04/2021 15:00,Liberty Stadium,Swansea City,Preston North End,
41,10/04/2021 15:00,Oakwell,Barnsley,Middlesbrough,
41,10/04/2021 15:00,St Andrew's,Birmingham City,Stoke City,
41,10/04/2021 15:00,Dean Court,Bournemouth,Coventry City,
41,10/04/2021 15:00,Ashton Gate,Bristol City,Nottingham Forest,
41,10/04/2021 15:00,Cardiff City Stadium,Cardiff City,Blackburn Rovers,
41,10/04/2021 15:00,Pride Park Stadium,Derby County,Norwich City,
41,10/04/2021 15:00,Kirklees Stadium,Huddersfield Town,Rotherham United,
41,10/04/2021 15:00,The Den,Millwall,Swansea City,
41,10/04/2021 15:00,Deepdale,Preston North End,Brentford,
41,10/04/2021 15:00,Kiyan Prince Foundation Stadium,Queens Park Rangers,Sheffield Wednesday,
41,10/04/2021 15:00,Vicarage Road,Watford,Reading,
41,10/04/2021 15:00,Adams Park,Wycombe Wanderers,Luton Town,
42,17/04/2021 15:00,Ewood Park,Blackburn Rovers,Derby County,
42,17/04/2021 15:00,Brentford Community Stadium,Brentford,Millwall,
42,17/04/2021 15:00,St Andrew's,Coventry City,Barnsley,
42,17/04/2021 15:00,Kenilworth Road,Luton Town,Watford,
42,17/04/2021 15:00,Riverside Stadium,Middlesbrough,Queens Park Rangers,
42,17/04/2021 15:00,Carrow Road,Norwich City,Bournemouth,
42,17/04/2021 15:00,City Ground,Nottingham Forest,Huddersfield Town,
42,17/04/2021 15:00,Madejski Stadium,Reading,Cardiff City,
42,17/04/2021 15:00,New York Stadium,Rotherham United,Birmingham City,
42,17/04/2021 15:00,Hillsborough Stadium,Sheffield Wednesday,Bristol City,
42,17/04/2021 15:00,bet365 Stadium,Stoke City,Preston North End,
42,17/04/2021 15:00,Liberty Stadium,Swansea City,Wycombe Wanderers,
43,20/04/2021 19:45,St Andrew's,Birmingham City,Nottingham Forest,
43,20/04/2021 19:45,Brentford Community Stadium,Brentford,Cardiff City,
43,20/04/2021 19:45,Carrow Road,Norwich City,Watford,
43,20/04/2021 19:45,Deepdale,Preston North End,Derby County,
43,20/04/2021 19:45,Hillsborough Stadium,Sheffield Wednesday,Blackburn Rovers,
43,20/04/2021 19:45,Liberty Stadium,Swansea City,Queens Park Rangers,
43,21/04/2021 19:45,Kirklees Stadium,Huddersfield Town,Barnsley,
43,21/04/2021 19:45,Kenilworth Road,Luton Town,Reading,
43,21/04/2021 19:45,The Den,Millwall,Bournemouth,
43,21/04/2021 19:45,New York Stadium,Rotherham United,Middlesbrough,
43,21/04/2021 19:45,Adams Park,Wycombe Wanderers,Bristol City,
43,21/04/2021 20:00,bet365 Stadium,Stoke City,Coventry City,
44,24/04/2021 15:00,Oakwell,Barnsley,Rotherham United,
44,24/04/2021 15:00,Ewood Park,Blackburn Rovers,Huddersfield Town,
44,24/04/2021 15:00,Dean Court,Bournemouth,Brentford,
44,24/04/2021 15:00,Ashton Gate,Bristol City,Luton Town,
44,24/04/2021 15:00,Cardiff City Stadium,Cardiff City,Wycombe Wanderers,
44,24/04/2021 15:00,St Andrew's,Coventry City,Preston North End,
44,24/04/2021 15:00,Pride Park Stadium,Derby County,Birmingham City,
44,24/04/2021 15:00,Riverside Stadium,Middlesbrough,Sheffield Wednesday,
44,24/04/2021 15:00,City Ground,Nottingham Forest,Stoke City,
44,24/04/2021 15:00,Kiyan Prince Foundation Stadium,Queens Park Rangers,Norwich City,
44,24/04/2021 15:00,Madejski Stadium,Reading,Swansea City,
44,24/04/2021 15:00,Vicarage Road,Watford,Millwall,
45,01/05/2021 15:00,St Andrew's,Birmingham City,Cardiff City,
45,01/05/2021 15:00,Brentford Community Stadium,Brentford,Watford,
45,01/05/2021 15:00,Kirklees Stadium,Huddersfield Town,Coventry City,
45,01/05/2021 15:00,Kenilworth Road,Luton Town,Middlesbrough,
45,01/05/2021 15:00,The Den,Millwall,Bristol City,
45,01/05/2021 15:00,Carrow Road,Norwich City,Reading,
45,01/05/2021 15:00,Deepdale,Preston North End,Barnsley,
45,01/05/2021 15:00,New York Stadium,Rotherham United,Blackburn Rovers,
45,01/05/2021 15:00,Hillsborough Stadium,Sheffield Wednesday,Nottingham Forest,
45,01/05/2021 15:00,bet365 Stadium,Stoke City,Queens Park Rangers,
45,01/05/2021 15:00,Liberty Stadium,Swansea City,Derby County,
45,01/05/2021 15:00,Adams Park,Wycombe Wanderers,Bournemouth,
46,08/05/2021 15:00,Oakwell,Barnsley,Norwich City,
46,08/05/2021 15:00,Ewood Park,Blackburn Rovers,Birmingham City,
46,08/05/2021 15:00,Dean Court,Bournemouth,Stoke City,
46,08/05/2021 15:00,Ashton Gate,Bristol City,Brentford,
46,08/05/2021 15:00,Cardiff City Stadium,Cardiff City,Rotherham United,
46,08/05/2021 15:00,St Andrew's,Coventry City,Millwall,
46,08/05/2021 15:00,Pride Park Stadium,Derby County,Sheffield Wednesday,
46,08/05/2021 15:00,Riverside Stadium,Middlesbrough,Wycombe Wanderers,
46,08/05/2021 15:00,City Ground,Nottingham Forest,Preston North End,
46,08/05/2021 15:00,Kiyan Prince Foundation Stadium,Queens Park Rangers,Luton Town,
46,08/05/2021 15:00,Madejski Stadium,Reading,Huddersfield Town,
46,08/05/2021 15:00,Vicarage Road,Watford,Swansea City,
